tree
version=v4
num_class=1
num_tree_per_iteration=1
label_index=0
max_feature_idx=131
objective=binary sigmoid:1
feature_names=Column_0 Column_1 Column_2 Column_3 Column_4 Column_5 Column_6 Column_7 Column_8 Column_9 Column_10 Column_11 Column_12 Column_13 Column_14 Column_15 Column_16 Column_17 Column_18 Column_19 Column_20 Column_21 Column_22 Column_23 Column_24 Column_25 Column_26 Column_27 Column_28 Column_29 Column_30 Column_31 Column_32 Column_33 Column_34 Column_35 Column_36 Column_37 Column_38 Column_39 Column_40 Column_41 Column_42 Column_43 Column_44 Column_45 Column_46 Column_47 Column_48 Column_49 Column_50 Column_51 Column_52 Column_53 Column_54 Column_55 Column_56 Column_57 Column_58 Column_59 Column_60 Column_61 Column_62 Column_63 Column_64 Column_65 Column_66 Column_67 Column_68 Column_69 Column_70 Column_71 Column_72 Column_73 Column_74 Column_75 Column_76 Column_77 Column_78 Column_79 Column_80 Column_81 Column_82 Column_83 Column_84 Column_85 Column_86 Column_87 Column_88 Column_89 Column_90 Column_91 Column_92 Column_93 Column_94 Column_95 Column_96 Column_97 Column_98 Column_99 Column_100 Column_101 Column_102 Column_103 Column_104 Column_105 Column_106 Column_107 Column_108 Column_109 Column_110 Column_111 Column_112 Column_113 Column_114 Column_115 Column_116 Column_117 Column_118 Column_119 Column_120 Column_121 Column_122 Column_123 Column_124 Column_125 Column_126 Column_127 Column_128 Column_129 Column_130 Column_131
feature_infos=[0.016775029337513486:0.27810375137800025] [-0.15716396337466787:0.37665664088123357] [-0.22216082344891228:0.2585827854454314] [-0.18073106161740157:0.29692571360134845] [-0.29986010616200687:0.27743322187462827] [-0.22186161678337094:0.32247608100075748] [-0.20053659357617223:0.30015505146651589] [-0.21134644883948553:0.24527598891021501] [-0.17644026818501599:0.27103498216846961] [-0.24142573185124139:0.40249579973005828] [-0.20885699613869274:0.39021373841346363] [-0.2138513251084273:0.30837249727626664] [-0.20213287996959065:0.24205978616806581] [-0.2011316938714923:0.22957641874914936] [-0.16509150016424987:0.27962327401919612] [-0.38049397174210192:0.27636122708320338] [-0.27110178209886709:0.23496708662273133] [-0.17993107278832451:0.25610412409819588] [-0.19752137832569858:0.20597524264530725] [-0.26119960022870131:0.23011911687067488] [-0.16071778378324394:0.25716205354839045] [-0.18249216337229468:0.18184448614637172] [-0.17603003050544463:0.21784862992710829] [-0.16057037091474285:0.28235189482562173] [-0.25786948117642194:0.17738973607092126] [-0.2250056307462574:0.19717730949604426] [-0.13795488769283998:0.46025839053837903] [-0.19403003919992537:0.21238481032209272] [-0.17895404397549916:0.19182314577643142] [-0.19641311669831008:0.29133360981053463] [-0.19489598930349622:0.17694595099395863] [-0.22306308127883034:0.2232139497342612] [-0.16130706732710193:0.17820839411636236] [-0.16820031827076487:0.17774270085000998] [-0.15427340229155623:0.18886776605698372] [-0.21202836084465793:0.19121151083842808] [-0.166914988341413:0.17213149117996118] [-0.19531736268166308:0.17541964877276697] [-0.16302080769342148:0.20348346275467064] [-0.20114752627527718:0.16510803448191597] [-0.15256404638503349:0.20858715739727407] [-0.17812950080996748:0.19184426119397666] [-0.15405115115090176:0.21614077517399646] [-0.16913613398617505:0.31432862004300943] [-0.123570260971109:0.21198477002498844] [-0.15244552449103496:0.17288576427087932] [-0.19297715899843743:0.17432038221409371] [-0.18850416864181985:0.17470580894275153] [-0.17034668952561507:0.1755787163438042] [-0.16809487912236437:0.18224506673230598] [-0.15019281317697347:0.18567787149516521] [-0.1624325189984413:0.15891475343090966] [-0.16844341325650478:0.17325392284884358] [-0.16516195898114419:0.17815987130721372] [-0.13513033393198606:0.17323622727064683] [-0.21667336364342116:0.21692795195916958] [-0.12755406238480516:0.19440397303293588] [-0.16240977468823067:0.16074563303684147] [-0.13688480909516748:0.14701810449148575] [-0.19800185065132703:0.15354996784286032] [-0.15737245731752803:0.22828645168459835] [-0.14275736302785369:0.15300492578459879] [-0.15201567583017278:0.19342255022103599] [-0.13427038035677891:0.17732980043476745] [-0.21467156630553375:0.1784327726690845] [-0.13471404687638025:0.14951278371064833] [-0.16372779086706726:0.1741521003803789] [-0.15558551825744044:0.13792375495181244] [-0.14350175345111416:0.18926801090845974] [-0.12208739004412464:0.1693732486227372] [-0.18119544111276109:0.17297328133258189] [-0.16879059493955584:0.15623286807624609] [-0.12838265576615709:0.16125180970146746] [-0.16218403518146543:0.149100261874827] [-0.16859471186864344:0.16219987317192058] [-0.14957945164246939:0.14763122405123391] [-0.14081107201385731:0.16653791874244048] [-0.13890032486048332:0.12926258238572222] [-0.14345095931307883:0.14270649318235459] [-0.13730610782281702:0.16513006802115754] [-0.15086892556983489:0.1926935112230922] [-0.1268464455913349:0.1719452082288688] [-0.1613814704210948:0.17224485898804859] [-0.15895713646067772:0.15490228653349622] [-0.12129673391815091:0.17467991936470748] [-0.12449216896754667:0.16151489725548523] [-0.12284201712832582:0.16647357635973764] [-0.13648490062193608:0.14483439940063414] [-0.14540706288526262:0.17165157856398147] [-0.15799296959546924:0.14805784245227843] [-0.13732289193699465:0.13472605850621755] [-0.13210727936470695:0.15844034719202432] [-0.17389837898886212:0.20605808601051429] [-0.13788841953726252:0.14223200432651126] [-0.13116263136757905:0.160772183828641] [-0.14011133683596239:0.14117883232016107] [-0.15773666523561966:0.11462394244751983] [-0.13499587564850019:0.16860464305524056] [-0.15688687620479125:0.15581411582243457] [-0.13119553870387468:0.15407507823267388] [-0.13143178590592924:0.15920959438300458] [-0.15017871268182537:0.18447338469197275] [-0.13874276079330541:0.12401984022440844] [-0.16153063044894078:0.13424238802983021] [-0.13451617406522234:0.13894778631864471] [-0.11038640504315135:0.14537861251798476] [-0.10692414140365229:0.13798389731127647] [-0.13969791438070051:0.11431066761985534] [-0.14211290868102641:0.14700906375748077] [-0.12128162888822429:0.14639701342595246] [-0.13044486758695872:0.14767936203345608] [-0.13600793726535704:0.15564445990164555] [-0.12295820544906455:0.12421301916320239] [-0.13836298269827391:0.14347166003235801] [-0.12727175504448252:0.12184241815761786] [-0.12849374652877812:0.13323089530134766] [-0.11765321030515968:0.12849453371171329] [-0.11468113652525726:0.13981569281085779] [-0.13265451460749256:0.14239476415190261] [-0.13116149281539705:0.12955671479914641] [-0.13064955455831992:0.1496992742134754] [-0.16367975742042287:0.11931992439135224] [-0.13704606275887521:0.15237650916643394] [-0.12994570294400368:0.15713781517770825] [-0.12049889012772928:0.15268650634489636] [-0.12778513797272592:0.13411670349423549] [-0.12077465454988845:0.12377923408842273] [-0.1214685354613515:0.12663765681339328] [-0.72427197547464117:3.1592572421079677] [-0.46388562536224309:2.1557037884480708] [-1.6363458003933173:2.1807748704307199] none
tree_sizes=1728 1748 1746 1754 1753 1743 1753 1755 1752 1739 1748 1761 1753 1760 1755 1746 1751 1746 1756 1757 1759 1744 1754 1755 1750 1763 1752 1749 1749 1764 1751 1752 1745 1743 1758 1761 1757 1755 1759 1757 1754 1758 1748 1756 1763 1748 1760 1754 1746 1754 1755 1758 1753 1760 1753 1757 1747 1764 1756 1748 1755 1747 1759 1738 1754 1750 1762 1755 1753 1758 1754 1759 1754 1751 1764 1758 1752 1748 1746 1757 1757 1750 1753 1759 1752 1755 1754 1765 1757 1748 1756 1749 1757 1750 1751 1760 1762 1755 1758 1759 1764 1746 1749 1749 1751 1767 1762 1762 1756 1749 1760 1756 1763 1756 1752 1764 1754 1758 1750 1748 1769 1765 1747 1756 1756 1756 1762 1756 1750 1765 1759 1755 1763 1747 1762 1753 1763 1759 1758 1745 1751 1754 1746 1765 1744 1753 1756 1756 1759 1750 1747 1755 1764 1756 1746 1759 1759 1754 1757 1759 1762 1756 1748 1755 1762 1758 1760 1758 1750 1755 1763 1753 1757 1754 1755 1743 1750 1751 1764 1761 1750 1758 1755 1768 1758 1762 1751 1758 1763 1752 1755 1755 1760 1762 1758 1761 1768 1756 1747 1758

Tree=0
num_leaves=15
num_cat=0
split_feature=129 128 0 50 109 98 43 70 126 50 0 113 61 46
split_gain=108.642 17.6435 17.2129 15.1545 14.5366 13.2566 13.9834 12.71 14.5692 11.1397 10.9743 11.4518 10.7156 10.3207
threshold=1.0000000180025095e-35 -0.48155139937572805 0.15820797443705117 -0.011197115120850911 0.047159745431053349 0.021031313284711813 0.021541296239170577 0.0032479549210426575 -0.016872831544136022 -0.057780296474899566 0.1007851185319593 -0.018291889335896195 0.0055319440010123937 -0.03566069417530577
decision_type=2 2 2 2 2 2 2 2 2 2 2 2 2 2
left_child=1 2 5 -4 9 13 7 8 -7 -3 11 -2 -5 -1
right_child=10 4 3 12 -6 6 -8 -9 -10 -11 -12 -13 -14 -15
leaf_value=-0.11952187081428561 -0.043197897091586196 -0.12198110126795142 -0.055144872910483603 -0.095948390322717708 -0.11771843514826402 -0.049776756791614002 -0.058356084801681446 -0.20418966214763687 -0.16203142579908023 -0.17490129106970612 -0.061738319882573459 -0.14469337634582247 -0.17248832167769282 -0.16913375931005328
leaf_weight=12.93826764822006 3.9810054302215567 10.947764933109282 10.201326414942743 9.9525135755538958 14.928770363330839 5.2250696271657979 7.2155723422765723 5.4738824665546408 6.4691338241100329 108.48239797353745 41.800557017326355 9.2060750573873502 8.4596365392208082 55.236450344324112
leaf_count=52 16 44 41 40 60 21 29 22 26 436 168 37 34 222
internal_value=-0.138039 -0.151759 -0.137924 -0.10403 -0.164236 -0.148402 -0.116762 -0.141309 -0.111875 -0.17005 -0.0742844 -0.114053 -0.131115 -0.159718
internal_weight=310.518 255.531 121.172 28.6135 134.359 92.5584 24.3837 17.1681 11.6942 119.43 54.9876 13.1871 18.4122 68.1747
internal_count=1248 1027 487 115 540 372 98 69 47 480 221 53 74 274
is_linear=0
shrinkage=1


Tree=1
num_leaves=15
num_cat=0
split_feature=129 128 0 98 105 76 106 128 3 83 14 22 101 12
split_gain=97.8091 15.9677 15.5195 11.9751 11.1285 11.1179 10.9751 10.3575 10.3544 9.66524 10.7417 10.1857 9.52714 12.7978
threshold=1.0000000180025095e-35 -0.48155139937572805 0.15820797443705117 0.021031313284711813 -0.005660386328212196 0.076888480151242847 0.010399978846289471 -0.48155139937572805 -0.038663411108919396 0.022904228253269109 -0.02786179984894854 -0.033961763278177258 0.020523469804404944 -0.005341465853110741
decision_type=2 2 2 2 2 2 2 2 2 2 2 2 2 2
left_child=1 2 3 12 -5 9 -4 -2 -9 -3 -11 -12 -1 -14
right_child=7 5 6 4 -6 -7 -8 8 -10 10 11 -13 13 -15
leaf_value=-0.031801693441327487 0.084858341302756699 -0.036695192533324726 0.055714604904088784 0.0583472702651344 -0.0097004628548752123 0.052571706920992646 -0.0085590099318782944 0.065365389199414661 0.0065766316191134119 0.037930394911667303 0.045306744318469983 -0.0347720456684611 -0.029298209448329001 0.055419638157348551
leaf_weight=50.171666383743286 24.220875829458237 89.86587418615818 18.19701719284058 10.717779725790026 13.673391357064245 4.4718619585037223 10.459303021430967 18.221746206283573 12.717269465327261 9.9389752000570279 4.7178200334310558 25.083449438214302 9.442158520221712 8.4448327124118787
leaf_count=202 97 362 73 43 55 18 42 73 51 40 19 101 38 34
internal_value=-3.55863e-06 -0.0130539 0.000106193 -0.00985894 0.0202005 -0.0249408 0.0322553 0.0603709 0.0412007 -0.0276153 -0.00708261 -0.0220948 -0.0206318 0.0106989
internal_weight=310.344 255.184 121.106 92.4498 24.3912 134.078 28.6563 55.1599 30.939 129.606 39.7402 29.8013 68.0587 17.887
internal_count=1248 1027 487 372 98 540 115 221 124 522 160 120 274 72
is_linear=0
shrinkage=0.05


Tree=2
num_leaves=15
num_cat=0
split_feature=129 128 0 50 105 37 3 49 42 76 118 110 52 63
split_gain=88.2307 14.4594 13.9996 13.3622 11.3847 13.8773 12.7464 10.7481 12.1007 10.039 9.78797 9.77287 12.288 9.53904
threshold=1.0000000180025095e-35 -0.48155139937572805 0.15820797443705117 -0.011197115120850911 0.013420924315212236 0.036470069006121222 -0.05174347807921318 -0.00067586670595128995 0.026244904822382464 0.076888480151242847 -0.033237367511869557 0.018594146352632582 0.0055808219615321184 -0.068081062888199914
decision_type=2 2 2 2 2 2 2 2 2 2 2 2 2 2
left_child=1 2 4 -4 5 6 -1 -8 -9 13 -6 12 -5 -3
right_child=-2 9 3 11 10 -7 7 8 -10 -11 -12 -13 -14 -15
leaf_value=0.095532243623080548 0.057296034018315581 0.030722420870642739 0.076383724357163896 -0.021451880374829292 0.017185546000539672 -0.055268141212307734 0.034168371566482822 -0.040111689417181448 0.037806650040414481 0.04976827188488165 -0.04482358141726478 -0.067087215657690921 0.06996922325730015 -0.029541486455787126
leaf_weight=4.4780587852001181 55.211786448955536 6.938919633626937 10.247464850544931 7.4741053581237811 8.1914108842611295 8.1779777556657773 19.616805285215374 16.129768654704101 7.2101310789585105 4.4871424734592429 28.524177268147469 3.7323963940143576 7.232263058423996 122.32672046124935
leaf_count=18 221 28 41 30 33 33 79 65 29 18 115 15 29 494
internal_value=-5.95194e-06 -0.0124241 9.87819e-05 0.0306086 -0.00938056 0.0048854 0.0152562 0.0068877 -0.0160413 -0.0237544 -0.0309891 0.00516879 0.023507 -0.0263065
internal_weight=309.979 254.767 121.015 28.6862 92.3283 55.6127 47.4348 42.9567 23.3399 133.753 36.7156 18.4388 14.7064 129.266
internal_count=1248 1027 487 115 372 224 191 173 94 540 148 74 59 522
is_linear=0
shrinkage=0.05


Tree=3
num_leaves=15
num_cat=0
split_feature=129 0 63 50 113 27 23 52 83 77 114 125 112 31
split_gain=79.6917 13.7639 14.2874 11.2154 11.3615 11.7401 11.6188 9.69094 13.4468 14.8843 9.71614 9.55501 9.8293 13.7703
threshold=1.0000000180025095e-35 0.10526445920652423 -0.063360536498017858 -0.017775374410099246 -0.029989405261227307 0.020025257087923614 -0.00737219037188022 0.006906918494415425 -0.0034845909154009994 0.015145677762764497 -0.0024250823590757252 -0.067484755489348555 -0.030830641439512939 0.041781304883913115
decision_type=2 2 2 2 2 2 2 2 2 2 2 2 2 2
left_child=1 2 -1 4 -4 -6 -7 -3 -9 -10 -11 -5 -13 -14
right_child=-2 7 3 11 5 6 -8 8 9 10 -12 12 13 -15
leaf_value=0.043576965136468408 0.054454445359503015 -0.013371891650945123 0.051282608642082977 0.02591073600533636 -0.044142334870310225 -0.031580097264684373 0.085890761950144001 -0.013567547086460836 0.053760151533837466 0.041665172650817692 -0.050648381496885386 -0.083839189856075066 -0.048572787617623812 0.026902609989044032
leaf_weight=6.9515385180711737 55.188468530774117 83.487068399786949 6.6759982109069815 4.70054106414318 18.28333388268948 4.2059849351644516 4.2138136923313123 28.473059102892876 25.321306228637695 4.7253002524375916 7.1837126165628415 14.578630715608595 38.277531057596207 7.1762575060129157
leaf_count=28 221 337 27 19 74 17 17 115 102 19 29 59 155 29
internal_value=-7.90952e-06 -0.0118295 -0.0256923 -0.0306003 -0.00705843 -0.0216442 0.0272099 -0.00206699 0.0122978 0.0320791 -0.0140199 -0.0427395 -0.0481148 -0.0366567
internal_weight=309.443 254.254 105.064 98.1121 33.3791 26.7031 8.4198 149.19 65.7034 37.2303 11.909 64.733 60.0324 45.4538
internal_count=1248 1027 425 397 135 108 34 602 265 150 48 262 243 184
is_linear=0
shrinkage=0.05


Tree=4
num_leaves=15
num_cat=0
split_feature=129 87 0 108 74 41 0 37 50 111 4 96 111 124
split_gain=72.0732 13.3368 12.4578 13.7642 11.8509 11.0349 10.576 10.5459 13.1573 12.0584 10.6103 10.4785 11.7539 9.74928
threshold=1.0000000180025095e-35 -0.087453032147601764 0.10668042705443261 0.054538922952121892 -0.028661998869045201 -0.037773827315203047 0.177688121562044 -0.0013510146582372032 -0.02547651031180476 0.019795633836010944 0.03089588678263757 -0.020469944416633423 -0.021355953899151587 0.0099897945955781074
decision_type=2 2 2 2 2 2 2 2 2 2 2 2 2 2
left_child=1 -1 5 4 11 -3 -6 -7 10 -10 -9 -4 -13 -14
right_child=-2 2 3 -5 6 7 -8 8 9 -11 -12 12 13 -15
leaf_value=0.05970377568988762 0.051833370653328541 -0.06163096014491988 0.063904688870963719 0.048566316813605293 -0.022626166281041162 -0.0018954507406040981 0.025419238239395375 0.031661695536476325 -0.076134460428475825 -0.0016666532797928344 -0.065581740914003581 -0.05811057552959429 0.059300082496341978 -0.022409017070111864
leaf_weight=6.4520918130874625 55.082663178443909 18.189483940601349 9.1782873868942279 11.649225652217863 87.852229729294777 44.636757805943489 13.171209961175917 9.6625049859285337 20.610618054866794 7.3836782574653617 3.9525230824947348 6.1740895956754729 8.4398500621318764 6.4334612935781488
leaf_count=26 221 74 37 47 355 181 53 39 84 30 16 25 34 26
internal_value=-1.0358e-05 -0.0112627 -0.013114 -0.00352086 -0.00814394 -0.0262402 -0.0163621 -0.0187762 -0.0368852 -0.0564931 0.00343135 0.0193237 -0.000117052 0.0239568
internal_weight=308.869 253.786 247.334 142.898 131.249 104.436 101.023 86.2461 41.6093 27.9943 13.615 30.2257 21.0474 14.8733
internal_count=1248 1027 1001 577 530 424 408 350 169 114 55 122 85 60
is_linear=0
shrinkage=0.05


Tree=5
num_leaves=15
num_cat=0
split_feature=0 54 63 77 115 4 3 13 26 9 76 77 35 70
split_gain=25.9539 13.118 14.7014 12.8967 10.4785 12.1767 11.3887 9.99877 10.8105 9.36895 8.98075 10.5424 8.88664 14.566
threshold=0.10668042705443261 -0.059849303571589109 -0.063360536498017858 0.072432036049174683 0.070425343587700515 -0.065397097210994765 -0.041207804406755581 0.0035515042534949612 -0.025799141992984189 0.011563959079497274 0.078866153388520169 0.045706891126687653 -0.0025823302996031135 -0.02034439143907479
decision_type=2 2 2 2 2 2 2 2 2 2 2 2 2 2
left_child=1 -1 -3 -4 5 -2 7 8 -7 -10 11 12 -8 -14
right_child=4 2 3 -5 -6 6 10 -9 9 -11 -12 -13 13 -15
leaf_value=0.039689246368240644 0.038488997099121743 0.047714800607697685 -0.03084363642337731 0.058498569174106591 0.081676063575942606 -0.049381314018543801 0.013634788911371319 0.043839478299677083 -0.0052201719347735702 0.079648119223542035 0.065637635046175244 -0.050579722999112064 0.028515218786982918 -0.037489744473578654
leaf_weight=9.1240927875041944 30.545832082629204 6.9648347198963156 101.41355238854885 4.2068357765674582 5.2022368907928458 7.6710517108440426 42.819824442267418 27.246547013521194 9.4047368168830854 4.9706417173147193 4.2261546552181235 13.07831025123596 11.641230776906012 29.640800431370735
leaf_count=37 123 28 413 17 21 31 173 110 38 20 17 53 47 120
internal_value=-1.26541e-05 -0.0179725 -0.0226455 -0.0272852 0.0117112 0.00970298 0.00386822 0.023583 -0.00145142 0.0241251 -0.005715 -0.00881797 -0.00232378 -0.0188768
internal_weight=308.157 121.709 112.585 105.62 186.447 181.245 150.699 49.293 22.0464 14.3754 101.406 97.1802 84.1019 41.282
internal_count=1248 495 458 430 753 732 609 199 89 58 410 393 340 167
is_linear=0
shrinkage=0.05


Tree=6
num_leaves=15
num_cat=0
split_feature=129 50 87 0 22 109 27 52 82 110 17 98 22 44
split_gain=63.4409 12.0621 13.7733 12.304 12.1235 15.4948 12.75 10.7648 11.6066 11.4417 11.0337 9.84304 9.77714 10.0782
threshold=1.0000000180025095e-35 -0.017775374410099246 -0.059797696918346854 0.10526445920652423 0.018551389016031952 -0.038759044324332907 -0.039087134092379433 0.006906918494415425 -0.027973387114998253 0.018594146352632582 0.025877841818056298 -0.013774314403046422 0.033399486617219025 0.050975037381250109
decision_type=2 2 2 2 2 2 2 2 2 2 2 2 2 2
left_child=1 2 -1 -3 5 -4 -7 8 10 11 -5 -9 -6 -14
right_child=-2 3 4 7 12 6 -8 9 -10 -11 -12 -13 13 -15
leaf_value=0.065992117140553322 0.048756390649083436 -0.035232761790111519 -0.054784567178396075 0.047097409153724054 -0.066182855551154274 -0.035991826559252836 0.037282837117877464 -0.017216497168241886 -0.036362556364553898 -0.031351618259520625 -0.043302249754206795 0.044166709928366361 -0.022988678433228465 0.067842466126524045
leaf_weight=8.2047751694917661 54.803719848394394 66.328991055488586 7.1324743479490271 9.6562855392694456 10.345775887370111 7.1451344341039649 35.101169466972351 9.1482448726892489 39.481212019920349 11.607379645109175 5.1894062012433997 22.826481088995934 16.991085231304172 3.7230670154094687
leaf_count=33 221 272 29 39 42 29 142 37 160 47 21 92 69 15
internal_value=-1.38285e-05 -0.0105832 0.00428088 -0.0186057 -0.00201369 0.0133814 0.0248899 -0.00734156 -0.0221909 0.0111688 0.0154976 0.0266044 -0.0264886 -0.0066631
internal_weight=307.685 252.881 88.6435 164.238 80.4387 49.3788 42.2463 97.909 54.3269 43.5821 14.8457 31.9747 31.0599 20.7142
internal_count=1248 1027 359 668 326 200 171 396 220 176 60 129 126 84
is_linear=0
shrinkage=0.05


Tree=7
num_leaves=15
num_cat=0
split_feature=129 83 117 77 36 128 32 3 35 98 121 37 27 113
split_gain=57.5156 11.8592 11.631 13.752 9.45816 9.4212 10.2478 10.5407 9.14129 9.01615 9.50157 9.20655 13.5678 8.33227
threshold=1.0000000180025095e-35 0.022904228253269109 -0.045270654576846044 0.0021355608102729203 -0.028225185719973331 -0.48155139937572805 -0.047650425036789214 -0.037119852781145109 -0.0067618131913887271 0.0042454610645162672 0.052583575325447864 -0.013836071797318092 0.022573549083473889 -0.009812811646557203
decision_type=2 2 2 2 2 2 2 2 2 2 2 2 2 2
left_child=1 2 3 -1 -4 -2 -7 -8 -9 10 -6 13 -13 -11
right_child=5 -3 4 -5 9 6 7 8 -10 11 -12 12 -14 -15
leaf_value=0.055913948892820725 0.070102184663353148 0.0077784288307877411 -0.040291423066554699 -0.033943609713899883 -0.032014606690362067 -0.037535442329688556 0.066867172743398234 0.057749678512170104 -0.038320261205068484 -0.02414642027642808 0.034397052662695903 -0.030512597018036366 0.040467235031651928 0.050389377441958996
leaf_weight=11.116191104054453 23.861049845814705 67.910015717148781 45.281820714473724 6.901386395096778 59.770709022879601 4.9670180380344418 15.518572524189953 4.2250215113162994 5.9818763583898509 5.1777458190917995 5.9191094040870658 27.677007749676704 8.8967492729425413 13.592869758605955
leaf_count=45 97 276 185 28 244 20 63 17 24 21 24 113 36 55
internal_value=-1.53704e-05 -0.0100833 -0.0166637 0.0214952 -0.0207975 0.0465363 0.0282157 0.0409108 0.00144672 -0.0135044 -0.0260305 0.00136313 -0.0132464 0.0298292
internal_weight=306.797 252.244 184.334 18.0176 166.316 54.5535 30.6925 25.7255 10.2069 121.034 65.6898 55.3444 36.5738 18.7706
internal_count=1248 1027 751 73 678 221 124 104 41 493 268 225 149 76
is_linear=0
shrinkage=0.05


Tree=8
num_leaves=15
num_cat=0
split_feature=129 128 105 31 109 123 48 24 3 37 11 19 40 50
split_gain=52.2502 11.0432 11.3317 11.6257 11.2864 11.0564 10.3256 10.3777 10.1497 10.372 9.31071 10.1725 8.95504 8.82308
threshold=1.0000000180025095e-35 -0.48155139937572805 0.014767026062757678 0.042240045553630243 0.047159745431053349 -0.0032321161736693161 0.0083901963221422408 -0.0077286575015768121 -0.05085987617245382 -0.056212048425658211 0.0018834187388024725 -0.027380853383640359 0.023917264681265756 -0.057780296474899566
decision_type=2 2 2 2 2 2 2 2 2 2 2 2 2 2
left_child=1 2 3 8 13 -4 7 -7 -1 -10 11 -11 -13 -3
right_child=-2 4 5 -5 -6 6 -8 -9 9 10 -12 12 -14 -15
leaf_value=0.060147379087553146 0.044528731198306228 0.018084567385684796 -0.046626723377954593 0.056629100497543189 0.021493142127764722 -0.020980236557159915 -0.032444642770432103 0.072681324663577435 0.052298699209641225 -0.034770415315153 -0.03627421710954918 0.0076652057283854921 0.084259364276797727 -0.029193790402665995
leaf_weight=7.2070784866809836 54.177555099129677 10.879878684878348 19.837515383958817 12.638037875294684 14.837632924318312 4.9167203456163406 10.304805934429167 7.4216541051864642 7.4408711791038504 9.599910303950308 21.070130154490471 14.303101152181631 5.2046817988157263 106.11898656189442
leaf_count=29 221 44 81 51 60 20 42 30 30 39 86 58 21 436
internal_value=-1.47905e-05 -0.00959954 0.0013787 0.0127595 -0.0195875 -0.0193743 0.0045014 0.0353581 0.00420695 -0.00279021 -0.0109593 0.00736529 0.0281005 -0.0247973
internal_weight=305.959 251.781 119.945 77.4638 131.836 42.4807 22.6432 12.3384 64.8258 57.6187 50.1778 29.1077 19.5078 116.999
internal_count=1248 1027 487 314 540 173 92 50 263 234 204 118 79 480
is_linear=0
shrinkage=0.05


Tree=9
num_leaves=15
num_cat=0
split_feature=0 31 112 54 63 86 112 77 60 98 98 75 115 87
split_gain=20.2094 12.7926 11.6668 11.3764 12.2089 12.6149 12.5027 12.0473 10.0726 9.89031 9.54805 9.26364 8.96756 8.47981
threshold=0.10668042705443261 0.039031439627774202 -0.018655819357089234 -0.066678579654131306 0.0016168033895070783 0.01307394103636675 0.005385736902482609 0.061021806587354045 0.013276179711080865 0.019785763843825344 -0.015848386115946203 -0.013348910105884342 0.070425343587700515 -0.063016788141884897
decision_type=2 2 2 2 2 2 2 2 2 2 2 2 2 2
left_child=1 3 -3 -1 5 6 9 -6 -7 -5 -4 -8 13 -2
right_child=12 2 10 4 7 8 11 -9 -10 -11 -12 -13 -14 -15
leaf_value=0.059563677819650621 0.052537796303602224 -0.034981545707811125 -0.017094419954427884 -0.045610200151346147 -0.053342874137192867 -0.066473715760738419 0.00011305279043725389 0.041169825136675199 0.0025616539351683209 0.037416020053889269 0.069002990118353341 0.093080387403571371 0.075594057956606245 0.0058266518271473389
leaf_weight=3.9329306483268729 10.30748577415943 7.0418822318315533 4.6251304447650936 9.8830432593822497 42.032925516366959 12.768179640173914 4.60672427713871 3.6657676398754111 9.0138138234615308 5.6303487271070471 10.60047578811645 6.4051647037267667 5.1233860552310935 169.29799097776413
leaf_count=16 42 29 19 41 174 53 19 15 37 23 43 26 21 690
internal_value=-1.53717e-05 -0.0159722 0.0182358 -0.0237497 -0.0272353 -0.0097096 0.0134443 -0.0457614 -0.0379055 -0.0154771 0.0428489 0.0541883 0.010368 0.00850739
internal_weight=304.935 120.206 22.2675 97.9389 94.006 48.3073 26.5253 45.6987 21.782 15.5134 15.2256 11.0119 184.729 179.605
internal_count=1248 495 91 404 388 199 109 189 90 64 62 45 753 732
is_linear=0
shrinkage=0.05


Tree=10
num_leaves=15
num_cat=0
split_feature=129 83 117 91 76 58 128 32 3 14 33 37 72 92
split_gain=46.7638 10.5568 9.98218 12.3477 10.3254 9.1145 8.57758 9.22275 9.51828 8.82609 7.87865 10.5563 10.5423 9.2315
threshold=1.0000000180025095e-35 0.022904228253269109 -0.045270654576846044 0.0098156989545519439 0.078866153388520169 0.034942633041931188 -0.48155139937572805 -0.047650425036789214 -0.037119852781145109 -0.00051959249627600926 -0.024549983608713025 0.0018181893715239377 0.014041881640488087 0.0040131174208108853
decision_type=2 2 2 2 2 2 2 2 2 2 2 2 2 2
left_child=1 2 3 -1 5 -4 -2 -8 -9 -10 12 -12 -3 -13
right_child=6 10 4 -5 -6 -7 7 8 9 -11 11 13 -14 -15
leaf_value=0.052553073261477991 0.065071647542470801 -0.051271157427923569 -0.015665503699625535 -0.032691164460693256 0.045480022011954356 -0.045713989594073939 -0.037564316111881907 0.061958556030244444 -0.039622372459356348 0.05505353656893433 0.038432783537049424 -0.038397849931754616 0.02765432928208016 0.026526816558557556
leaf_weight=11.131428152322771 23.38083615899086 10.935917228460314 127.54768441617489 6.8699245303869239 5.9494018107652655 31.461323246359825 4.9626681506633785 15.233414560556415 5.9623855352401733 4.1926897913217509 27.850844278931618 11.661314636468889 6.9008821845054618 10.320862665772436
leaf_count=45 97 45 524 28 24 130 20 63 24 17 113 48 28 42
internal_value=-1.76449e-05 -0.0090923 -0.0153331 0.020021 -0.0191912 -0.0216109 0.0423105 0.0247766 0.0369624 -0.000533867 0.00778098 0.017988 -0.0207357 -0.00791504
internal_weight=304.362 250.63 182.96 18.0014 164.958 159.009 53.732 30.3512 25.3885 10.1551 67.6698 49.833 17.8368 21.9822
internal_count=1248 1027 751 73 678 654 221 124 104 41 276 203 73 90
is_linear=0
shrinkage=0.05


Tree=11
num_leaves=15
num_cat=0
split_feature=128 86 123 14 100 109 33 104 41 13 79 124 10 31
split_gain=14.0824 10.053 11.7473 12.0847 11.3142 11.2196 12.8539 10.9891 10.7514 9.80228 11.0579 9.38929 8.66004 12.2879
threshold=-0.48155139937572805 -0.050688459093246284 0.051256709106150745 0.072088635075054627 0.0091285181951782472 -0.036418716692371816 -0.017046482502783577 0.026627298183028589 0.022312790691215469 0.017893606925638406 0.054289269431127329 0.0028569334421133046 -0.038653210459705843 0.029387996058891582
decision_type=2 2 2 2 2 2 2 2 2 2 2 2 2 2
left_child=12 7 3 4 9 -6 -7 -2 -8 -3 -11 -10 -1 -14
right_child=1 2 -4 -5 5 6 8 -9 11 10 -12 -13 13 -15
leaf_value=0.032751500799491788 0.048095708459755415 -0.034389224438235166 -0.062269857518809202 -0.079659314526631997 -0.040377688626347934 -0.017076105506446917 0.061001012434686322 -0.039877370783434951 -0.049957795581516203 -0.0092580780433184229 0.081720214571483207 0.051561403649003516 -0.0052468413358993269 0.034441993205330333
leaf_weight=35.700483247637749 13.407606467604639 44.435154840350151 11.860141694545744 5.9925429522991172 8.9491296857595426 14.680531993508337 19.880388081073765 4.8280872702598563 5.0706485062837583 23.762346014380459 3.8861504197120658 4.1348612010478973 81.046021491289139 25.681938201189041
leaf_count=146 55 184 49 25 37 61 81 20 21 98 16 17 333 105
internal_value=-1.63603e-05 -0.0101531 -0.0146218 -0.0103011 -0.00697067 0.0106339 0.0210645 0.0248039 0.0403152 -0.0198451 0.00352943 -0.00435817 0.0114341 0.00430348
internal_weight=303.316 160.888 142.652 130.792 124.799 52.7156 43.7664 18.2357 29.0859 72.0837 27.6485 9.20551 142.428 106.728
internal_count=1248 664 589 540 515 217 180 75 119 298 114 38 584 438
is_linear=0
shrinkage=0.05


Tree=12
num_leaves=15
num_cat=0
split_feature=129 50 14 95 78 35 123 62 122 22 25 60 53 33
split_gain=41.9972 9.56861 9.6074 12.7474 12.1803 11.2337 9.55397 10.1055 8.28468 8.15422 8.51172 10.3882 10.262 8.70374
threshold=1.0000000180025095e-35 -0.017775374410099246 -0.028822063382505193 0.04075118586244917 -0.045128177313710764 0.053366107727166087 -0.021197085450391864 0.032273857593240453 -0.016203039174281907 -0.033849945690817944 -0.025256013766562221 -0.004112555795998861 0.02877446274459456 -0.015916687885595911
decision_type=2 2 2 2 2 2 2 2 2 2 2 2 2 2
left_child=1 9 3 5 8 6 -3 -8 -4 -1 -11 -12 13 -13
right_child=-2 2 4 -5 -6 -7 7 -9 -10 10 11 12 -14 -15
leaf_value=0.036941798099647975 0.040357735382869533 -0.042779008911102943 -0.0372970502687896 0.084722731591159839 -0.030222171311780094 -0.074428912867470221 0.0027998790278275479 0.076427434459620414 0.03371646901713863 -0.033966523218757337 -0.017324098404304371 -0.04887431300461649 0.074293310939690743 0.025637552784583968
leaf_weight=16.017435416579247 53.107130154967308 7.7580124139785758 5.8256669789552715 4.4419193863868704 99.471728906035423 5.0260595232248297 19.260867714881901 6.1478938460350028 13.922229990363119 16.549757868051529 24.54816098511219 5.0565299242734971 8.1756427437067014 17.424188479781151
leaf_count=65 221 32 24 18 412 21 79 25 57 68 101 21 33 71
internal_value=-1.78429e-05 -0.00860761 -0.0158164 0.00455411 -0.0231013 -0.0047697 0.00578639 0.0206148 0.0127673 0.00468574 -0.00251466 0.00691429 0.0263232 0.00887779
internal_weight=302.733 249.626 161.854 42.6348 119.22 38.1928 33.1668 25.4088 19.7479 87.7717 71.7543 55.2045 30.6564 22.4807
internal_count=1248 1027 668 175 493 157 136 104 81 359 294 226 125 92
is_linear=0
shrinkage=0.05


Tree=13
num_leaves=15
num_cat=0
split_feature=129 87 91 109 4 33 91 23 114 46 31 67 128 32
split_gain=38.1723 9.36442 8.65689 10.7411 8.88546 9.1767 8.13172 10.1965 13.5092 16.7153 8.113 10.7094 7.8554 8.04866
threshold=1.0000000180025095e-35 -0.087453032147601764 0.038631486277575476 -0.0089367817957287862 -0.0099835821848944916 -0.055082310368495216 -0.0056560661653269765 0.006121162988016386 -0.0021479843764304995 0.011196618220441301 -0.044018410348149746 1.0000000180025095e-35 -0.48155139937572805 -0.047650425036789214
decision_type=2 2 2 2 2 2 2 2 2 2 2 2 2 2
left_child=1 -1 4 -4 -3 -6 -7 8 9 -8 -5 -12 -2 -14
right_child=12 2 3 10 5 6 7 -9 -10 -11 11 -13 13 -15
leaf_value=0.051559331161582157 0.060750714321992742 0.008199350769147358 -0.061908402532733275 -0.072856051355035825 -0.04988157929339973 -0.021159494436134824 -0.047793949939759578 -0.019814629137560512 0.055843061286627672 0.05989433764698341 0.048697309532800555 -0.03242071709768813 -0.036337195216733884 0.033358707020776458
leaf_weight=6.3869311958551398 22.791310653090477 73.192742258310318 16.601891204714775 3.8494673371315029 15.331010118126867 62.114107146859169 10.093217045068743 23.432233437895775 16.095375016331673 5.6042433828115454 8.0822164267301577 8.1939623802900297 4.966906592249873 24.953223988413811
leaf_count=26 97 300 69 16 64 257 42 97 66 23 33 34 20 104
internal_value=-1.86641e-05 -0.00820212 -0.00977552 -0.0321373 -0.005786 -0.0135016 -0.00874833 0.00521107 0.0236557 -0.00934752 -0.00757883 0.00785983 0.0386351 0.0217888
internal_weight=301.689 248.977 242.59 36.7275 205.863 132.67 117.339 55.2251 31.7928 15.6975 20.1256 16.2762 52.7114 29.9201
internal_count=1248 1027 1001 152 849 549 485 228 131 65 83 67 221 124
is_linear=0
shrinkage=0.05


Tree=14
num_leaves=15
num_cat=0
split_feature=129 83 117 91 58 98 70 90 82 54 117 118 90 30
split_gain=34.7622 9.02843 8.71797 8.63206 8.50715 8.61242 12.2226 8.08336 10.3117 7.71168 12.7411 7.68613 7.45773 9.31593
threshold=1.0000000180025095e-35 0.022904228253269109 -0.019838895905322729 0.034390778422011888 0.034942633041931188 0.011956654714377726 -0.016055398318294476 0.04219240420362122 -0.0077312109985127201 -0.0011819909369049752 0.0070019457495824949 -0.020902078069822059 0.010296168835202442 0.0176591359884672
decision_type=2 2 2 2 2 2 2 2 2 2 2 2 2 2
left_child=1 2 3 7 5 -4 9 8 -1 10 -7 -10 13 -8
right_child=-2 -3 4 -5 -6 6 12 -9 11 -11 -12 -13 -14 -15
leaf_value=0.05255944174227465 0.037066037672487395 0.0078373523718873097 -0.02565845166317637 -0.043105954533316115 -0.046104376519757614 0.069929244784580666 0.027594195153650358 -0.036976073196640168 0.042307729331069341 0.074248750551786785 -0.054076208530800508 -0.023844996886635227 -0.056505106147761365 -0.05074201698508312
leaf_weight=15.905000418424601 52.213577121496201 67.198709338903427 63.488286674022675 8.1477036476135236 25.890631794929504 3.9343873858451825 11.244170174002653 6.7720140665769568 6.6176966279745093 7.635745406150817 4.3745916932821274 13.048953935503965 8.3755964338779432 5.7289556562900534
leaf_count=65 221 276 264 34 109 16 46 28 27 31 18 54 35 24
internal_value=-1.88996e-05 -0.00781532 -0.0136213 0.00402382 -0.0204394 -0.0140978 0.00367669 0.0130925 0.0226243 0.0379757 0.00464165 -0.00158505 -0.0178979 0.0011533
internal_weight=300.576 248.362 181.164 50.4914 130.672 104.782 41.2934 42.3437 35.5717 15.9447 8.30898 19.6667 25.3487 16.9731
internal_count=1248 1027 751 208 543 434 170 174 146 65 34 81 105 70
is_linear=0
shrinkage=0.05


Tree=15
num_leaves=15
num_cat=0
split_feature=0 31 8 117 63 86 89 75 65 115 4 74 30 79
split_gain=15.7225 10.2905 8.86472 11.3384 8.82399 12.1927 9.42889 9.18267 8.72248 9.24736 9.86693 9.62441 8.75705 10.4016
threshold=0.10668042705443261 0.040433592445908544 -0.031174802678305882 0.0074469623717448282 0.0016168033895070783 0.01307394103636675 -0.048730280459532586 -0.039912617032242324 0.087389571873968522 0.070425343587700515 -0.065397097210994765 -0.03051740172380973 0.024586722324809716 0.015505121517580924
decision_type=2 2 2 2 2 2 2 2 2 2 2 2 2 2
left_child=1 4 3 -3 5 7 -6 -1 9 10 -2 12 -12 -14
right_child=8 2 -4 -5 6 -7 -8 -9 -10 -11 11 -13 13 -15
leaf_value=-0.050471291353623375 0.035554242555367536 0.029480722724526273 0.044513855622006521 -0.083017969257831101 0.028149821446472628 -0.034796874594365729 -0.044500741167602172 0.027836384990106364 -0.060923565633252574 0.079809713333287902 0.046355399270226194 -0.0032886186350205198 -0.048409303512195669 0.053105792975574821
leaf_weight=4.4554166942834881 29.128165826201439 5.0390219092369097 12.404862523078917 4.0317855477333069 4.9986295104026786 21.473023742437363 41.915941789746284 23.435681521892548 4.3287263959646216 4.7402027845382682 21.289063870906833 111.60227908194065 6.5314124822616559 4.1119849234819412
leaf_count=19 120 21 51 17 21 91 178 97 18 20 88 463 27 17
internal_value=-2.00041e-05 -0.0142521 0.017044 -0.0205226 -0.0212329 -0.00647637 -0.03676 0.0153273 0.00920179 0.0109129 0.00902142 0.00363699 0.0278416 -0.00918982
internal_weight=299.486 117.754 21.4757 9.07081 96.2787 49.3641 46.9146 27.8911 181.732 177.403 172.663 143.535 31.9325 10.6434
internal_count=1248 495 89 38 406 207 199 116 753 735 715 595 132 44
is_linear=0
shrinkage=0.05


Tree=16
num_leaves=15
num_cat=0
split_feature=129 50 87 22 109 27 56 14 123 61 22 25 84 62
split_gain=31.118 8.52731 9.60186 9.7577 12.873 11.0532 8.56129 10.6045 10.9472 9.92956 8.06699 8.5031 8.81071 7.99687
threshold=1.0000000180025095e-35 -0.017775374410099246 -0.059797696918346854 0.018551389016031952 -0.038759044324332907 -0.036264507776204165 0.064153085511817518 -0.028822063382505193 -0.010297191389337419 -0.023973303220218043 0.033399486617219025 -0.0025618551809868601 -0.01829336279029074 0.032273857593240453
decision_type=2 2 2 2 2 2 2 2 2 2 2 2 2 2
left_child=1 2 -1 4 -4 -6 7 8 9 -3 -5 -12 -13 -10
right_child=-2 6 3 10 5 -7 -8 -9 13 -11 11 12 -14 -15
leaf_value=0.057091647784216604 0.035280765850487561 0.031815949293505487 -0.049344956448172488 -0.059172009684007321 -0.030878280263420096 0.036244955110050929 0.028580656738757749 -0.025484202617058832 0.0080234456133518959 -0.058415513156166381 -0.039263799564316471 -0.029886565767737662 0.061933070457555223 0.072401270186154221
leaf_weight=8.0856325328350049 51.63408750295639 4.4069814682006827 6.9325863867998114 9.9929536283016223 7.470265880227088 34.264291405677795 10.87560200691223 108.85308969020844 19.630462422966961 9.8945081084966642 9.3624082058668172 4.3187794387340563 6.613422334194178 6.3952933400869361
leaf_count=33 221 18 29 42 31 140 45 456 81 42 39 18 27 26
internal_value=-2.13554e-05 -0.00739821 0.00519738 -0.000117032 0.0137495 0.0242302 -0.0142478 -0.0173701 0.0045317 -0.0306108 -0.0223983 -0.00429117 0.0256596 0.023843
internal_weight=298.73 247.096 87.0403 78.9547 48.6671 41.7346 160.056 149.18 40.3272 14.3015 30.2876 20.2946 10.9322 26.0258
internal_count=1248 1027 359 326 200 171 668 623 167 60 126 84 45 107
is_linear=0
shrinkage=0.05


Tree=17
num_leaves=15
num_cat=0
split_feature=0 54 41 109 77 63 37 47 105 22 65 4 3 0
split_gain=13.9895 9.48297 10.9757 13.1533 11.0732 11.028 10.7026 8.89519 9.49732 8.26359 7.79919 7.66859 8.54897 8.34073
threshold=0.10668042705443261 -0.059849303571589109 -0.037773827315203047 -0.038759044324332907 0.072432036049174683 0.0007432600637437499 0.0053294052239962466 0.0049794672655603311 -0.010926249678012938 -0.010779711612739483 0.087389571873968522 -0.095744557802525929 -0.041207804406755581 0.1761789943613494
decision_type=2 2 2 2 2 2 2 2 2 2 2 2 2 2
left_child=1 -1 -3 -4 5 6 7 8 -5 -8 11 -2 -13 -14
right_child=10 2 3 4 -6 -7 9 -9 -10 -11 -12 12 13 -15
leaf_value=0.03592171949174499 0.04042652366435362 -0.052824526799082262 -0.060840352258457166 0.058299744478995434 0.08276863281033342 -0.026825314231320098 0.034793317957036385 0.067806057827857188 -0.029053698539150782 -0.046485357720399106 -0.057958376703726944 0.023514504402678358 -0.007187859088185017 0.032252216616228284
leaf_weight=8.9554788172245008 18.874915689229965 18.370648548007011 11.288266614079474 5.1414752304553923 3.5823366343975058 36.560148656368256 4.5020484924316415 10.188622236251829 7.8812493085861286 10.240242794156071 4.2853477001190177 51.096719428896904 90.780678763985634 15.727443367242811
leaf_count=37 78 79 49 21 15 156 19 42 33 44 18 214 377 66
internal_value=-2.21398e-05 -0.0135164 -0.0176251 -0.0103908 -0.00309868 -0.00722685 0.011652 0.0328123 0.00543414 -0.0216642 0.00869037 0.0103088 0.00670183 -0.00136397
internal_weight=297.476 116.711 107.755 89.3844 78.0961 74.5138 37.9536 23.2113 13.0227 14.7423 180.765 176.48 157.605 106.508
internal_count=1248 495 458 379 330 315 159 96 54 63 753 735 657 443
is_linear=0
shrinkage=0.05


Tree=18
num_leaves=15
num_cat=0
split_feature=129 83 119 67 35 1 92 59 48 16 76 47 81 128
split_gain=27.7999 8.03007 8.00238 11.0541 10.7013 8.1826 9.61982 8.41611 8.68617 8.43092 8.18895 10.4198 7.67897 7.23856
threshold=1.0000000180025095e-35 0.022904228253269109 -0.034784885442622412 0.035754488439208747 -0.0094153061535408953 0.0043131409115156208 -0.019181927442410217 0.040503044559770392 -0.0031292342739139313 -0.023791196654689765 0.026751009730256667 0.019395892179038744 0.0053426183583762223 -0.48155139937572805
decision_type=2 2 2 2 2 2 2 2 2 2 2 2 2 2
left_child=1 2 3 4 -1 -4 12 8 10 -10 11 -8 -7 -2
right_child=13 -3 5 -5 -6 6 7 -9 9 -11 -12 -13 -14 -15
leaf_value=0.065087851458769427 0.055394603774869225 0.007811165662612321 -0.025780657829222738 -0.050853959530280039 -0.001482989745500436 0.0088440295930153172 -0.03706041659086403 -0.074651384550550079 0.022573582804986475 -0.053802951759726637 0.084944253191527971 0.065410439728142422 0.088839716915818392 0.017312771852232699
leaf_weight=10.017266064882284 21.768749356269836 66.667563065886497 97.828374683856964 5.9393015205860129 15.192557319998739 9.2390273511409742 6.7467341721057874 4.9951695650815955 5.3037540465593365 11.33590888977051 3.9429754167795172 3.9235624969005585 4.4423564821481696 29.238461658358574
leaf_count=41 97 276 414 25 64 38 28 21 22 48 16 16 18 124
internal_value=-2.35829e-05 -0.00700017 -0.0125194 0.0105118 0.0249693 -0.0173747 -0.000904691 -0.014388 -0.00475611 -0.0294586 0.0233718 0.000619024 0.0348187 0.0335653
internal_weight=296.582 245.575 178.907 31.1491 25.2098 147.758 49.9295 36.2481 31.2529 16.6397 14.6133 10.6703 13.6814 51.0072
internal_count=1248 1027 751 130 105 621 207 151 130 70 60 44 56 221
is_linear=0
shrinkage=0.05


Tree=19
num_leaves=15
num_cat=0
split_feature=129 36 13 70 50 36 65 66 6 64 98 21 34 104
split_gain=25.3249 7.62172 9.55218 9.3852 9.13233 8.78371 8.32015 10.8342 8.15686 7.93715 7.30141 7.8319 7.56049 7.37467
threshold=1.0000000180025095e-35 0.037480895238563385 0.005280477253786559 -0.038512427680953289 -0.028659938932047418 0.041928294284422761 -0.054009845486600337 -0.01012749936465928 -0.061330565456483785 -0.055218227664258955 0.019785763843825344 -0.019480616659026329 -0.026118146513598794 -0.017015307079212384
decision_type=2 2 2 2 2 2 2 2 2 2 2 2 2 2
left_child=1 2 4 -4 8 -3 -5 -8 -1 -7 12 -12 -9 -14
right_child=-2 5 3 6 -6 9 7 10 -10 -11 11 -13 13 -15
leaf_value=-0.06941115592476646 0.032212102499092767 0.080524427886961805 0.037012377888527612 0.051082155560200099 -0.029348160096554016 0.070186380093691825 -0.035224186999927985 -0.055326318144263475 0.011833839104554949 -0.0025157121426774036 -0.0063317477046941854 0.079840907127230965 0.046612796939852 -0.014998684803712987
leaf_weight=3.4838030487298992 50.510508731007576 4.2076061517000189 15.344507202506064 5.8443530052900305 81.258020743727684 4.1699980795383444 27.330183416604996 6.3759815692901602 27.286517471075058 37.644646048545837 4.7859122902154922 5.8716914355754835 7.5063783824443826 13.760329887270931
leaf_count=15 221 17 64 24 344 17 116 27 113 157 20 24 31 58
internal_value=-2.30381e-05 -0.00667234 -0.0109161 0.00153238 -0.0205634 0.0116637 -0.00608461 -0.0111753 0.00263531 0.00473456 0.00598546 0.0411441 -0.00756993 0.00674794
internal_weight=295.38 244.87 198.848 86.8193 112.028 46.0223 71.4748 65.6305 30.7703 41.8146 38.3003 10.6576 27.6427 21.2667
internal_count=1248 1027 836 364 472 191 300 276 128 174 160 44 116 89
is_linear=0
shrinkage=0.05


Tree=20
num_leaves=15
num_cat=0
split_feature=129 74 50 0 52 127 116 79 95 49 110 47 88 67
split_gain=23.0465 7.50551 9.25029 9.2177 7.84131 11.2383 9.79506 11.9535 8.91378 8.29739 7.89302 7.61756 8.96138 9.76661
threshold=1.0000000180025095e-35 0.038688764561798927 -0.017775374410099246 0.10526445920652423 0.0055808219615321184 0.032744996337253834 -0.012180416807350014 0.032828463120188507 0.00079917931472659961 -0.00067586670595128995 0.017715286864710519 -0.0021094415883646934 0.028708697879756325 0.034691035711009836
decision_type=2 2 2 2 2 2 2 2 2 2 2 2 2 2
left_child=1 2 11 -4 6 10 8 -8 -5 -10 -6 12 13 -1
right_child=-2 -3 3 4 5 -7 7 -9 9 -11 -12 -13 -14 -15
leaf_value=0.023100702148968841 0.030878538998372531 -0.025653982458903629 -0.026745935138959728 -0.021755504508843018 0.041740035050737367 -0.055697715359119486 -0.053506932349834169 0.036240026744842495 0.093589801212068044 0.0024317671232660133 -0.016357369409072824 0.028594600887850093 -0.054062512470334181 -0.050815946303825577
leaf_weight=22.615021422505382 50.068766221404076 41.780241042375565 51.399354532361031 9.9653720706701296 24.450943440198898 4.6015248596668235 18.884755432605747 4.6173423975706092 4.6846472918987274 5.3437470346689206 7.6831728368997565 35.406907498836517 7.1841358691453925 5.5694463104009619
leaf_count=94 221 177 224 42 100 19 79 19 19 22 32 146 30 24
internal_value=-2.3568e-05 -0.00635983 -0.00237718 -0.0102151 0.000375262 0.017384 -0.0139899 -0.0358748 0.0117351 0.0450152 0.0278491 0.0122 -0.00421239 0.00849426
internal_weight=294.255 244.187 202.406 131.631 80.2315 36.7356 43.4959 23.5021 19.9938 10.0284 32.1341 70.7755 35.3686 28.1845
internal_count=1248 1027 850 556 332 151 181 98 83 41 132 294 148 118
is_linear=0
shrinkage=0.05


Tree=21
num_leaves=15
num_cat=0
split_feature=129 83 33 74 123 25 61 88 20 37 72 19 99 1
split_gain=20.9777 7.37251 9.46453 9.11154 9.0221 8.79607 11.1272 10.2517 8.53312 8.43359 9.39856 7.72468 7.6413 7.44155
threshold=1.0000000180025095e-35 -0.0085082606674624275 -0.0014413464354105763 0.038688764561798927 0.053514406084478931 0.023140407766535327 0.046996767458167686 0.02916027815209471 0.0076317759357532209 -0.040567494935763594 0.034588276310410261 0.020137271140457717 0.036958569361353326 0.00095835216473895109
decision_type=2 2 2 2 2 2 2 2 2 2 2 2 2 2
left_child=1 3 9 -1 5 6 -4 8 -7 13 12 -12 -11 -3
right_child=-2 2 4 -5 -6 7 -8 -9 -10 10 11 -13 -14 -15
leaf_value=-0.01020788971053436 0.029602218981361512 -0.0029616392358492692 0.040678903278384561 -0.052815494271596979 -0.06090280599748317 -0.059285693943220544 -0.031431105699504309 0.057867447392457583 0.012479628451243783 -0.038125939723306856 -0.020182095843806067 0.059634250372380217 0.0166076860378216 0.077952932261952851
leaf_weight=86.088054612278938 49.627571791410446 7.9158371388912183 39.395890414714813 14.688372805714605 3.7803334593772879 9.0104452818632179 6.19038501381874 4.6207406371831885 7.6662273257970801 39.831996724009514 6.0268512368202192 6.0989962816238403 7.5921802669763556 4.4327047616243362
leaf_count=365 221 33 163 64 16 38 26 19 32 170 26 25 32 18
internal_value=-2.45277e-05 -0.00606673 0.00125053 -0.016418 0.0142456 0.018493 0.0308867 -0.00803517 -0.0262953 -0.0115214 -0.0193194 0.0199635 -0.0293636 0.0260839
internal_weight=292.967 243.339 142.563 100.776 70.664 66.8837 45.5863 21.2974 16.6767 71.8986 59.55 12.1258 47.4242 12.3485
internal_count=1248 1027 598 429 294 278 189 89 70 304 253 51 202 51
is_linear=0
shrinkage=0.05


Tree=22
num_leaves=15
num_cat=0
split_feature=129 7 9 87 80 36 36 15 74 20 102 37 35 45
split_gain=19.0937 7.17012 7.73994 7.05541 6.7405 6.71895 8.72348 8.18539 7.87716 7.78522 10.4764 7.74125 7.67079 10.3367
threshold=1.0000000180025095e-35 0.03922859086862205 -0.017512124504264575 -0.087453032147601764 0.0022028449426172354 0.037480895238563385 0.060118180585568053 -0.047917288394404151 -0.026393854466637268 0.034374458080486371 -0.014853534340427214 -0.0013510146582372032 -0.010635377447751908 -0.0054865176548448795
decision_type=2 2 2 2 2 2 2 2 2 2 2 2 2 2
left_child=3 2 4 -1 -2 7 -7 9 -8 -5 -11 -10 13 -9
right_child=1 -3 -4 5 -6 6 8 12 11 10 -12 -13 -14 -15
leaf_value=0.046709454819131239 -0.056673469351811917 0.064723886744741485 0.033382375797856134 -0.05925618303577327 0.018784943150785598 0.032989449361377009 0.037773459959054276 0.029631226512097604 -0.0022042835743475301 0.053659395572645499 -0.046704448496165153 -0.072112266868244512 -0.01554985553213372 -0.011199529748013571
leaf_weight=6.2363605350255957 5.3640967905521375 10.636030524969099 26.586935833096504 15.842429846525194 6.6019006371498108 21.736574441194534 6.022673204541209 27.509542569518089 10.375835016369823 4.529903307557106 6.1035061478614789 6.4042615890502903 102.33245873451233 35.507689967751503
leaf_count=26 23 49 120 69 29 90 25 115 43 19 27 28 436 149
internal_value=-2.53759e-05 0.0283794 0.0183527 -0.00578463 -0.0150414 -0.00716966 0.0103252 -0.0112317 -0.0112793 -0.0370432 -0.00394878 -0.0288852 -0.00709879 0.00662473
internal_weight=291.79 49.189 38.5529 242.601 11.966 236.365 44.5393 191.826 22.8028 26.4758 10.6334 16.7801 165.35 63.0172
internal_count=1248 221 172 1027 52 1001 186 815 96 115 46 71 700 264
is_linear=0
shrinkage=0.05


Tree=23
num_leaves=15
num_cat=0
split_feature=129 77 31 68 13 84 63 50 118 75 68 8 71 27
split_gain=17.4085 7.19607 9.50729 10.2135 9.26356 8.9393 7.39586 7.69415 9.14196 9.84835 9.09439 11.0226 10.1063 8.09009
threshold=1.0000000180025095e-35 0.012631034542388083 0.040040247380260623 -0.047773840366076417 0.076732244165461441 -0.080132814517863249 -0.06038238512423659 -0.059408476381109167 0.037755067837467543 -0.024410469003493519 0.0014211417925151495 -0.0054664281388468574 -0.025879344976295203 0.014257764259916523
decision_type=2 2 2 2 2 2 2 2 2 2 2 2 2 2
left_child=1 2 4 -4 5 -1 -7 -8 10 -10 -9 13 -13 -12
right_child=-2 -3 3 -5 -6 6 7 8 9 -11 11 12 -14 -15
leaf_value=0.068696702321160874 0.02725564268034901 -0.016818990920447929 -0.048307811551589072 0.039992405428031452 0.047241504040087999 0.038910613867831158 0.026116246169860042 -0.04230139178257733 0.082562671131773319 -0.0071202078803112084 -0.0084623782050121162 -0.031192607180553968 0.049207752015836881 -0.070002379349732066
leaf_weight=3.6517717540264121 48.683465644717216 88.989824950695038 3.8023576885461834 23.606260806322098 8.0170576721429807 7.0270560532808295 10.728750392794607 39.976092234253883 4.121695056557658 11.896814674139021 14.317265152931215 5.9647477269172695 11.338165819644926 8.5175894945859891
leaf_count=15 221 378 16 98 33 29 44 174 17 51 62 26 47 37
internal_value=-2.47801e-05 -0.00551383 0.0010631 0.0277426 -0.00476094 -0.00830788 -0.010777 -0.0140444 -0.0185265 0.0159559 -0.0254211 -0.00860885 0.0214917 -0.0314173
internal_weight=290.639 241.955 152.966 27.4086 125.557 117.54 113.888 106.861 96.1324 16.0185 80.1139 40.1378 17.3029 22.8349
internal_count=1248 1027 649 114 535 502 487 458 414 68 346 172 73 99
is_linear=0
shrinkage=0.05


Tree=24
num_leaves=15
num_cat=0
split_feature=129 128 32 55 64 18 76 58 33 19 110 67 103 86
split_gain=15.8463 7.08721 7.77832 10.4064 9.642 8.36323 6.664 8.09777 7.76752 7.38736 8.19539 7.85553 6.92074 8.95486
threshold=1.0000000180025095e-35 -0.48155139937572805 0.04070147943539474 0.038221463849404141 0.017390805096459058 0.016401042120046509 0.078866153388520169 0.040962442618424112 0.087704711652834375 0.052240496758319065 0.019261712563895146 0.015918524662718158 0.021317468811983879 -0.014960592778858974
decision_type=2 2 2 2 2 2 2 2 2 2 2 2 2 2
left_child=6 -2 3 4 5 -3 7 8 9 12 11 -11 -1 -14
right_child=1 2 -4 -5 -6 -7 -8 -9 -10 10 -12 -13 13 -15
leaf_value=-0.014483209365063913 0.048764586045406372 0.032477909022363853 0.059565451447516071 0.05801972991996094 -0.082252575489544358 -0.054951174571469724 0.041841053964502578 -0.028534518304530784 0.05455360926478852 0.058096654461661068 -0.03369961471148411 -0.0097244954927488414 0.040733176593162918 -0.0067906390063595286
leaf_weight=121.56783896684647 20.143989965319633 7.6368545293808072 6.1584147959947577 5.1678055971860877 4.8871060311794272 4.2616840153932571 7.2825530171394339 36.014162689447403 5.7406122386455527 13.141401931643491 5.3717328608036032 6.3243193030357352 14.545370727777479 31.119737982749939
leaf_count=517 97 34 28 23 21 18 30 157 24 54 23 27 61 134
internal_value=-2.59625e-05 0.0261283 0.00990795 -0.00402205 -0.0231229 0.00116355 -0.00526054 -0.00672753 -0.00275728 -0.00447019 0.0209742 0.0360619 -0.00824919 0.00834677
internal_weight=289.364 48.2559 28.1119 21.9535 16.7856 11.8985 241.108 233.825 197.811 192.07 24.8375 19.4657 167.233 45.6651
internal_count=1248 221 124 96 73 52 1027 997 840 816 104 81 712 195
is_linear=0
shrinkage=0.05


Tree=25
num_leaves=15
num_cat=0
split_feature=129 91 9 109 88 128 105 60 123 62 66 48 32 83
split_gain=14.4722 6.91308 10.0081 7.15742 7.36499 6.98488 10.001 9.78571 8.49823 7.79032 8.54822 7.73567 7.00376 9.07899
threshold=1.0000000180025095e-35 0.039094796169730918 -0.023610373556298674 -0.0089367817957287862 -0.00096866487036034851 -0.48155139937572805 0.013514181398250684 -0.057031368953542591 -0.0032321161736693161 0.049200570806868273 -1.0000000180025095e-35 0.0083901963221422408 0.066469416100653225 0.044903481677586045
decision_type=2 2 2 2 2 2 2 2 2 2 2 2 2 2
left_child=1 5 -3 -4 -5 6 -1 -7 -8 12 -11 -10 13 -9
right_child=-2 2 3 4 -6 7 8 9 11 10 -12 -13 -14 -15
leaf_value=0.019869337823952653 0.025140885916187114 -0.06987770418837394 -0.040856776888484617 -0.019253695442076363 0.05035085713845773 -0.058344731374790085 -0.039435601501580417 -0.014683414762426104 0.037758922462725608 -0.010843910494034898 0.068161864839019981 -0.026929570764579872 -0.062743355366039283 0.032706541710760761
leaf_weight=63.799720034003258 47.687684029340744 9.3242390602827054 10.717574670910835 8.3551612347364408 6.971599057316781 9.6762739866971952 16.534979164600372 64.53272008895874 10.653547659516336 6.734022930264473 6.9647337198257429 8.1623366475105268 6.1449539661407462 11.98332706093788
leaf_count=267 221 41 47 36 29 43 71 279 44 29 29 35 27 50
internal_value=-2.20631e-05 -0.00501037 -0.0254261 -0.00951175 0.0124069 -0.00149126 0.00804886 -0.0104119 -0.0132842 -0.00559857 0.0293243 0.00969703 -0.0113861 -0.00726158
internal_weight=288.243 240.555 35.3686 26.0443 15.3268 205.187 99.1506 106.036 35.3509 96.3598 13.6988 18.8159 82.661 76.516
internal_count=1248 1027 153 112 65 874 417 457 150 414 58 79 356 329
is_linear=0
shrinkage=0.05


Tree=26
num_leaves=15
num_cat=0
split_feature=129 0 113 67 64 116 77 31 68 44 33 84 43 74
split_gain=13.1729 6.89767 9.42063 6.59469 6.53994 11.3327 6.51206 8.38871 8.81354 8.69462 9.13685 8.96973 9.00095 9.02901
threshold=1.0000000180025095e-35 0.1007851185319593 -0.018291889335896195 0.0066820973579968064 0.010610572971627081 0.0096935301164646943 0.012631034542388083 0.040040247380260623 -0.047773840366076417 0.049144557663030705 -0.017208846318748649 -0.060571841396960084 0.014709043090667119 0.028768879283025791
decision_type=2 2 2 2 2 2 2 2 2 2 2 2 2 2
left_child=6 2 -2 -4 -3 -6 7 9 -9 11 -11 -1 13 -13
right_child=1 4 3 -5 5 -7 -8 8 -10 10 -12 12 -14 -15
leaf_value=0.041296891671353621 0.060935016745518523 0.052979314847851955 0.0093465687762541542 -0.07799144110439743 0.043373784448885296 -0.049528595917562764 -0.01558158829323375 -0.044707279538784443 0.037985076966684538 -0.034416778859728075 0.051504497490866247 -0.013941386419424127 0.0063001109970162745 -0.057903749495802993
leaf_weight=8.1418608576059324 3.4947457909584037 21.044656828045845 4.1340671330690366 4.5294302403926849 8.8589853495359403 5.2150040566921225 88.213247790932655 3.734474956989291 23.492675140500069 4.1345642656087902 12.295296937227247 47.239170268177986 36.931708455085754 15.515313059091566
leaf_count=34 16 101 18 19 43 24 378 16 98 18 51 205 158 69
internal_value=-2.42862e-05 0.0240968 -0.00836182 -0.0363153 0.0353341 0.00894955 -0.00478181 0.00150715 0.026643 -0.00400057 0.0298825 -0.00916336 -0.0132847 -0.0248106
internal_weight=286.975 47.2769 12.1582 8.6635 35.1186 14.074 239.698 151.485 27.2272 124.258 16.4299 107.828 99.6862 62.7545
internal_count=1248 221 53 37 168 67 1027 649 114 535 69 466 432 274
is_linear=0
shrinkage=0.05


Tree=27
num_leaves=15
num_cat=0
split_feature=129 0 100 97 47 91 9 104 100 45 76 126 11 100
split_gain=12.0331 6.34834 9.22077 6.23319 10.8965 6.22379 9.32398 7.02119 9.69663 9.83712 9.35062 8.74689 8.2515 7.93639
threshold=1.0000000180025095e-35 0.1007851185319593 0.018174939176919657 0.025689470582885704 0.043511790552755496 0.039094796169730918 -0.023610373556298674 -0.016563091709840588 -0.034653963328936131 -0.013573269222491146 0.078866153388520169 -0.015508519431028198 0.0032228318836531986 0.03829728584149298
decision_type=2 2 2 2 2 2 2 2 2 2 2 2 2 2
left_child=5 2 -2 -3 -5 7 -7 8 -1 13 -9 12 -11 -10
right_child=1 3 -4 4 -6 6 -8 10 9 11 -12 -13 -14 -15
leaf_value=-0.030492542925750678 -0.03561302724333279 0.045342519201851027 0.060778283488194584 0.046884041724183707 -0.073910031960577285 -0.067510750506648759 -0.0087040853401797926 -0.010327095580254108 0.062550454963937116 0.07285612483778274 0.064071997325210767 -0.012971310217798682 -0.012749413700822965 -0.0093923650585534622
leaf_weight=11.425647825002669 8.6445993483066541 27.013109788298607 3.4797176271677008 4.2685117572545996 3.3183391392230988 9.121818393468855 25.819074109196663 129.90815205872059 16.9966094493866 7.189997658133505 4.3651419281959525 24.682616725564003 4.6260888874530792 4.9498246908187857
leaf_count=50 37 132 16 21 15 41 112 559 70 30 18 106 20 21
internal_value=-2.15363e-05 0.0231858 -0.00794841 0.0340957 -0.00594891 -0.00455694 -0.0240564 -0.00121945 0.011635 0.0198707 -0.00790843 0.00396424 0.0393409 0.0463244
internal_weight=285.809 46.7243 12.1243 34.6 7.58685 239.085 34.9409 204.144 69.8708 58.4451 134.273 36.4987 11.8161 21.9464
internal_count=1248 221 53 168 36 1027 153 874 297 247 577 156 50 91
is_linear=0
shrinkage=0.05


Tree=28
num_leaves=15
num_cat=0
split_feature=129 7 9 125 50 66 99 2 82 56 127 100 56 58
split_gain=10.9893 6.5772 6.30024 11.9892 6.01014 7.63245 8.47716 8.67475 7.637 7.66515 8.03686 8.10975 7.00265 8.08994
threshold=1.0000000180025095e-35 0.03922859086862205 -0.017512124504264575 0.015201010714537057 -0.017775374410099246 -0.0070061279992227497 -0.049639926028658264 -0.058093857362765088 0.03251856848478913 -0.058681385106517048 -0.038941531472145803 0.030707950770882387 0.064153085511817518 0.048610350590372386
decision_type=2 2 2 2 2 2 2 2 2 2 2 2 2 2
left_child=4 2 3 -2 5 6 -1 -8 9 -7 -11 -12 13 -6
right_child=1 -3 -4 -5 12 8 7 -9 -10 10 11 -13 -14 -15
leaf_value=0.051141979842615384 -0.058643465732712702 0.058990473590109331 0.026824634376045667 0.045076785003253711 -0.0091033537242421469 -0.057453446667639442 0.039832965492223038 -0.029122396112524592 0.064988770852855274 0.073487258820733273 -0.0088802117018799021 0.052194118836401106 0.028901314064421521 -0.048179536756218361
leaf_weight=5.0186939835548392 7.0611456632614118 9.6619032621383649 24.8590277582407 4.6019522845745087 128.54682925343513 3.6879198402166358 5.4023838043212882 29.285708159208298 7.9401818662881842 5.5418487787246695 20.240814328193668 7.4308222234249106 10.645881444215773 14.76681889593601
leaf_count=21 31 49 120 21 556 16 23 126 33 23 86 31 45 67
internal_value=-1.88077e-05 0.0223052 0.0126002 -0.0177182 -0.00434158 0.00636897 -0.00959562 -0.0183832 0.0205054 0.0109338 0.0185273 0.00752043 -0.0102234 -0.0131297
internal_weight=284.692 46.184 36.5221 11.6631 238.508 84.5484 39.7068 34.6881 44.8416 36.9014 33.2135 27.6716 153.96 143.314
internal_count=1248 221 172 52 1027 359 170 149 189 156 140 117 668 623
is_linear=0
shrinkage=0.05


Tree=29
num_leaves=15
num_cat=0
split_feature=129 7 87 91 109 31 88 8 36 119 108 100 119 127
split_gain=10.0258 6.20167 6.00069 5.84048 7.95522 6.87014 7.17327 6.63718 7.77234 7.3141 10.1816 8.63037 10.8352 8.69009
threshold=1.0000000180025095e-35 0.03922859086862205 -0.087453032147601764 0.038631486277575476 -0.0089367817957287862 -0.044018410348149746 -0.007118338024279941 -0.074937881479225851 0.037480895238563385 0.0080448621209053012 0.044846802934865912 -0.051389978803868072 0.017748432800043602 0.026560566224504881
decision_type=2 2 2 2 2 2 2 2 2 2 2 2 2 2
left_child=2 -2 -1 7 -5 -6 -7 -4 9 10 -9 -11 -13 -14
right_child=1 -3 3 4 5 6 -8 8 -10 11 -12 12 13 -15
leaf_value=0.044662490935798244 0.012057106562568141 0.057619690781196178 -0.027982841368976309 -0.051546725037558576 -0.065678557184568498 -0.023730736960991955 0.044091918657198505 -0.020606990614406531 0.023843203999531267 -0.050013036868878369 0.035878844058384429 0.050123426145541695 0.012938424056144343 -0.041165941225447762
leaf_weight=6.1368311792612067 36.290296718478203 9.4037562459707242 22.037291318178177 15.149811685085295 3.5667999684810647 7.5620957911014548 8.0473398715257645 69.209810346364975 31.005725726485252 5.7546126991510382 9.0170861780643445 15.492047503590582 35.490925788879395 9.3839458525180799
leaf_count=26 172 49 96 69 16 33 34 302 131 25 38 65 152 40
internal_value=-1.69289e-05 0.0214338 -0.00413782 -0.00543025 -0.0244659 -0.00307118 0.0112348 -0.00211999 0.00113028 -0.00374841 -0.014096 0.00849355 0.0140708 0.00162447
internal_weight=283.548 45.6941 237.854 231.717 34.326 19.1762 15.6094 197.391 175.354 144.348 78.2269 66.1215 60.3669 44.8749
internal_count=1248 221 1027 1001 152 83 67 849 753 622 340 282 257 192
is_linear=0
shrinkage=0.05


Tree=30
num_leaves=15
num_cat=0
split_feature=0 10 74 2 37 4 83 11 80 66 107 104 87 11
split_gain=9.53642 11.0683 9.04284 15.7344 8.5981 9.55961 8.83468 7.70921 8.03802 7.59555 7.56569 7.50397 7.44982 6.84778
threshold=0.15820797443705117 0.0027764507369558811 -0.046937490103298202 0.015413022857296369 -0.049666997618518838 0.076193724605855398 -0.011733240174348921 -0.053108837125437104 -0.055758911066320312 -0.025739217899120134 -0.05914402271997727 0.0027781564005633854 -0.025379632625423271 0.038561711399189631
decision_type=2 2 2 2 2 2 2 2 2 2 2 2 2 2
left_child=2 -2 3 -1 6 7 -4 -6 -9 -8 -10 12 -3 -12
right_child=1 11 4 -5 5 -7 9 8 10 -11 13 -13 -14 -15
leaf_value=-0.0069501745099916027 0.036986341901792175 0.024720388999863452 -0.013413773476182295 0.067691486514510346 -0.03860061193496276 -0.068397551384641361 -0.0085745657545506278 -0.044883850683817991 -0.044175859468321747 0.068022745621155303 0.0082069689877856625 0.026795721519436613 -0.065610560917250843 -0.018248037410222635
leaf_weight=18.680217310786251 32.69151172041893 3.2747171074152002 12.313424125313761 11.350305676460264 20.3895313590765 7.2623955607414237 4.7358213812112799 12.061614841222761 9.9726723581552488 10.22267736494541 90.88468873500824 7.5218645036220542 7.5332818776369104 33.468916192650795
leaf_count=84 146 15 54 48 90 33 20 54 44 43 402 34 33 148
internal_value=-1.8017e-05 0.0195483 -0.00433328 0.0212613 -0.00815133 -0.0122418 0.0179524 -0.00979644 -0.00578448 0.0437722 -0.00227361 -0.0115526 -0.0382412 0.00108679
internal_weight=282.364 51.0214 231.342 30.0305 201.312 174.04 27.2719 166.777 146.388 14.9585 134.326 18.3299 10.808 124.354
internal_count=1248 228 1020 132 888 771 117 738 648 63 594 82 48 550
is_linear=0
shrinkage=0.05


Tree=31
num_leaves=15
num_cat=0
split_feature=129 128 3 68 86 105 77 31 119 44 52 25 25 43
split_gain=9.07345 6.11176 6.79428 7.45897 6.34846 6.91924 5.63557 7.60169 7.59427 7.64713 9.32862 9.38072 8.4779 10.531
threshold=1.0000000180025095e-35 -0.48155139937572805 -0.038663411108919396 -0.006499670591777953 -0.0090222719200640563 -0.01390126308038654 0.015145677762764497 0.040040247380260623 0.064121076748115832 0.050300359355580145 0.012675061501133783 0.021624901043864938 0.04252980124090517 -0.0021587778350619677
decision_type=2 2 2 2 2 2 2 2 2 2 2 2 2 2
left_child=6 -2 4 -4 -3 -6 7 8 9 10 12 -12 13 -1
right_child=1 2 3 -5 5 -7 -8 -9 -10 -11 11 -13 -14 -15
leaf_value=-0.037739554765822823 0.042814916056702124 0.062501817493828313 0.025725016716253025 -0.055608657434160873 0.054555084958180039 -0.039844051169734246 -0.014413655032737498 0.02551452759680305 0.061688952775791797 0.026165569250188838 -0.0093674667445281645 0.042493556268885645 -0.064149350776094835 0.0054478526077911859
leaf_weight=26.1885442584753 18.288824513554573 6.9790758043527594 4.68974769115448 7.0662055462598783 3.210272789001464 4.9102670848369625 83.231668800115585 27.588931724429131 4.3177495598793021 16.215313106775284 24.588956519961357 13.510568350553511 10.113206610083578 30.618762999773029
leaf_count=118 97 35 21 30 16 22 362 117 18 69 108 57 45 133
internal_value=-1.84646e-05 0.0205215 0.00533961 -0.0231626 0.0275303 -0.00252548 -0.00394135 0.00175028 -0.00347165 -0.00579232 -0.0107267 0.0090231 -0.0219707 -0.0144618
internal_weight=281.518 45.1444 26.8556 11.756 15.0996 8.12054 236.374 153.142 125.553 121.235 105.02 38.0995 66.9205 56.8073
internal_count=1248 221 124 51 73 38 1027 665 548 530 461 165 296 251
is_linear=0
shrinkage=0.05


Tree=32
num_leaves=15
num_cat=0
split_feature=0 10 63 41 39 16 99 117 83 78 16 116 87 96
split_gain=8.46157 9.91706 8.77785 8.19962 7.45471 7.26806 6.31417 7.89283 8.15914 6.3122 6.14235 8.42552 5.98934 7.52731
threshold=0.15820797443705117 0.0027764507369558811 -0.061598042795586359 0.070983140019988997 0.034837296674718736 0.00053295359878871085 0.05091626518126819 -0.0024495487263787919 0.0098062806900209385 0.024191423332680206 0.023221359291312735 -0.0043795934928785923 -0.057573594335382727 0.010040715930925178
decision_type=2 2 2 2 2 2 2 2 2 2 2 2 2 2
left_child=2 4 -1 6 -2 -6 12 9 -9 -8 -3 -12 13 -4
right_child=1 10 3 -5 5 -7 7 8 -10 -11 11 -13 -14 -15
leaf_value=0.030000899321273686 0.050132033184856789 0.015450730609175223 0.064683148694482037 -0.047622253132371527 -0.05324483690476333 0.036851140965107818 0.076753044365381842 -0.043573937088516757 0.045035719048169554 -0.0038125391892960591 0.018807629090480907 -0.084522378248718708 -0.010171629467114045 -0.012029091975966461
leaf_weight=17.454144209623337 23.245053231716156 9.8874428272247332 6.2328330576419813 11.67361795902252 4.0409808307886106 5.01824551820755 7.4657335579395312 6.7245789319276792 4.2333775162696838 3.6052503287792206 3.2950867861509323 4.9161629229783994 165.92604683339596 6.5670780837535858
leaf_count=76 104 45 27 52 18 24 33 30 18 16 15 22 739 29
internal_value=-1.65753e-05 0.0185367 -0.00408447 -0.00688509 0.0351374 -0.00333729 -0.00451628 0.0207413 -0.00934145 0.050517 -0.0110939 -0.0430572 -0.00762942 0.0253254
internal_weight=280.286 50.403 229.883 212.429 32.3043 9.05923 200.755 22.0289 10.958 11.071 18.0987 8.21125 178.726 12.7999
internal_count=1248 228 1020 944 146 42 892 97 48 49 82 37 795 56
is_linear=0
shrinkage=0.05


Tree=33
num_leaves=15
num_cat=0
split_feature=129 7 32 114 54 11 73 58 66 19 110 69 53 102
split_gain=8.13462 5.69617 5.66346 6.19229 10.2712 9.17375 8.61905 5.50266 7.51171 5.71154 8.03706 7.19351 10.208 7.46478
threshold=1.0000000180025095e-35 0.03922859086862205 0.039947738448939486 -0.0016441821771973392 0.032795259559216978 -0.036775823073838039 -0.0082682566074864534 0.040962442618424112 0.068504135625793647 0.046293150126179766 0.036365138552188807 -0.038557988672742773 -0.024974899546822183 0.022123409123838103
decision_type=2 2 2 2 2 2 2 2 2 2 2 2 2 2
left_child=7 2 3 4 6 -5 -2 9 -9 -1 11 -11 -13 -14
right_child=1 -3 -4 5 -6 -7 -8 8 -10 10 -12 12 13 -15
leaf_value=-0.0040350549055208481 -0.053647872617878394 0.055438924307903759 0.054368656541391072 -0.03379892225968982 -0.096910659424289947 0.04872335021705991 0.040123073003422709 -0.029496185891535149 0.04549993200486771 0.08991726188416839 -0.054484236222263463 -0.03158380175544797 0.061743253946978119 -0.016532656623617841
leaf_weight=169.16942186653614 4.103214979171752 8.8772497773170453 6.131475254893302 4.89481449127197 3.5016936063766471 10.795282378792766 6.0841638147830954 32.226884394884109 3.7247899621725074 4.0680430084466996 3.2577494382858267 7.1750125586986622 11.271077066659918 4.1736451536417016
leaf_count=736 19 49 31 23 15 54 30 146 16 17 15 31 48 18
internal_value=-1.58468e-05 0.0196153 0.0106598 0.00153776 -0.0230377 0.022979 0.00235454 -0.00372282 -0.0217262 -0.000472186 0.0196553 0.0287054 0.0176968 0.0405907
internal_weight=279.455 44.3879 35.5106 29.3792 13.6891 15.6901 10.1874 235.067 35.9517 199.115 29.9455 26.6878 22.6197 15.4447
internal_count=1248 221 172 141 64 77 49 1027 162 865 129 114 97 66
is_linear=0
shrinkage=0.05


Tree=34
num_leaves=15
num_cat=0
split_feature=0 54 41 109 129 112 31 100 82 102 64 25 53 126
split_gain=7.68772 9.81109 9.07232 9.63777 7.97094 7.49333 9.60699 7.13135 8.0313 7.04012 7.94397 6.06951 5.95855 5.77067
threshold=0.10383377908431225 -0.059849303571589109 -0.037773827315203047 -0.033887616009013223 1.0000000180025095e-35 -0.014380099872991379 0.029387996058891582 0.0097029312440080808 0.025469398333906667 -0.012397436663749822 -0.0039945135844692741 0.027996678070320465 0.00075003810219561879 -0.018087092694613439
decision_type=2 2 2 2 2 2 2 2 2 2 2 2 2 2
left_child=1 -1 -3 -4 13 9 7 8 -7 10 -5 12 -9 -2
right_child=4 2 3 5 -6 6 -8 11 -10 -11 -12 -13 -14 -15
leaf_value=0.044571853190280543 0.016136473479310451 -0.049716142358944559 -0.052183040668434391 -0.037458594267270544 0.029408980249461369 -0.036739581592968022 0.055589794348801673 0.08798987073311787 0.036727685169462718 -0.046039296423260559 0.051253852518864579 -0.025910779585356588 0.012356617366796552 -0.0053955715993708056
leaf_weight=7.429143860936164 45.574107840657234 15.790191352367399 10.815000563859938 4.8868861794471741 30.950806736946106 16.201165512204181 9.4098013043403608 4.6462035179138166 4.8286726474761954 14.466761052608481 5.2180835753679293 4.1252539008855811 5.9247837960720062 98.090628802776337
leaf_count=32 194 74 52 22 162 73 41 19 21 67 23 19 27 422
internal_value=-1.1393e-05 -0.0107917 -0.0150622 -0.00826671 0.00639337 -0.00145317 0.0106423 -0.00119625 -0.0198707 -0.0236715 0.00835144 0.0255263 0.0455993 0.00143494
internal_weight=278.357 103.742 96.3128 80.5226 174.616 69.7076 45.1359 35.7261 21.0298 24.5717 10.105 14.6962 10.571 143.665
internal_count=1248 470 438 364 778 312 200 159 94 112 45 65 46 616
is_linear=0
shrinkage=0.05


Tree=35
num_leaves=15
num_cat=0
split_feature=128 94 129 105 123 123 66 14 3 48 31 37 112 48
split_gain=7.67731 8.28678 7.57379 7.83367 8.46049 7.04635 6.73994 6.69956 6.49919 6.43094 6.3738 7.33526 6.27185 7.95209
threshold=-0.48155139937572805 -0.080392578923898048 1.0000000180025095e-35 0.013514181398250684 -0.0032321161736693161 0.069979879858564395 -0.023153349376480486 0.079995546904964021 -0.05174347807921318 0.0083901963221422408 0.042240045553630243 -0.05707818955065224 -0.030830641439512939 -0.014772911746490177
decision_type=2 2 2 2 2 2 2 2 2 2 2 2 2 2
left_child=2 -2 3 8 -5 7 -6 12 -1 -8 11 -10 -3 -14
right_child=1 5 -4 4 6 -7 9 -9 10 -11 -12 -13 13 -15
leaf_value=0.057722659739181198 -0.085933362717054596 -0.023955984396996345 0.039712105160934846 -0.0380175843144165 -0.044061712139812942 -0.065818017278586272 0.04895401848156998 -0.063095836635954902 0.050706165045398446 -0.012248839707277198 0.046049142064934726 -0.0047886015820705341 -0.016302792632151623 0.012683177615939593
leaf_weight=7.6347335875034323 3.3196610361337653 26.085642158985138 17.23727197945118 18.767227813601494 4.937405705451968 4.7647377401590338 9.7874429374933261 4.6332896947860709 6.8121322989463797 7.6444444507360449 9.7846962064504606 47.301557570695877 34.894925802946091 73.502534717321396
leaf_count=32 15 119 97 83 22 22 41 22 28 34 42 205 157 329
internal_value=-1.29472e-05 -0.00783123 0.00884614 0.00412397 -0.0132616 -0.00602924 0.00750799 -0.00398147 0.0141219 0.0221146 0.00891236 0.00219739 -0.00194483 0.00335212
internal_weight=277.108 147.201 129.907 112.67 41.1365 143.881 22.3693 139.116 71.5331 17.4319 63.8984 54.1137 134.483 108.397
internal_count=1248 664 584 487 180 649 97 627 307 75 275 233 605 486
is_linear=0
shrinkage=0.05


Tree=36
num_leaves=15
num_cat=0
split_feature=13 76 87 118 62 40 30 44 65 47 47 94 6 9
split_gain=7.12539 8.23809 8.22597 6.81526 12.3018 8.65234 9.01764 7.6868 6.9782 6.51617 6.49526 6.47017 6.20011 8.18092
threshold=0.069696925744565222 -0.00086146318961969552 -0.060309170950299959 0.03652423227133067 0.053763243024329006 -0.033519429455756762 0.046222047069679834 -0.078132585058149587 -0.04153605770615075 -0.049751662398587214 -0.0014155118379087326 -0.0063644844473136957 0.026584374786296265 -0.00035119504315771579
decision_type=2 2 2 2 2 2 2 2 2 2 2 2 2 2
left_child=2 -2 10 7 5 11 -7 8 -4 -9 -1 -5 -11 -14
right_child=1 -3 3 4 -6 6 -8 9 -10 12 -12 -13 13 -15
leaf_value=-0.003995202287463518 -0.0076421591759838776 0.050368468332511074 -0.027645002703040791 0.030448762389124015 -0.078798414820556606 0.048446262010011204 -0.029467916525992888 -0.036028781561440459 0.058289042732989231 -0.012952601613935692 0.061181543114433037 -0.056935478512487786 -0.013875841882250401 0.032954035279280404
leaf_weight=6.7909573316574106 10.726609498262407 14.250590443611143 3.4171545952558517 3.5975603312253952 3.2764705568552008 23.299528807401661 4.4177767336368552 23.003741383552551 7.6535832583904249 124.35411278903484 8.7449323832988703 5.1517600119113904 18.080105721950531 19.261299312114716
leaf_count=32 48 64 15 16 15 104 20 105 34 565 39 24 81 86
internal_value=-1.32386e-05 0.0254555 -0.00254715 -0.00487173 0.0140058 0.0223441 0.0360278 -0.00870405 0.0317642 -0.0111297 0.0326919 -0.0210047 -0.0075874 0.0102798
internal_weight=276.026 24.9772 251.049 235.513 39.7431 36.4666 27.7173 195.77 11.0707 184.699 15.5359 8.74932 161.696 37.3414
internal_count=1248 112 1136 1065 179 164 124 886 49 837 71 40 732 167
is_linear=0
shrinkage=0.05


Tree=37
num_leaves=15
num_cat=0
split_feature=0 10 74 57 40 81 39 16 104 26 35 3 28 42
split_gain=6.72552 8.65144 7.64467 8.14038 10.3089 9.94035 6.79032 6.37995 6.2722 5.75196 7.36994 7.19504 8.27942 6.94467
threshold=0.15820797443705117 0.0027764507369558811 -0.046937490103298202 0.042713207870110209 -0.0064721342959059439 1.0000000180025095e-35 0.034837296674718736 0.00053295359878871085 0.0027781564005633854 -0.040480574959500061 -0.0094153061535408953 -0.056327677436688636 -0.039185929932605106 -0.028495574363505503
decision_type=2 2 2 2 2 2 2 2 2 2 2 2 2 2
left_child=2 6 3 4 5 -1 -2 -8 -3 -4 -11 -12 13 -13
right_child=1 8 9 -5 -6 -7 7 -9 -10 10 11 12 -14 -15
leaf_value=0.037216965786785045 0.047011596531032457 -0.036016807829440382 -0.026332341547054258 -0.035242248094768051 0.062051596186404261 -0.060656074885175805 -0.051504695053379956 0.033911330366609364 0.024448463129105494 0.0099191442616669984 0.020116498092213341 -0.038803087793371549 -0.023640126271945693 0.046404890020137445
leaf_weight=6.1614980250597053 22.613988742232326 10.445477783679964 32.772075280547142 5.4092861562967292 13.283878013491629 4.4809629619121552 3.989609628915785 4.8361571580171585 7.2767711728811255 63.656536146998405 14.98669497668743 3.3646544814109793 73.648128733038902 8.2659783214330655
leaf_count=27 104 48 147 25 59 21 18 24 34 284 69 15 336 37
internal_value=-1.30845e-05 0.0167473 -0.0036585 0.0201518 0.0326753 -0.00399206 0.0324951 -0.00470023 -0.0111897 -0.00720965 -0.00338655 -0.0118341 -0.017449 0.0217549
internal_weight=275.192 49.162 226.03 29.3356 23.9263 10.6425 31.4398 8.82577 17.7222 196.694 163.922 100.265 85.2788 11.6306
internal_count=1248 228 1020 132 107 48 146 42 82 888 741 457 388 52
is_linear=0
shrinkage=0.05


Tree=38
num_leaves=15
num_cat=0
split_feature=128 94 86 110 14 123 104 16 129 105 123 91 42 24
split_gain=6.41271 7.51731 6.97507 8.51576 7.77507 8.31133 7.49401 7.02268 6.9158 6.93302 7.69846 6.47482 7.69749 6.43694
threshold=-0.48155139937572805 -0.080392578923898048 -0.043231459995615798 -0.03982079292228273 0.072088635075054627 0.051256709106150745 0.026627298183028589 0.014493749892218376 1.0000000180025095e-35 0.013514181398250684 -0.0032321161736693161 0.03002515571675694 0.014333220370233664 -0.05769509242712257
decision_type=2 2 2 2 2 2 2 2 2 2 2 2 2 2
left_child=8 -2 3 -3 5 7 -5 13 9 11 -11 -1 -13 -4
right_child=1 2 4 6 -6 -7 -8 -9 -10 10 -12 12 -14 -15
leaf_value=0.020248696104851735 -0.082601659937878325 -0.051751239109431524 0.05376851314069863 0.053980095339875793 -0.068859106418075494 -0.051365247035596542 -0.027701280981352584 -0.019888015324025635 0.038150193110043071 -0.036629589960191188 0.0070615841984372693 -0.044065915726249023 0.039634436505341174 0.0015324544712983683
leaf_weight=57.917880043387413 3.2308308929204932 3.2746859341859844 6.5260571390390387 13.083052143454553 5.3531696796417227 9.7835479378700239 3.5754966884851447 39.84959802031517 16.700169235467911 18.493567079305649 22.167249619960785 9.0880483388900739 3.9367137402296057 61.247503235936165
leaf_count=249 15 15 29 58 26 45 17 182 97 83 97 41 17 277
internal_value=-1.28679e-05 -0.00718241 -0.00547478 0.0219588 -0.00992933 -0.00724242 0.0364485 -0.00323141 0.00814129 0.0036508 -0.0128103 0.0130855 -0.0187676 0.00656237
internal_weight=274.228 145.924 142.693 19.9332 122.76 117.407 16.6585 107.623 128.304 111.603 40.6608 70.9426 13.0248 67.7736
internal_count=1248 664 649 90 559 533 75 488 584 487 180 307 58 306
is_linear=0
shrinkage=0.05


Tree=39
num_leaves=15
num_cat=0
split_feature=13 76 87 118 62 30 40 44 65 94 47 47 68 89
split_gain=6.3227 7.41014 7.17227 5.862 11.1974 7.63427 8.14402 6.90282 6.28691 5.98664 5.79024 5.73112 5.65885 11.0451
threshold=0.069696925744565222 -0.00086146318961969552 -0.060309170950299959 0.03652423227133067 0.053763243024329006 0.052796381635963195 -0.033519429455756762 -0.078132585058149587 -0.04153605770615075 -0.0063644844473136957 -0.0014155118379087326 -0.049751662398587214 0.0094429527967985639 -0.041384368069806908
decision_type=2 2 2 2 2 2 2 2 2 2 2 2 2 2
left_child=2 -2 10 7 5 6 9 8 -4 -5 -1 -9 13 -13
right_child=1 -3 3 4 -6 -7 -8 11 -10 -11 -12 12 -14 -15
leaf_value=-0.0040794502251524853 -0.0073086923915197683 0.047969950546108711 -0.026353749024031672 0.035126687957822665 -0.07657934645175693 -0.050518237429327179 0.042591576380361595 -0.034015829026906953 0.055729381362035049 -0.052483507704357779 0.057957812381074815 0.030620296958852392 0.003467963522710039 -0.022133053673673363
leaf_weight=6.6948857605457315 10.667850002646448 14.043207705020903 3.3724513947963715 3.3756961226463318 3.2019408494234076 3.3827017098665229 24.684479460120201 22.635374203324318 7.5667434483766538 4.6165982186794272 8.5835419744253123 11.358948782086371 70.463966935873032 78.448910087347031
leaf_count=32 48 64 15 15 15 16 111 105 34 22 39 52 319 361
internal_value=-1.42188e-05 0.024106 -0.00241385 -0.00458903 0.0130291 0.020986 0.0283881 -0.00815739 0.0304239 -0.0154797 0.0307736 -0.0104648 -0.0071387 -0.0154608
internal_weight=273.097 24.7111 248.386 233.108 39.2614 36.0595 32.6768 193.846 10.9392 7.99229 15.2784 182.907 160.272 89.8079
internal_count=1248 112 1136 1065 179 164 148 886 49 37 71 837 732 413
is_linear=0
shrinkage=0.05


Tree=40
num_leaves=15
num_cat=0
split_feature=0 54 102 121 24 122 45 127 129 108 119 67 19 67
split_gain=6.04053 8.8746 8.76869 6.6449 6.78466 7.22734 6.59356 6.69882 6.29435 7.81734 6.59565 7.99128 7.8207 11.1419
threshold=0.10383377908431225 -0.055947332529805556 -0.0051175591607855687 0.0010632645511605007 -0.00892913331244179 -0.015342010455888328 0.031549151908894402 -0.0063559142815760748 1.0000000180025095e-35 0.054538922952121892 -0.034784885442622412 0.042458286977226013 -0.013792727388559136 0.031561341524380691
decision_type=2 2 2 2 2 2 2 2 2 2 2 2 2 2
left_child=1 -1 3 4 -3 -6 7 -5 9 10 11 -2 13 -12
right_child=8 2 -4 6 5 -7 -8 -9 -10 -11 12 -13 -14 -15
leaf_value=0.039556385543305012 0.038949924539008571 -0.047530814501797018 -0.028468165198758656 0.067568026845761603 0.058800038359409834 -0.018495567781665764 -0.040032508288327377 0.0036049006105530706 0.026717545719710925 0.039671646314564629 -0.03691802401571425 -0.042975870892204622 0.0039475141882100067 0.022851720233723456
leaf_weight=8.3893977850675565 16.411973863840107 9.7556068003177661 49.673634752631187 8.5030646175146138 4.5176540762186042 9.1480284929275495 3.3680139333009711 7.8930386304855356 29.521842807531357 12.154436931014059 34.221167087554932 3.6360091269016257 64.901129379868507 10.097903266549109
leaf_count=37 70 46 234 37 20 42 16 38 162 52 151 16 284 43
internal_value=-1.4177e-05 -0.00969255 -0.014142 0.0023366 -0.0156803 0.00705711 0.0236873 0.0367764 0.00571821 0.00133462 -0.00227002 0.0240914 -0.00710881 -0.0232998
internal_weight=272.193 101.248 92.859 43.1854 23.4213 13.6657 19.7641 16.3961 170.944 141.423 129.268 20.048 109.22 44.3191
internal_count=1248 470 433 199 108 62 91 75 778 616 564 86 478 194
is_linear=0
shrinkage=0.05


Tree=41
num_leaves=15
num_cat=0
split_feature=4 76 35 45 97 78 83 70 55 77 112 52 13 62
split_gain=5.75459 6.34797 6.50866 7.95074 8.43145 7.63535 7.14918 7.12391 6.33059 7.58843 6.57196 6.66581 6.29828 6.02074
threshold=-0.095744557802525929 0.078866153388520169 -0.0094153061535408953 -0.006178164472752116 0.030406556855012704 -0.019838968867406544 0.01501391516430817 -0.037749370750333633 -0.015857462307681557 -0.029850804671463144 -0.005705619131657607 -0.0093161395715529519 0.017893606925638406 0.013488516250400902
decision_type=2 2 2 2 2 2 2 2 2 2 2 2 2 2
left_child=-1 2 3 4 5 12 -4 -8 9 -9 -10 -12 -2 -6
right_child=1 -3 6 -5 13 -7 7 8 10 -11 11 -13 -14 -15
leaf_value=0.02590289270903548 -0.032779339592587692 0.039581760678261524 -0.018705137454301465 -0.0061590306454818227 -0.045607130206309084 0.052124445989988222 0.040743369469319543 0.030440266763000365 -0.015524244783627884 -0.050599169180960239 -0.0057570639534139326 0.063780106745828638 0.048327682965373785 0.032566947493773389
leaf_weight=19.84820744395256 6.0382460206747073 8.8291728645563108 92.096312895417213 54.486669048666954 6.5361389815807325 21.821636706590652 10.710521593689917 3.8456606715917578 13.338328808546065 11.608233571052549 6.1040586680173838 7.9153287261724525 3.9654857963323593 3.9523548930883408
leaf_count=90 28 40 430 251 30 101 49 17 61 53 28 35 17 18
internal_value=-1.53947e-05 -0.0020629 -0.00357964 0.00646887 0.0227296 0.0355425 -0.0102594 0.00427319 -0.00485084 -0.0304327 0.00959991 0.0335035 -0.000628463 -0.016149
internal_weight=271.096 251.248 242.419 96.8005 42.3139 31.8254 145.618 53.5221 42.8116 15.4539 27.3577 14.0194 10.0037 10.4885
internal_count=1248 1158 1118 445 194 146 673 243 194 70 124 63 45 48
is_linear=0
shrinkage=0.05


Tree=42
num_leaves=15
num_cat=0
split_feature=13 45 55 9 3 4 108 58 112 45 121 118 63 107
split_gain=5.50357 6.94794 5.34508 4.85988 10.8274 9.05605 8.0675 7.95687 7.38317 6.44195 6.42827 6.41471 6.50857 5.84165
threshold=0.069696925744565222 -0.038026585137788248 0.012175249450483655 0.0054524275338757649 -0.020484804620554777 -0.095744557802525929 0.03863899223552493 -0.020113662641498112 0.0028797900927339747 -0.023751585174091705 -0.043194491749702739 -0.0098708598391334511 -0.014188849326633193 -0.013061013700577492
decision_type=2 2 2 2 2 2 2 2 2 2 2 2 2 2
left_child=3 -2 -3 6 10 -6 13 -8 -9 11 -5 -7 -13 -1
right_child=1 2 -4 4 5 9 7 8 -10 -11 -12 12 -14 -15
leaf_value=0.0012197014457458544 -0.031603628765193938 0.055490977281391532 0.0014097218031039577 -0.030903190086265159 0.070807884501925905 -0.022676086134734066 0.058460305487773791 0.03778297370282159 -0.039214936905894414 -0.021862804968904633 0.035545088110438917 0.089513401555853189 0.011005057153372673 -0.021364696121492874
leaf_weight=45.306543901562691 4.7601355314254787 12.490497261285784 7.2038003653287879 4.1043783575296393 3.622663512825965 7.9610073566436794 8.3253422081470507 5.6621756106615049 6.9161628037691116 41.443229585886002 32.149380937218666 3.7831679582595834 8.7360704541206324 77.799514219164848
leaf_count=207 23 56 33 20 16 36 37 27 32 194 152 16 40 359
internal_value=-1.49226e-05 0.0226064 0.0357091 -0.00226541 0.0060965 -0.00603074 -0.00817642 0.0205427 -0.0045541 -0.010526 0.0280223 0.0124149 0.0347294 -0.013053
internal_weight=270.264 24.4544 19.6943 245.81 101.8 65.5461 144.01 20.9037 12.5783 61.9235 36.2538 20.4802 12.5192 123.106
internal_count=1248 112 89 1136 474 302 662 96 59 286 172 92 56 566
is_linear=0
shrinkage=0.05


Tree=43
num_leaves=15
num_cat=0
split_feature=0 10 63 4 110 77 39 41 27 67 86 66 88 96
split_gain=5.3329 7.62408 6.59606 6.95812 6.08562 6.23068 6.16383 6.06964 6.19581 5.55105 7.94043 7.5938 9.52542 7.90856
threshold=0.15820797443705117 0.0027764507369558811 -0.061598042795586359 -0.14741754790150727 0.021925191174529429 -1.0000000180025095e-35 0.037536837572972943 0.070983140019988997 -0.065149457928985896 0.0051597190901628382 -0.060237171163248046 -0.0031329227017919121 -0.037330070793356533 -0.0072988019410153262
decision_type=2 2 2 2 2 2 2 2 2 2 2 2 2 2
left_child=2 4 -1 -4 6 -6 -2 8 -5 11 -11 12 -10 -14
right_child=1 -3 3 7 5 -7 -8 -9 9 10 -12 -13 13 -15
leaf_value=0.026870348652748174 0.057528179978781416 -0.011417047903344227 0.060294199860921688 -0.037281890238955222 0.03389811854202994 -0.060123041638438714 -0.0011477037744850032 -0.042812318097973596 0.040919591091619197 0.054128139588214767 -0.015859688225400612 0.01863667359373215 0.0033669080183264888 -0.043401106285701131
leaf_weight=16.767268151044846 17.403730593621738 17.257509171962738 3.9120413810014716 13.722913756966589 3.7325268685817719 3.3378059715032569 6.0253835767507544 11.19389648735523 7.6914070546627036 4.2815820574760428 75.794084429740906 52.02090251445771 17.821186706423759 18.343971952795975
leaf_count=76 82 82 18 64 19 16 29 52 34 19 350 238 82 87
internal_value=-1.32479e-05 0.0151414 -0.00327997 -0.00574863 0.0301689 -0.010488 0.0424382 -0.00703485 -0.00492341 -0.00239971 -0.0121175 0.00571646 -0.00960899 -0.0203551
internal_weight=269.306 47.757 221.549 204.782 30.4994 7.07033 23.4291 200.87 189.676 175.953 80.0757 95.8775 43.8566 36.1652
internal_count=1248 228 1020 944 146 35 111 926 874 810 369 441 203 169
is_linear=0
shrinkage=0.05


Tree=44
num_leaves=15
num_cat=0
split_feature=129 83 117 77 17 17 108 108 105 99 65 112 87 102
split_gain=5.2609 5.03396 5.79904 9.5205 6.07687 8.27875 6.17948 6.04972 5.52484 5.24509 7.48409 7.46409 6.3703 8.90203
threshold=1.0000000180025095e-35 0.022904228253269109 -0.045270654576846044 0.0021355608102729203 0.038395708820127217 0.025877841818056298 -0.0041539606734326221 0.012273465189470702 0.010483817283082264 0.019977304011805096 -0.062966153075383932 -0.034350600828153874 -0.015251276153427692 -0.021395789762432591
decision_type=2 2 2 2 2 2 2 2 2 2 2 2 2 2
left_child=1 2 3 -1 5 9 -7 -6 -9 10 -4 -11 -13 -14
right_child=-2 -3 4 -5 7 6 -8 8 -10 11 -12 12 13 -15
leaf_value=0.049753815817029839 0.016381189490122777 0.0091097452845979084 0.044381133075435682 -0.028093526280291378 -0.049375539572308058 -0.0046975255931496736 0.077542799091482928 0.031092154172215621 -0.042780077229309627 -0.041769908161113027 -0.021548538652192049 0.047436190975496867 0.046609268508969737 -0.023911633788538274
leaf_weight=10.395604729652407 41.388199254870415 62.255574315786362 4.5925346016883841 6.312222644686698 17.74652369320393 4.2263217121362686 4.9704417884349805 5.7927818745374662 4.4950353652238846 6.8164584934711447 68.619372576475143 10.600830852985384 6.7069137990474728 13.447431921958922
leaf_count=45 221 276 20 28 83 19 21 26 22 33 316 47 29 62
internal_value=-1.29876e-05 -0.00300238 -0.00758006 0.0203431 -0.010732 -0.00583481 0.0397497 -0.0316908 -0.00118469 -0.00961904 -0.0174128 0.00556788 0.0160596 -0.000443861
internal_weight=268.366 226.978 164.722 16.7078 148.015 119.98 9.19676 28.0343 10.2878 110.784 73.2119 37.5716 30.7552 20.1543
internal_count=1248 1027 751 73 678 547 40 131 48 507 336 171 138 91
is_linear=0
shrinkage=0.05


Tree=45
num_leaves=15
num_cat=0
split_feature=76 35 45 31 118 30 109 7 78 97 76 74 40 27
split_gain=5.11691 5.16321 7.43342 6.73231 6.89662 8.1963 7.52401 6.7543 6.68416 11.2077 7.07068 6.34109 5.98821 5.8423
threshold=0.078866153388520169 -0.0094153061535408953 0.0060196492950161185 0.036808186752893247 0.03652423227133067 0.035510249818799876 -0.0044411585836696271 0.076751119395110631 -0.019838968867406544 0.034744263171704586 -0.010050021613942871 -0.042565092988756048 0.0053575723862825048 0.0080149386421729338
decision_type=2 2 2 2 2 2 2 2 2 2 2 2 2 2
left_child=1 2 8 4 7 6 -6 11 10 -10 -1 -3 -8 -4
right_child=-2 3 13 -5 5 -7 12 -9 9 -11 -12 -13 -14 -15
leaf_value=-0.043763329112631658 0.037648015944442864 0.010732625935830393 -0.021469244285394175 0.014240983844770991 0.066356159112007831 -0.057675781976247779 -0.034158290801684768 0.01623845367911696 0.043419486815091203 -0.028670228839255848 0.020372002767339695 -0.027256067870579756 0.050562955556671611 0.014501512989654554
leaf_weight=7.2459973245859173 8.7239127904176694 12.745924755930899 28.604917407035828 29.917625561356544 7.4935732483863893 3.2291825711727133 5.4543855488300306 13.195102915167807 32.094450064003468 6.4801098257303229 10.560637950897215 79.504963263869286 3.3770523369312286 18.646586731076241
leaf_count=33 40 59 132 137 34 16 26 62 151 30 48 377 15 88
internal_value=-1.47568e-05 -0.00128556 0.00735336 -0.00706459 -0.0121639 0.0151088 0.029506 -0.0172214 0.0196124 0.0313092 -0.00572638 -0.0220073 -0.00176174 -0.00727431
internal_weight=267.274 258.551 103.633 154.918 125 19.5542 16.325 105.446 56.3812 38.5746 17.8066 92.2509 8.83144 47.2515
internal_count=1248 1208 482 726 589 91 75 498 262 181 81 436 41 220
is_linear=0
shrinkage=0.05


Tree=46
num_leaves=15
num_cat=0
split_feature=0 54 109 100 125 117 10 37 20 72 106 129 108 121
split_gain=4.99259 7.53736 6.97251 6.38929 7.66962 6.25751 8.31731 6.20257 6.42718 5.8553 7.33738 5.19021 6.38403 6.00416
threshold=0.10383377908431225 -0.059849303571589109 -0.035295822620281622 0.014001185509025453 0.057108943543250225 0.00062836827624439295 0.066291936075337371 0.0018181893715239377 0.0059500305608164187 0.0020566092005916115 -0.023666871986660846 1.0000000180025095e-35 0.054538922952121892 0.013260408005375318
decision_type=2 2 2 2 2 2 2 2 2 2 2 2 2 2
left_child=1 -1 -3 4 5 6 7 8 -4 10 -5 12 -2 -14
right_child=11 2 3 9 -6 -7 -8 -9 -10 -11 -12 -13 13 -15
leaf_value=0.040215172107148256 -0.0020317672863118053 -0.046164144534071236 -0.036822655277397448 0.031791743127936312 0.055042537825087147 -0.039863181047249979 0.063149248647855191 -0.050112525743630482 0.039517628130694024 0.036754633643986089 -0.042177301223881962 0.024681646124711454 0.058203455947813211 -0.020742616037820207
leaf_weight=7.236983433365821 126.89790397882462 13.367191746830938 4.8071169108152443 5.9190985858440399 3.4179245531558982 24.970639377832413 3.8643984198570243 8.2398341298103315 6.4651895761489868 13.029487550258635 7.7320487350225466 28.511301189661026 8.6283863931894285 3.3409688472747794
leaf_count=32 564 67 23 27 15 120 17 41 29 60 39 162 37 15
internal_value=-1.50034e-05 -0.00891245 -0.0127848 -0.007097 -0.0173415 -0.0224587 -0.00386742 -0.0171401 0.00696203 0.0127791 -0.0101045 0.00525026 0.00126073 0.0361675
internal_weight=266.428 99.0499 91.8129 78.4457 51.7651 48.3472 23.3765 19.5121 11.2723 26.6806 13.6511 167.379 138.867 11.9694
internal_count=1248 470 438 371 245 230 110 93 52 126 66 778 616 52
is_linear=0
shrinkage=0.05


Tree=47
num_leaves=15
num_cat=0
split_feature=128 26 18 48 43 79 12 31 62 34 28 16 66 29
split_gain=4.84658 6.89025 5.73108 6.36127 7.08436 6.06972 5.98054 6.17252 5.85647 6.5464 6.94452 7.80651 8.91153 5.46962
threshold=-0.48155139937572805 -0.040480574959500061 0.08507888663097847 0.0079933229994979486 -0.072108791580106954 0.0016492978132785132 -0.041910157144719198 0.012127088150064571 0.04315696931389728 -0.058831636754028402 0.0056200165958694972 -0.0050817029871019596 0.038488859411807928 0.0023356325720364102
decision_type=2 2 2 2 2 2 2 2 2 2 2 2 2 2
left_child=-1 -2 3 4 -3 -6 -7 -8 9 -5 -11 13 -13 -12
right_child=1 2 -4 8 5 6 7 -9 -10 10 11 12 -14 -15
leaf_value=0.0071960160279800692 -0.031541996539492072 0.055631946540371659 -0.047158045433374478 0.068601842385619879 -0.029699952118612257 0.066781887934491968 -0.030177612554785495 0.020904955379304344 0.051434808564325613 -0.020780315277185456 0.012572131672612112 -0.033949816628900169 0.063692752524369456 0.096580265308156776
leaf_weight=124.00986938923597 22.767268568277359 3.8747948929667464 6.4982486069202414 3.8532872498035422 30.015944480895996 3.2335241585969952 12.345407202839853 11.350992962718008 8.7294350862503034 19.44826477766037 3.4439466297626522 7.9099605679512006 3.3165268748998642 4.4296920150518417
leaf_count=584 107 19 30 17 142 15 61 54 39 94 16 37 15 18
internal_value=-1.66297e-05 -0.00635041 -0.00150834 0.0011414 -0.00978667 -0.014238 0.00299585 -0.00570816 0.0141404 0.00646241 0.000250971 0.0216656 -0.00510427 0.0598349
internal_weight=265.227 141.217 118.45 111.952 60.8207 56.9459 26.9299 23.6964 51.1311 42.4017 38.5484 19.1001 11.2265 7.87364
internal_count=1248 664 557 527 291 272 130 115 236 197 180 86 52 34
is_linear=0
shrinkage=0.05


Tree=48
num_leaves=15
num_cat=0
split_feature=87 4 7 14 50 79 22 65 117 31 9 0 25 31
split_gain=4.7526 5.71879 7.6505 6.93815 6.70077 6.67229 7.8097 6.40588 6.34354 6.06619 7.72951 6.54697 8.22648 6.3545
threshold=-0.060309170950299959 -0.0099835821848944916 -0.082298692692830466 -0.02786179984894854 -0.048384149138915859 0.027170798948605305 0.03684719108790991 0.020296330342978435 0.044551554057221422 -0.00085049630333174065 -0.026433501847380716 0.15361874941423817 -0.014737424905287245 -0.010416246568460409
decision_type=2 2 2 2 2 2 2 2 2 2 2 2 2 2
left_child=-1 2 -2 5 -5 6 -4 -8 9 10 -6 12 -11 -12
right_child=1 -3 3 4 8 -7 7 -9 -10 11 13 -13 -14 -15
leaf_value=0.026137177760500896 -0.059586251100387115 -0.0074652501020370443 0.040356775511319068 0.048224754068638992 -0.082218520755722085 0.071048769027570832 0.012123311281180568 -0.076011481627031766 -0.058984384500169657 -0.047695950848207984 0.0099198386457382461 0.076429595994047889 0.03097245769439896 -0.059304408452166883
leaf_weight=16.299133390188217 3.9653782695531836 158.06681384146214 14.074990406632429 6.5875001251697531 3.742305949330329 7.6298311203718177 5.7808451205492002 3.2045857012271881 4.9781978875398627 4.8572170287370708 16.383208833634857 4.2203286066651335 10.522116780281069 4.1561677306890479
leaf_count=80 18 744 66 31 17 36 26 15 25 23 78 21 48 20
internal_value=-1.69632e-05 -0.0017347 0.00831838 0.0114444 0.000887004 0.0305181 0.0171081 -0.0193093 -0.00549532 0.000572843 -0.0161293 0.0212649 0.00612681 -0.00408777
internal_weight=264.469 248.169 90.1027 86.1373 55.447 30.6903 23.0604 8.98543 48.8595 43.8813 24.2817 19.5997 15.3793 20.5394
internal_count=1248 1168 424 406 263 143 107 41 232 207 115 92 71 98
is_linear=0
shrinkage=0.05


Tree=49
num_leaves=15
num_cat=0
split_feature=76 26 79 128 36 8 20 13 5 47 68 25 15 40
split_gain=4.63566 4.72401 6.8973 6.50331 5.77028 7.05383 7.87686 6.90786 8.23459 8.4121 6.55073 7.50182 6.64347 7.77513
threshold=0.078866153388520169 -0.040480574959500061 0.081294871046740214 -0.48155139937572805 0.036542882555889215 -0.024337897062061509 0.0055733804516499051 0.072028801534377976 0.0039234398282801137 -0.016413312637905773 0.018530617816874876 -0.034238984475532343 -0.0031507212265432208 0.023917264681265756
decision_type=2 2 2 2 2 2 2 2 2 2 2 2 2 2
left_child=1 3 4 -1 7 6 -6 8 9 -3 12 -12 -11 -14
right_child=-2 2 -4 -5 5 -7 -8 -9 -10 10 11 -13 13 -15
leaf_value=0.0037287128355387141 0.036064501690048753 -0.038532138349690312 0.059618102640140141 -0.035789520804647965 -0.035312037306198016 0.035772168679916838 0.037081772466805579 0.034221068867717495 0.0054662811941988583 -0.040852075450474798 -0.023294886738536316 0.045639413777178686 -0.015412933340481695 0.06026904995218349
leaf_weight=20.207791090011597 8.6112164109945279 29.765397518873208 5.0319532454013816 21.473397880792618 9.8393827080726606 22.634687379002571 6.0787528902292243 11.274224065244196 76.763480670750141 16.312851235270497 6.242124758660796 10.732674539089201 14.002628028392804 4.4791663438081732
leaf_count=95 40 146 24 102 46 107 26 54 362 79 30 49 66 22
internal_value=-1.6395e-05 -0.0012356 0.00177472 -0.0166304 0.000376214 0.0178367 -0.00766658 -0.00359347 -0.00628668 -0.0173519 -0.00517403 0.0202903 -0.017597 0.00292902
internal_weight=263.45 254.839 213.157 41.6812 208.125 38.5528 15.9181 169.573 158.298 81.5348 51.7694 16.9748 34.7946 18.4818
internal_count=1248 1208 1011 197 987 179 72 808 754 392 246 79 167 88
is_linear=0
shrinkage=0.05


Tree=50
num_leaves=15
num_cat=0
split_feature=123 129 32 97 108 106 10 37 36 64 36 13 84 120
split_gain=4.35121 4.43981 5.70514 6.93629 5.50579 5.58335 5.51397 5.00379 4.9538 6.41445 6.80733 5.93747 8.41665 7.28676
threshold=0.076660784782377686 1.0000000180025095e-35 0.039947738448939486 -0.013537208915767951 0.0045297435056120515 -0.0031588231145953227 -0.031679333612458956 0.0072138562453474492 0.037480895238563385 -0.055218227664258955 0.060118180585568053 0.005280477253786559 0.015246633661094239 -0.050600640182098221
decision_type=2 2 2 2 2 2 2 2 2 2 2 2 2 2
left_child=1 8 3 -3 6 7 -5 -6 11 -10 -11 13 -13 -1
right_child=-2 2 -4 4 5 -7 -8 -9 9 10 -12 12 -14 -15
leaf_value=0.026888631932613843 -0.043696089783522296 0.038202304324759691 0.05876983006375569 0.02326341475592144 0.033796165598278138 0.057285841453514674 -0.059073033040992477 -0.059681056872550022 0.072322203457861584 0.028617652317236033 -0.014352831720875895 -0.0061648352656491073 0.029458504568832922 -0.01808784863957499
leaf_weight=10.01350589096546 5.5804621130228034 11.876685030758379 6.6209622398018828 2.8209894299507141 2.6439732760190937 4.5456617847085008 7.2830987647175807 3.1221621185541153 4.2028291672468177 18.42804291844368 18.438857033848763 53.354008972644806 24.05733685195446 89.451171383261681
leaf_count=45 28 67 39 16 15 27 36 15 18 81 86 246 110 419
internal_value=-1.7068e-05 0.000931892 0.016489 0.00782013 -0.00985432 0.0158483 -0.0360853 -0.0168185 -0.00184578 0.0137979 0.00712611 -0.00547816 0.00490593 -0.0135599
internal_weight=262.44 256.859 38.9135 32.2926 20.4159 10.3118 10.1041 5.76614 217.946 41.0697 36.8669 176.876 77.4113 99.4647
internal_count=1248 1220 215 176 109 57 52 30 1005 185 167 820 356 464
is_linear=0
shrinkage=0.05


Tree=51
num_leaves=15
num_cat=0
split_feature=0 110 126 59 12 13 52 63 41 27 117 95 6 4
split_gain=4.25881 6.43696 8.46142 6.07667 7.0954 5.41106 5.77234 5.38096 5.85552 5.68914 5.32007 5.23579 5.18155 6.16842
threshold=0.15820797443705117 0.020863193041419616 -0.0084873478028292572 0.043285345409892782 -1.0000000180025095e-35 0.061555993571195788 -0.0068270506498422515 -0.061598042795586359 0.070983140019988997 -0.065149457928985896 0.00451573500947265 -0.084789195643815637 -0.037318716107933893 0.076193724605855398
decision_type=2 2 2 2 2 2 2 2 2 2 2 2 2 2
left_child=7 3 -3 4 -2 6 -6 -1 9 10 -9 -11 -13 -14
right_child=1 2 -4 -5 5 -7 -8 8 -10 11 -12 12 13 -15
leaf_value=0.024648180602845612 0.054709816483301088 0.043656841020158578 -0.047162020697035699 -0.02452492763522128 -0.066166743675977427 0.061961636092061539 0.016087560562948248 -0.0044321912724002059 -0.04097472206124958 -0.073899955679538082 -0.067821187354087639 0.015663049719171662 -0.0027541666325741395 -0.067527857074203709
leaf_weight=16.305809512734413 16.860012292861938 3.7712964043021193 8.0158288627862913 5.2977764233946791 3.4125015884637824 3.0751333385705939 5.6882632002234486 6.9228871315717679 10.832562670111654 2.4142857193946829 6.342561200261116 41.416680723428726 127.36965907365084 3.7847147583961478
leaf_count=76 86 20 39 25 16 15 27 33 52 12 31 197 601 18
internal_value=-1.35141e-05 0.0137755 -0.0181045 0.0247202 0.0337053 0.00462031 -0.0147552 -0.00296613 -0.00522786 -0.00317087 -0.0347401 -0.000777637 0.000245352 -0.00462334
internal_weight=261.51 46.1208 11.7871 34.3337 29.0359 12.1759 9.10076 215.389 199.083 188.251 13.2654 174.985 172.571 131.154
internal_count=1248 228 59 169 144 58 43 1020 944 892 64 828 816 619
is_linear=0
shrinkage=0.05


Tree=52
num_leaves=15
num_cat=0
split_feature=76 12 58 85 14 0 96 74 88 37 83 35 119 94
split_gain=4.24042 4.63613 4.42215 6.38293 6.19399 4.84899 4.84163 6.51825 8.46111 6.43291 6.64772 6.16686 6.28495 5.66609
threshold=0.078866153388520169 -0.0048039807667395774 0.040962442618424112 -0.049586516151680908 -0.045159776540305098 0.1821409926511329 -0.0092663958089838679 -0.041917167576717797 0.036653692409034939 0.023730341203782479 0.030408841021682884 -0.027864239516109047 0.034585747772633839 0.0071546115485326559
decision_type=2 2 2 2 2 2 2 2 2 2 2 2 2 2
left_child=2 -2 6 -4 -5 -6 7 -1 9 11 -11 13 -13 -9
right_child=1 -3 3 4 5 -7 -8 8 -10 10 -12 12 -14 -15
leaf_value=0.043572637163128092 0.067796066987792877 -0.0064457172476013033 0.030882504155347636 0.021944092311625286 -0.043115088359869123 0.023995800304346976 -0.0048412195128307856 0.075241495036710015 0.039858529312470192 -0.045904224804885568 0.031944014935727301 -0.01163281621949956 0.043487708437562007 -0.0023676165692711119
leaf_weight=12.722199007868765 4.7167041301727295 3.7944429218769056 5.9370959848165503 5.679547891020774 23.81293743848801 3.0345646366477004 122.91841914504766 5.5423038676381093 14.212962247431276 13.099541410803797 3.4683864116668692 31.364222541451454 6.1925445348024359 4.0853306204080582
leaf_count=61 23 17 27 27 121 16 586 26 67 66 16 147 28 20
internal_value=-1.36336e-05 0.0346976 -0.00118566 -0.0167921 -0.0254941 -0.0355296 0.00162461 0.0103884 0.00497352 -0.00280376 -0.0296072 0.00660778 -0.00254427 0.0423093
internal_weight=260.581 8.51115 252.07 38.4641 32.527 26.8475 213.606 90.6875 77.9653 63.7523 16.5679 47.1844 37.5568 9.62763
internal_count=1248 40 1208 191 164 137 1017 431 370 303 82 221 175 46
is_linear=0
shrinkage=0.05


Tree=53
num_leaves=15
num_cat=0
split_feature=87 96 4 37 59 77 25 89 102 117 114 28 11 111
split_gain=4.07384 5.16773 4.9331 5.99285 5.59851 6.74598 6.90429 6.06103 5.39979 7.3335 5.41627 8.68876 10.8726 6.39175
threshold=-0.060309170950299959 0.0048279888533781946 -0.0099835821848944916 -0.056212048425658211 0.042147810263445912 0.015924314810517575 -0.026649858106380597 -0.0029805057127539774 0.0095812900357671021 0.061710074861264307 -0.00072904884154612211 0.028131745197839928 0.0011884279153818306 -0.060691771452440389
decision_type=2 2 2 2 2 2 2 2 2 2 2 2 2 2
left_child=1 -1 3 -2 5 6 -5 -7 10 -10 11 12 -4 -12
right_child=2 -3 8 4 -6 7 -8 -9 9 -11 13 -13 -14 -15
leaf_value=0.053599941442733924 0.044637036194032892 -0.0034235352639799947 0.025453436071882742 -0.014685330477092999 -0.029949729882230183 0.01226727359351508 0.032970881013446363 -0.035792803688327664 -0.02317266810736654 0.048244885573857865 -0.052744447562506659 -0.047729681702839283 -0.03184776474049382 0.017110157659277783
leaf_weight=7.7881542146205893 9.8319290578365308 8.110906742513178 19.611413672566414 10.071801729500288 10.941711470484732 13.447639644145967 30.969377681612972 12.808748655021189 56.6642726957798 3.8379857689142218 3.5294901281595221 12.338850632309912 14.325498461723326 45.360285244882107
leaf_count=40 46 40 91 49 54 63 150 62 275 18 17 59 69 215
internal_value=-1.30834e-05 0.0245094 -0.00161268 0.00784424 0.00322068 0.00861376 0.0212757 -0.011178 -0.00696307 -0.0186423 0.000462079 -0.0117985 0.00126537 0.0120672
internal_weight=259.638 15.8991 243.739 88.0712 78.2393 67.2976 41.0412 26.2564 155.668 60.5023 95.1655 46.2758 33.9369 48.8898
internal_count=1248 80 1168 424 378 324 199 125 744 293 451 219 160 232
is_linear=0
shrinkage=0.05


Tree=54
num_leaves=15
num_cat=0
split_feature=44 65 77 104 7 19 77 45 102 123 87 50 46 45
split_gain=4.01109 6.14759 4.66001 5.83048 6.0598 5.98268 5.49313 6.12845 6.04158 7.50364 6.27905 6.42007 5.8816 5.42979
threshold=-0.079648501174321512 -0.04153605770615075 0.017194670456161576 -0.017015307079212384 0.084165449114938576 -0.085874872249564901 0.059704587530392851 0.026683729245000311 -0.038401620961463136 0.010848159187542219 -0.0048021458693065242 0.0076721793570738031 0.0036433314086018504 -0.046075549807311836
decision_type=2 2 2 2 2 2 2 2 2 2 2 2 2 2
left_child=1 -1 3 4 13 -5 8 -8 9 -4 12 -12 -10 -2
right_child=2 -3 6 5 -6 -7 7 -9 10 -11 11 -13 -14 -15
leaf_value=-0.023916621374892241 0.047994078469852659 0.05415934443791455 -0.028959165692717576 0.060327228420981066 0.072502625391435149 -0.0055742292704466694 0.032880187155003508 -0.027742980414921865 -0.032802285658232101 0.060858623075687159 -0.022899002018168451 -0.071383538294450724 0.018844641690849286 0.0046198220975810283
leaf_weight=3.730984166264534 8.5876654610037786 7.7755755633115751 4.3990430086851102 3.5599698424339286 4.4126330986618987 105.59284508228302 12.377141281962396 6.2860782742500296 10.25374047458172 4.9328720197081566 19.152049660682682 10.610215738415716 11.921612940728663 45.153263285756111
leaf_count=18 41 37 21 17 21 510 58 31 52 23 91 52 56 220
internal_value=-1.36244e-05 0.0288433 -0.00135663 0.00338809 0.0161759 -0.00342488 -0.0112878 0.0124613 -0.0185219 0.0185187 -0.0251772 -0.0401837 -0.00503656 0.0115509
internal_weight=258.746 11.5066 247.239 167.306 58.1536 109.153 79.9328 18.6632 61.2695 9.33192 51.9376 29.7623 22.1754 53.7409
internal_count=1248 55 1193 809 282 527 384 89 295 44 251 143 108 261
is_linear=0
shrinkage=0.05


Tree=55
num_leaves=15
num_cat=0
split_feature=76 26 79 69 102 88 109 98 80 22 19 109 94 51
split_gain=3.97202 4.37206 6.15528 5.66231 5.50325 6.20613 6.36803 6.56967 5.05227 7.02035 6.8235 6.83505 7.87337 7.87656
threshold=0.078866153388520169 -0.040480574959500061 0.081294871046740214 0.038100656203376305 0.042237686619422989 -0.033082991150475555 -0.035295822620281622 0.011532919025414061 -0.0096078359690193529 -0.030266497874898688 0.052240496758319065 -0.039686013232675517 -0.071903728940595588 0.050076597489364022
decision_type=2 2 2 2 2 2 2 2 2 2 2 2 2 2
left_child=1 3 8 4 5 -1 -7 -8 9 -3 11 -10 -13 -14
right_child=-2 2 -4 -5 -6 6 7 -9 10 -11 -12 12 13 -15
leaf_value=0.047420225206412869 0.033880891128151784 0.016460688485299961 0.057021065498041007 -0.054357065086297909 -0.060056138758336479 0.052101477478512695 -0.045262359705752223 0.01394612440926711 -0.027496073765177226 -0.017186232508640265 0.041777217152198481 -0.07141659712290227 0.016874783313935805 -0.026181909757969038
leaf_weight=5.7217823863029507 8.3632614165544492 20.515931263566017 4.9231423735618582 7.824454814195632 4.2633738443255416 3.4274661839008358 11.811576902866365 7.7650904282927504 15.744454145431517 63.443127386271954 12.638599231839178 3.005586937069892 76.178726471960545 12.342694193124769
leaf_count=26 40 98 24 37 22 16 58 38 78 309 60 15 366 61
internal_value=-1.3773e-05 -0.00114944 0.00177627 -0.0161166 -0.00704666 0.000820769 -0.0107698 -0.0217773 0.000442187 -0.00896439 0.00702852 0.00293447 0.00816912 0.0108713
internal_weight=257.969 249.606 208.792 40.8137 32.9893 28.7259 23.0041 19.5767 203.869 83.9591 119.91 107.271 91.527 88.5214
internal_count=1248 1208 1011 197 160 138 112 96 987 407 580 520 442 427
is_linear=0
shrinkage=0.05


Tree=56
num_leaves=15
num_cat=0
split_feature=0 54 41 109 57 37 22 84 13 102 20 58 88 123
split_gain=3.83117 5.94746 7.29685 7.77697 6.03142 6.238 6.52908 6.96834 6.32971 8.8842 5.43316 7.18772 5.24993 5.09904
threshold=0.10383377908431225 -0.059849303571589109 -0.037773827315203047 -0.033887616009013223 0.058120285203833631 0.0018181893715239377 -0.013879375589439073 -0.025274530588959742 0.027502897985780442 -0.004141096668970023 -0.0073254858980752674 -0.011302082045370631 0.021835904433589733 -0.06588336529786408
decision_type=2 2 2 2 2 2 2 2 2 2 2 2 2 2
left_child=1 -1 -3 -4 5 8 7 -7 9 -5 11 -8 -11 -2
right_child=13 2 3 4 -6 6 10 -9 -10 12 -12 -13 -14 -15
leaf_value=0.036454101483702657 -0.044002907374722566 -0.044223549006866446 -0.047209449794350461 0.03915258157782428 -0.039004976061064817 0.075891454369966194 -0.053757940305457746 -0.019253931989057248 0.067381035858450997 0.0053126887924767451 -0.062984535051106835 0.032865715032418766 -0.062077021896047163 0.0062811377580844763
leaf_weight=6.9796142876148215 5.2091373950242987 14.272233620285986 9.5772544145584089 13.227300554513929 8.1884589195251447 3.6722206026315689 4.2818195372819936 4.0431857258081463 6.092039853334426 7.7541366964578682 7.0444260686635944 5.4337069392204285 4.6072261780500412 156.74742961674929
leaf_count=32 25 74 52 62 40 16 22 21 27 37 38 26 23 753
internal_value=-1.48117e-05 -0.00797641 -0.0114926 -0.00517318 0.00108364 0.00692921 -0.0120303 0.0260314 0.0215766 0.0106717 -0.0295519 -0.005311 -0.0198043 0.00466381
internal_weight=257.13 95.1736 88.194 73.9218 64.3445 56.1561 24.4754 7.71541 31.6807 25.5887 16.76 9.71553 12.3614 161.957
internal_count=1248 470 438 364 312 272 123 37 149 122 86 48 60 778
is_linear=0
shrinkage=0.05


Tree=57
num_leaves=15
num_cat=0
split_feature=129 7 113 105 87 64 45 79 111 83 127 98 56 14
split_gain=3.71271 4.56066 4.32219 4.86452 4.82893 5.19947 5.01657 4.77313 4.28695 4.20471 6.7611 9.08546 5.87407 6.29146
threshold=1.0000000180025095e-35 0.03922859086862205 -0.047331854049667013 -0.020128297391678141 -1.0000000180025095e-35 0.0070457469638572521 -0.0028597773952209926 -0.0045197555565065989 -0.087315818698868286 -0.0085082606674624275 0.03170098658401807 0.045908627516083968 0.07343320800664703 -0.0052626387625825553
decision_type=2 2 2 2 2 2 2 2 2 2 2 2 2 2
left_child=8 2 -2 -4 6 -6 -5 -8 -1 -10 12 -12 13 -11
right_child=1 -3 3 4 5 -7 7 -9 9 10 11 -13 -14 -15
leaf_value=-0.060792338053109067 0.053521703158446766 0.050084862345652154 0.036032620705501138 0.054292544309273473 -0.00075097711724279349 -0.069921658843096174 0.034227729560154359 -0.057426574569675926 -0.010066831252083352 0.01876091967621947 -0.037228907419528889 0.044624232460551257 0.056031498808295645 -0.0066210982574755467
leaf_weight=3.1155093908309928 4.1608955711126354 7.2176755592226973 6.6572380289435413 4.1251607760787055 5.3175054788589424 5.554796576499939 2.4994240403175398 3.2906527966260875 88.4645164757967 50.203075870871544 17.404312551021579 4.2102256119251242 6.3536896258592597 47.526312574744225
leaf_count=16 24 49 39 25 28 25 15 16 423 231 86 19 28 224
internal_value=-1.80131e-05 0.014224 0.00603456 -0.00116496 -0.0130775 -0.0360912 0.0121575 -0.0178618 -0.00256278 -0.00171569 0.00416174 -0.021285 0.00944617 0.00641751
internal_weight=256.101 38.8233 31.6057 27.4448 20.7875 10.8723 9.91524 5.79008 217.278 214.162 125.698 21.6145 104.083 97.7294
internal_count=1248 221 172 148 109 53 56 31 1027 1011 588 105 483 455
is_linear=0
shrinkage=0.05


Tree=58
num_leaves=15
num_cat=0
split_feature=17 108 87 9 115 103 59 44 17 123 36 114 48 54
split_gain=3.62984 6.55482 5.48856 5.49185 5.79552 5.46924 6.07019 5.44939 4.92994 6.04044 7.07751 6.91929 7.1196 7.73718
threshold=0.039114790232842055 0.054538922952121892 -0.060309170950299959 -0.022029225467858207 0.022103458469802512 -0.047490662267622864 -0.031447264756778372 -0.073149473124920525 0.028181901339312174 0.051256709106150745 0.0084367430761192966 0.014761955425258487 0.0061899737455127484 0.005506853035897514
decision_type=2 2 2 2 2 2 2 2 2 2 2 2 2 2
left_child=2 -2 -1 4 5 -4 -7 -5 9 10 11 -9 13 -13
right_child=1 -3 3 7 -6 6 -8 8 -10 -11 -12 12 -14 -15
leaf_value=0.035833746579451625 -0.017543224127075228 0.049513988516267995 -0.053474934590535594 0.053276866645338927 -0.036916844863501143 -0.030679202499652378 0.015909563775865131 -0.018248139795217663 0.036429191730829473 -0.036997887101553918 0.019542974568702232 0.023695326963292334 0.050975721018345577 -0.056744479246375282
leaf_weight=11.924721933901308 45.514786757528782 3.9614475518465033 4.5980516672134391 5.9344520568847647 16.595194831490517 9.3090198412537557 28.085917010903358 41.296155653893948 10.913942940533159 9.4675301462411863 45.9943031296134 7.721138648688795 8.8965777978301031 4.8779708296060562
leaf_count=62 226 19 21 30 81 45 134 203 52 47 222 37 45 24
internal_value=-1.51808e-05 -0.0121741 0.00291057 0.000883623 -0.0119014 -0.00201555 0.00431185 0.00642796 0.00427554 0.001308 0.00464171 -0.00627329 0.016732 -0.00744838
internal_weight=255.091 49.4762 205.615 193.69 58.5882 41.993 37.3949 135.102 129.168 118.254 108.786 62.7918 21.4957 12.5991
internal_count=1248 245 1003 941 281 200 179 660 630 578 531 309 106 61
is_linear=0
shrinkage=0.05


Tree=59
num_leaves=15
num_cat=0
split_feature=76 12 26 79 61 10 18 1 35 45 12 114 19 8
split_gain=3.56581 4.0745 3.92913 5.49361 5.37158 5.30639 4.88815 5.19986 5.05254 8.66644 6.84019 5.86528 5.70163 5.8796
threshold=0.078866153388520169 -0.0048039807667395774 -0.040480574959500061 0.081294871046740214 -0.019732346889693633 -0.005010651014053724 0.08507888663097847 0.0056299813033370534 -0.010635377447751908 0.026683729245000311 0.048420518673048744 0.052952155191493537 -0.018807197040150717 -0.014794150628531033
decision_type=2 2 2 2 2 2 2 2 2 2 2 2 2 2
left_child=2 -2 4 6 5 -1 8 -8 9 11 12 -4 13 -11
right_child=1 -3 3 -5 -6 -7 7 -9 -10 10 -12 -13 -14 -15
leaf_value=0.034924952482430043 0.064507024849818601 -0.0063166698560870212 0.028441576384406548 0.05448305844106998 -0.030598553462780287 -0.022052932310460276 -0.057025782488178606 0.018283220190087175 -0.0042414655434015588 -0.076120364451732647 -0.065992807870906292 -0.030637760263318454 0.02599945830594115 0.017386116678810858
leaf_weight=8.2325364500284213 4.4836272299289703 3.7120290249586088 48.283626198768616 4.8129679486155501 23.749698154628277 8.1133931428194028 7.1202522963285428 3.3802950009703636 116.36750709265471 3.7254483997821808 4.946649193763732 4.6014005541801444 9.5578367039561272 3.0636351257562682
leaf_count=39 23 17 233 24 118 40 35 18 573 18 23 24 48 15
internal_value=-1.52951e-05 0.0324291 -0.0010964 0.00169263 -0.0154159 0.00664366 0.000428852 -0.0327826 0.00225906 0.0124567 -0.0144768 0.0233012 0.00111219 -0.0339247
internal_weight=254.151 8.19566 245.955 205.86 40.0956 16.3459 201.047 10.5005 190.546 74.1786 21.2936 52.885 16.3469 6.78908
internal_count=1248 40 1208 1011 197 79 987 53 934 361 104 257 81 33
is_linear=0
shrinkage=0.05


Tree=60
num_leaves=15
num_cat=0
split_feature=0 26 80 105 8 113 90 31 91 74 50 106 65 115
split_gain=3.45004 5.38731 5.5245 7.33978 6.37838 6.08469 5.70391 5.20254 4.72583 4.40719 4.27982 6.44677 4.25575 4.73816
threshold=0.10383377908431225 0.042138928680551697 -0.0093416207540338927 -0.028923939046072687 -0.033398521468030219 0.00095091484366981855 0.035937755953028415 0.022761984792310806 -0.0070717804030982542 -0.0064481582384982488 -0.028659938932047418 -0.011399064983443822 0.087389571873968522 0.057122802519802944
decision_type=2 2 2 2 2 2 2 2 2 2 2 2 2 2
left_child=1 2 3 9 6 8 -4 -7 -6 -1 11 -5 13 -2
right_child=12 -3 4 10 5 7 -8 -9 -10 -11 -12 -13 -14 -15
leaf_value=-0.019783343112227032 0.0034919180160032587 -0.041619928256874932 -0.038200461235256555 0.053939867649867371 0.071492559215903334 -0.02397619803566766 0.035419085897057168 0.040704334542632843 0.018772418761450985 0.045322118735218485 -0.045717806298174908 -0.037863121353356038 -0.048516566939435894 0.040147388910660636
leaf_weight=4.5785111635923386 147.07879555225372 10.380715720355509 10.603013426065443 3.1494391709566116 7.140946373343465 9.8998762965202314 3.4993708431720725 4.5321765169501296 10.502498798072342 6.0133152306079847 18.011479027569294 4.8685803860425967 3.7067761123180381 9.3781468048691732
leaf_count=23 713 56 55 14 34 51 17 22 52 28 94 24 18 47
internal_value=-1.59152e-05 -0.00766568 -0.00340876 -0.0179116 0.00809271 0.0204143 -0.0199325 -0.00366422 0.0401102 0.0171791 -0.0321906 -0.00180335 0.00443456 0.00568907
internal_weight=253.344 93.1799 82.7992 36.6213 46.1779 32.0755 14.1024 14.4321 17.6434 10.5918 26.0295 8.01802 160.164 156.457
internal_count=1248 470 414 183 231 159 72 73 86 51 132 38 778 760
is_linear=0
shrinkage=0.05


Tree=61
num_leaves=15
num_cat=0
split_feature=123 13 76 86 96 36 70 36 92 15 51 108 5 47
split_gain=3.3992 3.44698 6.61463 4.72774 3.95803 3.75246 6.68112 6.71963 5.73408 4.41394 5.95441 4.34873 5.19614 5.94672
threshold=0.076660784782377686 0.069696925744565222 -0.00086146318961969552 -0.015541201022666781 0.019082586639639451 0.037480895238563385 0.027770307904445936 0.068608007883460928 0.014100933138468769 0.038613279696561538 0.050076597489364022 0.03863899223552493 0.0039234398282801137 -0.016413312637905773
decision_type=2 2 2 2 2 2 2 2 2 2 2 2 2 2
left_child=1 5 3 -3 -4 11 9 8 -8 10 -7 12 13 -1
right_child=-2 2 4 -5 -6 6 7 -9 -10 -11 -12 -13 -14 -15
leaf_value=-0.033942622526676389 -0.040085833122428485 0.040542750926419416 0.065197474508696576 -0.033574299743702275 0.0062275306437325961 0.049676450721923594 0.039832254182210702 -0.07018370556982971 -0.045434748308969139 -0.010886429676224933 -0.014657135998604546 0.013929658642806845 0.0022566590729390726 -0.0058934086081295261
leaf_weight=29.61673641949892 5.1844050660729399 3.1185945272445679 7.9215117096900922 6.9387705028057116 4.4406148120760918 17.623897813260562 5.2516821026802045 4.110717996954917 3.1569596081972122 6.2998635321855536 4.5189130157232276 28.32198765873909 73.709420867264271 52.20362201333046
leaf_count=152 28 15 39 33 23 84 25 20 15 30 23 138 363 260
internal_value=-1.7377e-05 0.000822846 0.0195182 -0.010592 0.0440148 -0.00104155 0.0126439 -0.0177928 0.00781942 0.026041 0.0365472 -0.00409066 -0.00737216 -0.0160465
internal_weight=252.418 247.233 22.4195 10.0574 12.3621 224.814 40.962 12.5194 8.40864 28.4427 22.1428 183.852 155.53 81.8204
internal_count=1248 1220 110 48 62 1110 197 60 40 137 107 913 775 412
is_linear=0
shrinkage=0.05


Tree=62
num_leaves=15
num_cat=0
split_feature=129 7 60 113 77 4 105 123 106 25 109 98 126 11
split_gain=3.38403 4.12557 4.002 4.23763 4.47177 5.26385 5.20736 4.38269 4.76179 3.94469 5.18768 4.9406 4.70075 4.81293
threshold=1.0000000180025095e-35 0.03922859086862205 -0.052677757267901131 -0.047331854049667013 -0.034069202794188846 -0.062438109964255459 -0.035860095960816726 -0.0055008117333728247 0.010870308899941252 0.062195208920818666 0.015394583457680506 -0.010435920133549813 -0.016872831544136022 0.033345325359312422
decision_type=2 2 2 2 2 2 2 2 2 2 2 2 2 2
left_child=9 2 -2 -4 -5 -6 -7 8 -8 12 11 -11 13 -1
right_child=1 -3 3 4 5 6 7 -9 -10 10 -12 -13 -14 -15
leaf_value=0.018424483873312088 0.055417226092236239 0.048746951690179001 0.050650184439685511 0.03647618789123204 0.045726268192047559 0.03478022006471556 -0.046528905209360538 -0.065508407489516862 0.046015604484888395 -0.044281394708176991 -0.06409734981643106 0.017118826057211961 -0.0058647166687610169 -0.012709833954544177
leaf_weight=49.172916144132614 3.6121921986341503 6.8975636363029471 3.5130735039711025 4.530948266386992 2.7161850258708098 2.6505270302295818 3.3670902997255423 8.0613131672143599 2.3671932443976402 5.4372134804725656 5.6887787431478491 8.2435220330953598 128.74597842246294 16.604290202260017
leaf_count=234 21 49 21 27 19 16 16 37 15 26 28 40 619 80
internal_value=-1.67249e-05 0.0137922 0.00596885 -0.000596425 -0.00819492 -0.0187575 -0.0294074 -0.0417396 -0.00832522 -0.00245167 -0.0239698 -0.00728382 -0.000309016 0.0105652
internal_weight=251.609 37.7161 30.8185 27.2063 23.6933 19.1623 16.4461 13.7956 5.73428 213.893 19.3695 13.6807 194.523 65.7772
internal_count=1248 221 172 151 130 103 84 68 31 1027 94 66 933 314
is_linear=0
shrinkage=0.05


Tree=63
num_leaves=15
num_cat=0
split_feature=99 15 31 23 79 21 59 107 18 11 96 42 53 0
split_gain=3.3129 5.51237 5.76841 5.87349 3.84696 4.70726 4.49668 5.78818 6.57612 6.98259 5.59321 6.99861 6.28166 6.12949
threshold=0.055443238036198689 -0.025665375501177434 0.0011011860617231573 0.006890571109355966 0.0800773023854464 0.012431072515019051 -0.02453904614281022 -0.013061013700577492 -0.02330012639340099 -0.012048874830289795 -0.0039635510440734984 0.00070451348578656997 0.029318546065617949 0.18017719433623047
decision_type=2 2 2 2 2 2 2 2 2 2 2 2 2 2
left_child=4 -2 -3 -4 6 -6 10 -8 9 -9 11 12 -1 -12
right_child=1 2 3 -5 5 -7 7 8 -10 -11 13 -13 -14 -15
leaf_value=-0.041777150547103035 -0.024136599058921918 0.06867218312559531 0.040081574675262674 -0.048436011487124918 0.069640260979894411 -0.010546440011105647 0.013746713629053359 0.036745231037705148 -0.014236223951113059 -0.010698770737898388 -0.03741947879979942 0.025078256154004497 0.034438185606559119 0.02973204205056142
leaf_weight=11.19702246040106 5.3339135050773647 6.8723709061741811 4.8772521317005157 3.0434463769197464 4.0891216918826094 3.3131107613444328 60.316898435354233 15.747698761522772 70.609039254486561 15.280232436954973 27.563741669058803 15.052085898816584 3.5640651285648337 3.8760999590158454
leaf_count=57 27 33 25 15 21 17 297 76 354 75 140 72 18 21
internal_value=-1.4e-05 0.0194403 0.0351527 0.00606961 -0.00171192 0.0337501 -0.00288795 0.00147651 -0.0058053 0.0133806 -0.0144276 0.00108812 -0.023375 -0.0291406
internal_weight=250.736 20.127 14.7931 7.9207 230.609 7.40223 223.207 161.954 101.637 31.0279 61.253 29.8132 14.7611 31.4398
internal_count=1248 100 73 40 1148 38 1110 802 505 151 308 147 75 161
is_linear=0
shrinkage=0.05


Tree=64
num_leaves=15
num_cat=0
split_feature=111 13 76 66 46 87 118 30 85 91 44 56 67 47
split_gain=3.21064 3.45673 4.78303 4.12961 4.4378 3.92317 4.3276 7.20927 4.91715 5.11233 4.54329 4.50583 5.23307 4.38876
threshold=-0.087315818698868286 0.069696925744565222 -0.00086146318961969552 0.019925319557776783 -0.01331648814042065 -0.060309170950299959 0.03652423227133067 0.035510249818799876 -0.0049179129346417112 -0.0345877010879495 -0.078132585058149587 0.021792733965276919 0.022381905834908965 -0.049751662398587214
decision_type=2 2 2 2 2 2 2 2 2 2 2 2 2 2
left_child=-1 5 3 4 -3 -2 10 8 11 -10 -7 12 -8 -12
right_child=1 2 -4 -5 -6 6 7 -9 9 -11 13 -13 -14 -15
leaf_value=-0.046502976095342291 0.025319692694595719 0.015070871098184098 0.040601606439299158 0.039299856054594684 -0.069403430084754178 0.027114752322741461 -0.0083094483348310228 -0.030513883978694124 -0.015566280823315033 0.057583344757227387 -0.029562112884124494 -0.04351441440367651 0.070440829288226023 -0.0049239713015398253
leaf_weight=3.6594447195529929 13.168419651687143 2.8831302672624588 12.112870961427687 3.2065175473690033 3.374412730336191 9.7582155093550664 5.6507570222020167 7.5131294578313819 2.9531365036964408 12.493675597012041 20.645116820931435 3.8518500477075568 3.3662684410810471 145.15945626050234
leaf_count=20 69 15 62 15 16 49 29 39 14 59 105 20 15 721
internal_value=-1.36257e-05 0.000677555 0.019793 -0.00683944 -0.0304823 -0.00115916 -0.00280864 0.0130275 0.0245806 0.0435985 -0.00604048 0.00175284 0.0210899 -0.00799178
internal_weight=249.796 246.137 21.5769 9.46406 6.25754 224.56 211.392 35.8288 28.3157 15.4468 175.563 12.8689 9.01703 165.805
internal_count=1248 1228 108 46 31 1120 1051 176 137 73 875 64 44 826
is_linear=0
shrinkage=0.05


Tree=65
num_leaves=15
num_cat=0
split_feature=76 12 83 25 117 99 99 14 93 105 25 70 17 17
split_gain=3.17671 3.69269 3.58562 6.02022 5.76225 6.4785 5.6138 4.91779 5.38083 4.86394 4.85035 4.73845 4.53917 6.2178
threshold=0.078866153388520169 -0.0048039807667395774 0.022904228253269109 0.062195208920818666 -0.020935914764251131 0.05091626518126819 -0.024819820433423276 -0.031230369980539296 -0.034311775037440075 0.0033043627956778985 -0.022649590780207399 -0.001653056908767443 0.038395708820127217 0.025877841818056298
decision_type=2 2 2 2 2 2 2 2 2 2 2 2 2 2
left_child=2 -2 4 7 5 6 -1 10 -9 11 -4 -8 13 -6
right_child=1 -3 3 -5 12 -7 9 8 -10 -11 -12 -13 -14 -15
leaf_value=0.026349367919230871 0.06239313337219439 -0.005864383143750128 -0.0078032806642548171 -0.035080726383472989 -0.0093187650318024683 0.053436570578656445 0.038537337926847479 -0.025027609496831183 0.015389088224682827 -0.034499141027219633 0.059066703430324975 -0.02031937133512441 -0.029879260336208902 0.038367246229515088
leaf_weight=15.157667838037012 4.3120924830436707 3.6660103797912589 3.7584401965141288 7.01711481809616 93.390205562114716 7.2334014922380439 6.7420472428202602 10.662458181381224 36.173170916736126 12.458468094468115 9.7373748794198018 6.9394870623946234 24.360563658177853 7.3757634311914435
leaf_count=73 23 17 19 33 470 37 34 53 180 63 47 35 128 36
internal_value=-1.29113e-05 0.0310282 -0.00104047 0.00875263 -0.00483848 0.00978613 0.00214063 0.0138509 0.00618794 -0.0118972 0.0404441 0.0086843 -0.0105107 -0.00582829
internal_weight=248.984 7.9781 241.006 67.3486 173.658 48.5311 41.2977 60.3314 46.8356 26.14 13.4958 13.6815 125.127 100.766
internal_count=1248 40 1208 332 876 242 205 299 233 132 66 69 634 506
is_linear=0
shrinkage=0.05


Tree=66
num_leaves=15
num_cat=0
split_feature=18 127 124 39 89 83 94 83 108 61 91 63 24 48
split_gain=3.18888 3.70317 5.42581 6.52041 6.49141 6.12587 5.41852 4.99754 4.93401 5.16711 6.29671 6.1313 5.16518 4.89099
threshold=-0.097035851177030577 -0.0055015194255430954 0.0034326150874684075 0.082782966203040584 -0.03816099663425962 -0.041019709385422071 -0.046117899145068107 -0.056915572225415094 0.03863899223552493 -0.019732346889693633 0.011215784700567109 -0.030154586148490033 -1.0000000180025095e-35 0.082971114305704752
decision_type=2 2 2 2 2 2 2 2 2 2 2 2 2 2
left_child=-1 13 3 5 -4 7 -6 -3 9 10 -7 12 -11 -2
right_child=1 2 4 -5 6 8 -8 -9 -10 11 -12 -13 -14 -15
leaf_value=0.034216378387837268 0.0079296293683208761 0.0049273056304704761 0.018718914695208696 -0.060941153840825629 0.02230639579834795 0.032284939462456579 -0.030464770338327358 0.071204600052937009 0.036881928460717632 -0.023075439117051781 -0.027040356829672593 -0.029701907960765436 0.066770049747355523 -0.057662661044102836
leaf_weight=6.6231574714183798 102.14591690897942 5.4363984614610672 10.307496160268782 3.8324867039918891 5.4491512402892104 14.157268948853014 45.328175604343414 5.9650812745094282 7.7419065982103339 2.9899294823408127 6.538449950516223 25.216352142393596 3.4403413236141196 2.9233877956867209
leaf_count=35 507 28 55 20 27 70 229 26 39 15 35 130 16 16
internal_value=-1.15684e-05 -0.00095038 -0.00638475 0.00259588 -0.017458 0.00600222 -0.0248017 0.0396026 -0.000373724 -0.00588417 0.0135422 -0.0185883 0.0249939 0.00610463
internal_weight=248.096 241.472 136.403 75.3182 61.0848 71.4857 50.7773 11.4015 60.0842 52.3423 20.6957 31.6466 6.43027 105.069
internal_count=1248 1213 690 379 311 359 256 54 305 266 105 161 31 523
is_linear=0
shrinkage=0.05


Tree=67
num_leaves=15
num_cat=0
split_feature=29 96 74 88 78 31 48 100 37 59 40 106 67 86
split_gain=3.14531 3.109 6.97343 6.31481 5.66735 5.96064 7.7121 5.61173 6.39785 4.88409 5.69965 5.84891 5.034 6.16529
threshold=-0.10859673730384116 -0.0092663958089838679 -0.03051740172380973 0.054773728051201488 -0.045128177313710764 0.034975411122167809 0.0073281031663643189 -0.038420019048351274 0.0097234458744641077 -0.036374750913959579 0.022007129806725204 -0.0047454497167189304 0.0071418534985132317 0.019899440330109184
decision_type=2 2 2 2 2 2 2 2 2 2 2 2 2 2
left_child=-1 2 7 4 -4 -6 -7 -2 -9 10 12 -12 13 -3
right_child=1 9 3 -5 5 6 -8 8 -10 -11 11 -13 -14 -15
leaf_value=0.061716339996362085 -0.032865971236847286 -0.040659700030297792 0.026709047199944175 0.044455499423828836 -0.019457224986400234 -0.0084341412272148399 0.078381167574862354 0.059166949479292852 0.0037266736439531866 -0.00079112048968316996 0.04973313831045896 -0.041080349323344874 -0.062943893135416956 0.042826425015476406
leaf_weight=2.0465589463710776 3.2074927613139179 6.6406643465161377 11.348905742168425 6.8789291977882376 48.694737419486046 7.6578555405139905 3.8413057178258896 13.580610387027265 8.4365541785955411 114.2772696390748 4.4186107963323593 2.9612681642174712 10.11229135841131 3.3154571950435638
leaf_count=10 19 35 53 35 249 37 19 67 44 575 21 16 52 16
internal_value=-1.22049e-05 -0.00052706 0.00605429 -0.00130118 -0.00570075 -0.0118113 0.0205666 0.0289219 0.0379233 -0.00534012 -0.0242792 0.0132931 -0.0380959 -0.0128582
internal_weight=247.419 245.372 103.646 78.4217 71.5428 60.1939 11.4992 25.2247 22.0172 141.726 27.4483 7.37988 20.0684 9.95612
internal_count=1248 1238 523 393 358 305 56 130 111 715 140 37 103 51
is_linear=0
shrinkage=0.05


Tree=68
num_leaves=15
num_cat=0
split_feature=129 32 97 114 41 115 12 60 74 104 77 27 78 79
split_gain=3.11901 4.12839 4.33445 5.6633 4.27988 5.40533 4.87427 4.19561 3.62151 5.55584 5.17024 4.96866 4.86893 6.44775
threshold=1.0000000180025095e-35 0.039947738448939486 -0.013537208915767951 -0.028389760795520583 -0.019334435090162212 0.0047265765536129859 0.00072931357336399765 0.011175005536828408 0.038688764561798927 -0.016563091709840588 0.019382575564148043 -0.042106151605527359 0.034525062478949063 -0.015324674838504365
decision_type=2 2 2 2 2 2 2 2 2 2 2 2 2 2
left_child=8 2 3 -2 -4 6 -6 -7 9 10 -1 -10 -11 -14
right_child=1 -3 4 -5 5 7 -8 -9 11 12 -12 -13 13 -15
leaf_value=0.02214770253710871 -0.031783054930720339 0.05102518175125758 0.025745586864448555 0.051060852951210489 0.051819429568603886 -0.013490099660588881 -0.035990564323167856 -0.092338760639825518 0.024691682245079102 -0.010617147171592988 -0.0095214876659387073 -0.025485659438054861 -0.02916683918031554 0.035621025889732948
leaf_weight=43.124607741832733 2.732096552848815 6.0956641733646384 6.2309690713882473 8.4228911176323908 3.2155403569340688 3.1587561294436455 3.1078213006258011 3.6212787553668022 5.9367522150278083 94.417639292776585 18.380812957882881 29.197415694594383 5.3657931238412884 13.50745142996311
leaf_count=209 14 41 38 55 22 19 16 16 29 460 90 148 27 64
internal_value=-1.11626e-05 0.0134612 0.00595108 0.0307706 -0.00836858 -0.0245907 0.00866236 -0.0556039 -0.00235901 0.000585243 0.0126834 -0.017007 -0.00598283 0.0172014
internal_weight=246.515 36.585 30.4894 11.155 19.3344 13.1034 6.32336 6.78003 209.93 174.796 61.5054 35.1342 113.291 18.8732
internal_count=1248 221 180 69 111 73 38 35 1027 850 299 177 551 91
is_linear=0
shrinkage=0.05


Tree=69
num_leaves=15
num_cat=0
split_feature=123 0 91 115 105 125 63 41 27 117 36 52 36 46
split_gain=3.07539 3.10144 4.87215 5.8175 4.37737 4.70429 3.94336 4.88694 4.85128 4.23674 4.17513 5.77763 5.37402 5.12931
threshold=0.076660784782377686 0.15820797443705117 -0.0083120575622920318 0.00049974856464488526 -0.017480885423265018 0.019571835606480108 -0.061598042795586359 0.070983140019988997 -0.065149457928985896 0.00451573500947265 0.037480895238563385 0.020984859553090599 0.030715760614268024 0.015148813358015675
decision_type=2 2 2 2 2 2 2 2 2 2 2 2 2 2
left_child=1 6 3 -3 5 -4 -1 8 9 -8 12 -12 13 -10
right_child=-2 2 4 -5 -6 -7 7 -9 10 -11 11 -13 -14 -15
leaf_value=0.022694396833970808 -0.03871495350162886 0.01725397804871634 -0.034472882896552461 -0.040502569963681123 0.042557362265466407 0.045740024182725998 -0.0051039931554488086 -0.037645049708178425 -0.008689418900965246 -0.064389556161310549 0.031281259994756311 -0.018003508458160938 -0.050239528796341998 0.012403108060856063
leaf_weight=15.163251690566538 5.0268336609005919 10.593719802796842 4.6903529763221767 7.4091214984655371 16.308440737426281 2.9950792193412781 6.5557739287614805 10.10019791126251 81.174439303576946 5.5772289484739304 21.185426190495495 8.2669960930943471 5.8460507839918128 44.692364655435085
leaf_count=76 28 57 24 38 88 16 33 52 414 29 103 40 31 219
internal_value=-8.59988e-06 0.000800228 0.0131449 -0.0065159 0.0278967 -0.00321322 -0.00181074 -0.0038368 -0.00186639 -0.032356 0.000428967 0.0174475 -0.00337657 -0.00119995
internal_weight=245.585 240.558 41.9967 18.0028 23.9939 7.68543 198.562 183.398 173.298 12.133 161.165 29.4524 131.713 125.867
internal_count=1248 1220 223 95 128 40 997 921 869 62 807 143 664 633
is_linear=0
shrinkage=0.05


Tree=70
num_leaves=15
num_cat=0
split_feature=128 94 37 114 43 97 58 92 20 9 26 61 29 48
split_gain=2.96393 5.51752 4.12926 5.55212 5.09068 4.86018 4.7652 5.28276 4.09923 5.51125 4.38077 4.78626 3.98802 3.97798
threshold=-0.48155139937572805 -0.080392578923898048 0.025344761910212055 0.044204942467708327 -0.040565024585043109 -0.0053117701845105487 -0.03414030845927709 0.015927122385686148 -0.092406168395297764 -0.097395365714087703 -0.040480574959500061 -0.029803286262446691 -0.065118483140282915 0.0404255945928075
decision_type=2 2 2 2 2 2 2 2 2 2 2 2 2 2
left_child=2 -2 12 4 -4 -6 -7 -8 -3 -10 11 -11 -1 -12
right_child=1 8 3 -5 5 6 7 -9 9 10 13 -13 -14 -15
leaf_value=0.048857254406230032 -0.074063502993840818 0.064365914453766646 -0.052662491004866002 -0.068785187684837421 0.036197863081127074 0.04637995429337155 -0.0016681484327277004 -0.07677337928559215 -0.059194059926610115 0.010587683918896687 -0.0036969580639455964 -0.044737961601015196 0.008315575434980552 0.021153192862502564
leaf_weight=6.573663316667079 2.8437222689390174 2.1777799725532523 4.2010046839714112 3.5594664067029944 8.7945529371500086 2.7790580242872283 6.8565549254417295 3.5553838908672333 4.4938426911830893 5.9158383086323765 82.941508986055851 11.52445839345455 78.527787946164608 19.984754778444767
leaf_count=34 15 11 21 19 46 16 36 18 23 29 424 61 394 101
internal_value=-9.58086e-06 -0.00518383 0.00584202 -0.0101941 -0.00222997 0.00740668 -0.0117886 -0.0273145 -0.00364197 -0.00482815 -0.00279842 -0.0259712 0.0114472 0.00112809
internal_weight=244.729 129.882 114.847 29.746 26.1866 21.9855 13.191 10.4119 127.038 124.86 120.367 17.4403 85.1015 102.926
internal_count=1248 664 584 156 137 116 70 54 649 638 615 90 428 525
is_linear=0
shrinkage=0.05


Tree=71
num_leaves=15
num_cat=0
split_feature=83 117 99 25 58 126 79 126 11 38 28 110 73 83
split_gain=2.91304 5.22553 5.37491 5.12956 5.02185 4.64987 4.39348 5.55575 6.85112 7.41303 6.59614 5.44736 5.83932 5.30312
threshold=0.022904228253269109 -0.020935914764251131 0.05091626518126819 0.062195208920818666 0.034942633041931188 0.031053410332931814 -0.031661774809509026 -0.016507513747150513 -0.0020929596587153914 0.0048825186350399371 0.021642033805495738 0.020863193041419616 -0.046808283366918439 -0.031721245933636628
decision_type=2 2 2 2 2 2 2 2 2 2 2 2 2 2
left_child=1 2 5 -2 6 -1 -3 8 10 -10 -8 12 -9 -13
right_child=3 4 -4 -5 -6 -7 7 11 9 -11 -12 13 -14 -15
leaf_value=0.011533531023884146 0.013554758286784298 -0.024724575955240899 0.050770816072489636 -0.032103163219198504 -0.028944290864899511 -0.031139144072460191 0.057966204313756355 0.064411864829908877 0.027364462922289029 -0.044374959077991272 -0.0073044340257021265 0.014157895984023889 -0.0056927078684367973 -0.057680844490017494
leaf_weight=34.720789737999439 60.041388891637325 20.24741692841053 7.0686320289969435 6.8538043051958075 24.757589630782604 7.8219952806830397 12.527005232870581 3.2555036693811408 7.2239600569009763 7.1800717562437057 5.6015869081020346 3.574298530817031 33.913028359413147 9.133200988173483
leaf_count=176 303 106 37 33 136 41 62 16 34 38 28 18 174 46
internal_value=-1.18803e-05 -0.0033708 0.0103961 0.00887684 -0.00873124 0.00368765 -0.00385645 0.00127075 0.0173454 -0.00839596 0.0377981 -0.00921425 0.000447586 -0.0374744
internal_weight=243.92 177.025 49.6114 66.8952 127.414 42.5428 102.656 82.4087 32.5326 14.404 18.1286 49.876 37.1685 12.7075
internal_count=1248 912 254 336 658 217 522 416 162 72 90 254 190 64
is_linear=0
shrinkage=0.05


Tree=72
num_leaves=15
num_cat=0
split_feature=129 32 7 64 113 63 41 128 83 127 98 56 14 110
split_gain=2.88488 3.84536 3.69893 3.89049 4.28476 4.23892 4.80954 5.05671 3.4841 5.71053 7.05678 5.25154 4.93307 7.60254
threshold=1.0000000180025095e-35 0.039947738448939486 0.03922859086862205 0.029836853232228251 -0.018291889335896195 0.037503438223557263 0.0066805832685255077 -1.0000000180025095e-35 -0.0085082606674624275 0.03170098658401807 0.045908627516083968 0.068784916105784563 -0.0052626387625825553 0.025219674805214653
decision_type=2 2 2 2 2 2 2 2 2 2 2 2 2 2
left_child=8 2 3 4 -2 6 7 -6 -1 11 -11 12 13 -10
right_child=1 -3 -4 -5 5 -7 -8 -9 9 10 -12 -13 -14 -15
leaf_value=-0.010019425429657837 0.049776674288134426 0.050211321955692195 0.044428139995148351 -0.035429353459720779 0.02821998763035663 -0.054320518144536138 0.054928691542307964 -0.062140929256148628 0.02861442133655543 -0.035353524957312019 0.037076150021777415 0.048691612732034234 -0.0067387777743660952 -0.016080943521726024
leaf_weight=85.374381802976131 4.8755049481988015 5.8430669307708731 5.1440623030066481 6.4863744378089896 3.1507890000939414 3.2836472019553176 3.8588787391781807 3.04412969946861 34.255629636347294 16.611361809074882 4.216509833931922 7.3727762922644606 46.33023452013731 13.172900572419165
leaf_count=429 31 41 39 33 20 16 26 15 163 88 20 34 228 65
internal_value=-1.24821e-05 0.0131185 0.00585602 -0.00217729 0.00966512 -0.00499766 0.0111116 -0.0161826 -0.00227259 0.00315037 -0.0206905 0.00806035 0.00486529 0.0162006
internal_weight=243.02 35.6865 29.8434 24.6993 18.2129 13.3374 10.0538 6.19492 207.334 121.959 20.8279 101.132 93.7588 47.4285
internal_count=1248 221 180 141 108 77 61 35 1027 598 108 490 456 228
is_linear=0
shrinkage=0.05


Tree=73
num_leaves=15
num_cat=0
split_feature=111 50 87 65 53 101 8 53 109 3 67 73 93 100
split_gain=2.81339 2.97529 5.74907 5.32263 5.27965 5.19158 5.78008 5.57902 4.82879 4.77512 4.98492 4.76546 4.67595 4.50351
threshold=-0.087315818698868286 -0.017775374410099246 0.034607882660197008 -0.02965922920601408 0.056012264174238442 0.041837804044107717 -0.025119798264837779 0.027980361180542552 0.00055959489413690878 -0.01863862578597034 0.021057422248985089 0.077159150135067703 0.0066353499088478594 0.017239890178185297
decision_type=2 2 2 2 2 2 2 2 2 2 2 2 2 2
left_child=-1 2 3 -2 11 6 -5 8 -8 -10 -11 -3 -4 -14
right_child=1 4 12 5 -6 -7 7 -9 9 10 -12 -13 13 -15
leaf_value=-0.044509314801370332 0.041753787772598291 -0.0024934460279443398 -0.042196684678638074 -0.023521472426600909 -0.034115738460028001 0.048408495799710578 -0.025884057092287693 0.046498079479330733 0.069124670727856483 0.02804494212472726 -0.05167154871042802 0.046627312376259555 -0.021746415676868223 0.05481074927195613
leaf_weight=3.5004493892192832 14.306874454021452 135.40591602027416 9.1319132670760172 15.445027954876418 12.908216759562491 6.7565085291862479 9.843314729630956 9.232316389679907 3.6431398093700382 5.7797823846340179 2.9682560116052628 5.1244460493326178 4.5809487849473944 3.3082269430160522
leaf_count=20 72 701 46 80 69 33 50 46 21 30 15 25 23 17
internal_value=-9.48368e-06 0.000643816 0.00814823 0.0146553 -0.00351321 0.00743143 0.00152969 0.0138257 0.000259291 0.0210271 0.000996712 -0.000702255 -0.0178384 0.0103569
internal_weight=241.935 238.435 84.9963 67.9752 153.439 53.6683 46.9118 31.4668 22.2345 12.3912 8.74804 140.53 17.0211 7.88918
internal_count=1248 1228 433 347 795 275 242 162 116 66 45 726 86 40
is_linear=0
shrinkage=0.05


Tree=74
num_leaves=15
num_cat=0
split_feature=96 42 47 30 88 114 59 106 40 106 67 20 28 10
split_gain=2.78489 7.09554 7.10581 4.84499 6.40593 4.49474 4.20458 4.68057 4.61674 4.93799 4.78119 5.18334 4.46272 4.14539
threshold=-0.0092663958089838679 0.0041548550994589964 0.0049794672655603311 -0.018754377998957093 0.0077598509381263956 -0.00072904884154612211 -0.036374750913959579 0.063707450265404614 0.022007129806725204 -0.0047454497167189304 0.0071418534985132317 -0.0039464422855041642 -0.0022153377696788484 0.011764024420427911
decision_type=2 2 2 2 2 2 2 2 2 2 2 2 2 2
left_child=1 5 3 -3 -5 -1 8 -8 10 -10 11 12 -2 -7
right_child=6 2 -4 4 -6 13 7 -9 9 -11 -12 -13 -14 -15
leaf_value=-0.020245491137424621 -0.031107266468444413 0.034154181740989088 0.042979194945614446 -0.040982869404617081 0.019034770653709329 0.026336719608880454 -0.002436082764849197 0.04971592493312034 0.045645624618881907 -0.039221826813621359 -0.059963216010908239 -0.059273979867444482 0.053341637460313111 -0.012750160286769386
leaf_weight=27.360694773495197 2.7799353003501919 8.7082090824842471 20.175399705767632 9.0089815631508845 8.7778244614601117 14.801808193325998 108.52064823359251 4.4798678904771796 4.3143040984869003 2.8437585532665244 9.6840319260954839 3.5109185501933124 3.5778688937425613 12.521820187568663
leaf_count=144 15 45 101 46 46 77 560 22 21 16 52 20 17 66
internal_value=-8.34673e-06 0.00630123 0.0206215 0.00359659 -0.011364 -0.00592043 -0.00458568 -0.000368534 -0.0224264 0.0119294 -0.0350037 -0.0105113 0.0164165 0.00842406
internal_weight=241.066 101.355 46.6704 26.495 17.7868 54.6843 139.711 113.001 26.7108 7.15806 19.5528 9.86872 6.3578 27.3236
internal_count=1248 525 238 137 92 287 723 582 141 37 104 52 32 143
is_linear=0
shrinkage=0.05


Tree=75
num_leaves=15
num_cat=0
split_feature=123 70 123 60 13 64 42 98 107 118 94 37 71 118
split_gain=2.81072 2.81377 4.55369 5.55595 4.83998 5.96955 5.86047 4.7231 4.43821 4.29125 5.54125 6.73153 5.94174 5.12269
threshold=0.076660784782377686 -0.02034439143907479 -0.0093155461703326777 0.046835338191285984 0.0045066106804229978 0.0062029364532397201 0.010382446558680659 0.052484809815488163 0.030981473045380032 0.035594652953141168 -0.045591769654068658 0.025996769487545233 -0.020175410259602466 0.0013899856151582039
decision_type=2 2 2 2 2 2 2 2 2 2 2 2 2 2
left_child=1 2 7 4 5 6 -4 8 -1 13 -11 12 -12 -3
right_child=-2 9 3 -5 -6 -7 -8 -9 -10 10 11 -13 -14 -15
leaf_value=-0.026058993753496646 -0.037677789817721158 0.0011022544592828992 0.054750837007749409 -0.026217181070706891 0.044070757307351646 -0.028947257135316335 -0.01627337170572029 0.047380326421678304 0.022369170368270921 0.081573475262017317 -0.01437870563490721 -0.037860263737930479 0.046563266411530524 -0.018888910911847405
leaf_weight=19.099477089941509 4.8521824926137915 84.866684779524803 8.0080582350492495 5.8817748725414267 18.800405964255333 6.8799939304590216 4.5572970360517493 3.5670572519302359 6.2887214571237555 2.846182823181155 6.4065032675862374 6.0127922818064681 10.646084807813166 51.485850393772125
leaf_count=100 28 440 40 30 94 38 23 18 33 14 33 32 55 270
internal_value=-9.23611e-06 0.000767382 0.00891375 0.0190238 0.0259814 0.00849192 0.0289912 -0.00649386 -0.0140632 -0.00290169 0.0157507 0.00762846 0.0236679 -0.00644628
internal_weight=240.199 235.347 73.0828 44.1275 38.2458 19.4453 12.5654 28.9553 25.3882 162.264 25.9116 23.0654 17.0526 136.353
internal_count=1248 1220 376 225 195 101 63 151 133 844 134 120 88 710
is_linear=0
shrinkage=0.05


Tree=76
num_leaves=15
num_cat=0
split_feature=129 94 7 60 67 95 91 9 91 43 99 122 8 73
split_gain=2.70055 3.40012 3.81257 3.35182 3.95034 3.88888 3.32192 5.95745 4.12977 5.45115 5.82519 5.9483 5.55267 5.24825
threshold=1.0000000180025095e-35 0.073322106567734621 0.03922859086862205 0.055268437681720579 0.0047820187059390484 -0.01310154173241254 0.039094796169730918 -0.023610373556298674 -0.0059784853967615355 -0.054303110328902192 0.040587592458323087 0.0090238291186668599 -0.028748397762943811 -0.066463384704156345
decision_type=2 2 2 2 2 2 2 2 2 2 2 2 2 2
left_child=6 2 3 4 -2 -6 8 -8 9 12 13 -12 -1 -11
right_child=1 -3 -4 -5 5 -7 7 -9 -10 10 11 -13 -14 -15
leaf_value=-0.03333646310314841 0.039345709434678591 -0.04302945515574233 0.053580609089944366 -0.02917314697979579 0.041258237049216308 -0.022930774472180795 -0.057419097103077243 -0.0049100764416126009 0.0081277263153076412 0.034088269747640461 0.040352098813645099 -0.029829418724489611 0.048845781296744654 -0.022016508943243487
leaf_weight=2.8130986019968987 10.542938329279428 2.5231152176856986 5.8981301188468924 4.6983240991830817 3.3946442827582359 7.7390597313642484 7.1674100160598782 21.927171185612679 87.042183727025986 4.4812253266572943 9.3532783687114698 4.4582581669092169 7.6303979605436307 59.683492422103882
leaf_count=15 70 14 48 24 21 44 41 112 431 21 44 23 37 303
internal_value=-7.69992e-06 0.0128694 0.0172396 0.00911277 0.0174111 -0.00335967 -0.00219817 -0.0178456 0.000396447 -0.00721438 -0.0117578 0.017698 0.0267089 -0.0180982
internal_weight=239.353 34.7962 32.2731 26.375 21.6766 11.1337 204.557 29.0946 175.462 88.4198 77.9763 13.8115 10.4435 64.1647
internal_count=1248 221 207 159 135 65 1027 153 874 443 391 67 52 324
is_linear=0
shrinkage=0.05


Tree=77
num_leaves=15
num_cat=0
split_feature=0 112 31 107 47 48 101 57 63 96 103 86 18 121
split_gain=2.72916 4.51 5.65655 5.16976 5.05514 6.10333 5.66076 5.00605 4.50569 4.77853 3.7157 6.38537 6.19927 5.39626
threshold=0.10383377908431225 -0.030830641439512939 0.022761984792310806 0.032959196421791577 0.0006498273448939069 -0.034665351629534914 -0.028509595772663935 0.058120285203833631 -0.0030321193844273123 -0.0039635510440734984 0.017965296736887491 -0.019164996849969414 0.063115475531002788 -0.067939769963548294
decision_type=2 2 2 2 2 2 2 2 2 2 2 2 2 2
left_child=1 3 4 -1 6 -6 -3 -4 -7 -10 13 -12 -13 -2
right_child=10 2 7 -5 5 8 -8 -9 9 -11 11 12 -14 -15
leaf_value=-0.042373644508676561 0.06651136991501698 0.020899457081203124 0.031056523473627497 0.02696747059017417 -0.052973205225772861 0.038842337688960109 -0.038631562581724441 -0.03767469038495156 0.021436681276284092 -0.048750094623135398 0.045893893613301595 0.011835463263617401 -0.05931140456812433 -0.0028935479373042592
leaf_weight=14.48532408475876 2.8785765916109076 5.0135497748851803 17.518003322184089 3.3004538491368285 3.7629302665591267 10.673011921346193 19.622408792376518 3.1213178783655158 5.8006031215190914 4.1672892868518749 12.86608089506626 28.265213325619701 3.4336870089173308 103.40122201293707
leaf_count=83 14 26 90 18 22 53 108 16 30 24 67 146 18 533
internal_value=-6.5873e-06 -0.00703346 -0.00129723 -0.0295062 -0.0105393 0.00559011 -0.0265167 0.0206622 0.0162665 -0.00790639 0.00406783 0.0161865 0.0041287 -0.00101372
internal_weight=238.31 87.4649 69.6791 17.7858 49.0398 24.4038 24.636 20.6393 20.6409 9.96789 150.845 44.565 31.6989 106.28
internal_count=1248 470 369 101 263 129 134 106 107 54 778 231 164 547
is_linear=0
shrinkage=0.05


Tree=78
num_leaves=15
num_cat=0
split_feature=44 65 77 98 50 77 110 59 45 82 27 50 20 26
split_gain=2.62154 4.401 3.31566 5.09109 5.37942 5.06641 4.93676 5.09327 4.81479 4.6788 4.94472 5.68311 5.14353 4.97355
threshold=-0.079648501174321512 -0.04153605770615075 0.015145677762764497 -0.042304719585992849 -0.0013026280869025888 0.059704587530392851 0.072742014301569277 -0.02453904614281022 0.026683729245000311 -0.062939475815388404 -0.024744349211662891 -0.031505114092220787 -0.046176430154769972 0.048671934692292314
decision_type=2 2 2 2 2 2 2 2 2 2 2 2 2 2
left_child=1 -1 6 4 -4 -5 7 -2 -7 -9 -11 -12 -13 -14
right_child=2 -3 3 5 -6 8 -8 9 -10 10 11 12 13 -15
leaf_value=-0.02156283628866279 -0.01036901805118004 0.047228771505424968 0.048330504545104389 -0.022456234673517522 -0.024453182122562925 0.029034881639397898 -0.04584285591510015 -0.033636334171328351 -0.029292888176411028 -0.0041761155028991331 0.045908342766874451 0.051535048594766389 0.011017981803396599 -0.05066373294816745
leaf_weight=3.4778164178133011 39.566318742930889 7.0139156654477102 7.0194692611694336 50.687637701630592 3.9770087674260122 10.73316613584757 4.9558421522378913 5.6321508288383475 5.2778682708740225 28.925704270601273 16.643355078995228 7.2695501074194899 42.579789504408836 3.5397700145840636
leaf_count=18 210 37 33 270 23 54 28 30 29 153 87 36 220 20
internal_value=-8.99812e-06 0.0244256 -0.0011393 -0.00951433 0.0220074 -0.0147113 0.00322451 0.00491136 0.00980775 0.0106919 0.0132148 0.0203978 0.0124453 0.00628378
internal_weight=237.299 10.4917 226.808 77.6952 10.9965 66.6987 149.112 144.157 16.011 104.59 98.9582 70.0325 53.3891 46.1196
internal_count=1248 55 1193 409 56 353 784 756 83 546 516 363 276 240
is_linear=0
shrinkage=0.05


Tree=79
num_leaves=15
num_cat=0
split_feature=127 18 39 94 127 24 10 57 27 33 106 115 53 86
split_gain=2.61788 4.85571 4.30904 5.15856 5.293 6.14954 5.32423 5.07081 4.83108 4.78072 4.95575 5.20442 7.35078 4.34216
threshold=-0.0055015194255430954 -0.049367331775053716 0.038775255631466034 -0.036775318022101551 0.0014011298228004138 -0.012319729598613216 -0.06178631791070021 0.01784770928239186 0.0082789572400311772 0.012674903990919513 0.022267657933683637 -0.0030259773254144805 0.012512756363333171 -0.041233266746967097
decision_type=2 2 2 2 2 2 2 2 2 2 2 2 2 2
left_child=-1 -2 3 7 -5 -6 -7 8 -3 10 11 -8 -13 -11
right_child=1 2 -4 4 5 6 9 -9 -10 13 -12 12 -14 -15
leaf_value=0.0059966740006420199 0.017827570533499409 -0.026973173845680144 -0.030992652650551636 -0.042686914232348223 -0.025053364480515941 -0.046803165967032621 0.041576720820455888 0.054795874361192654 0.049185098526022784 0.075942900450081868 -0.037694679011083046 -0.04468410756260905 0.046935675306551211 0.017227852981410923
leaf_weight=102.67914570868015 20.417817793786526 6.3856982514262217 18.143469944596291 10.519067279994486 23.916477859020233 4.2589383572340003 8.1677217110991478 6.659269042313098 3.0899405404925346 4.363822489976882 6.9017668068408957 6.2673243060708081 3.3645107075572014 11.309270933270453
leaf_count=535 113 35 100 56 126 24 40 32 16 20 38 35 18 60
internal_value=-8.2964e-06 -0.00461776 -0.00866095 -0.00440508 -0.00966268 -0.00459507 0.00636737 0.0213597 -0.00213849 0.0119761 -0.00172894 0.0122168 -0.0126803 0.0335757
internal_weight=236.444 133.765 113.347 95.2038 79.0689 68.5498 44.6334 16.1349 9.47564 40.3744 24.7013 17.7996 9.63184 15.6731
internal_count=1248 713 600 500 417 361 235 83 51 211 131 93 53 80
is_linear=0
shrinkage=0.05


Tree=80
num_leaves=15
num_cat=0
split_feature=129 94 7 83 56 33 100 62 113 20 77 46 1 82
split_gain=2.57415 3.16249 3.51552 3.10369 4.83531 4.74532 5.81095 6.29477 4.65873 4.50187 5.48212 5.00854 4.95576 5.4323
threshold=1.0000000180025095e-35 0.073322106567734621 0.03922859086862205 -0.0085082606674624275 0.068784916105784563 -0.015916687885595911 -0.024307898643071018 -0.017307339620079947 -0.011193827292265876 -0.016774665199287778 0.019382575564148043 0.0015492103219644172 -0.046868720288610735 0.042550959304639473
decision_type=2 2 2 2 2 2 2 2 2 2 2 2 2 2
left_child=3 2 -2 9 5 6 7 -5 -9 10 -1 -11 -13 -14
right_child=1 -3 -4 4 -6 -7 -8 8 -10 11 -12 12 13 -15
leaf_value=0.020400553890701875 0.0092387267588021037 -0.041101495454886561 0.05284490540361575 -0.034925925807616602 0.040336905452532996 0.0080423047261929323 -0.025518302387005976 -0.00010601697668619184 0.08041338027965729 -0.034298305934700422 -0.024609852117123798 0.02359279014307103 -0.034713443911569011 0.038215497613423598
leaf_weight=20.61902287602425 25.901799350976948 2.5281008556485167 5.6259570568799964 3.8065152168273926 8.0943268239498121 70.904850237071514 28.490470677614212 3.2469139397144318 4.0212395340204221 25.593091778457165 10.068221941590307 10.415584310889246 13.149497702717783 3.1687539517879477
leaf_count=103 159 14 48 21 39 352 152 16 18 139 52 51 69 15
internal_value=-8.90568e-06 0.0127054 0.01702 -0.00215694 0.00303448 0.000301269 -0.0135715 0.0171627 0.0444428 -0.00957154 0.00563303 -0.0184883 -0.00335291 -0.0205518
internal_weight=235.634 34.0559 31.5278 201.578 118.564 110.47 39.5651 11.0747 7.26815 83.0142 30.6872 52.3269 26.7338 16.3183
internal_count=1248 221 207 1027 598 559 207 55 34 429 155 274 135 84
is_linear=0
shrinkage=0.05


Tree=81
num_leaves=15
num_cat=0
split_feature=0 10 39 119 77 74 2 116 101 2 98 123 60 43
split_gain=2.54447 5.14261 4.97193 4.15339 4.06496 3.84183 8.58371 4.41574 4.4273 3.82109 3.49034 4.53799 4.99088 4.52209
threshold=0.15820797443705117 0.0027764507369558811 0.034837296674718736 -1.0000000180025095e-35 -0.01102113332301499 -0.046937490103298202 0.015413022857296369 -0.013884521059243262 -0.012993092948870627 -0.024649716715309782 0.048917888272149983 0.049482549879124198 -0.039483312192056759 0.013154317885855015
decision_type=2 2 2 2 2 2 2 2 2 2 2 2 2 2
left_child=5 2 -2 4 -3 6 7 -1 -9 -10 11 -7 -13 -12
right_child=1 3 -4 -5 -6 10 -8 8 9 -11 13 12 -14 -15
leaf_value=-0.04108035593159267 0.038735545603558109 -0.028959223754297322 -0.010161609700618659 -0.041554821348119567 0.041068769419453345 -0.0048902490659207386 0.053440670568445085 -0.040426573163860904 0.076081415364433524 0.00032312106928247787 -0.0040213322917538666 0.026131038826184186 -0.051340351799104657 0.048017669752151923
leaf_weight=5.8959167748689643 18.445415645837787 3.6023104414343825 7.2390189096331587 6.6048697605729094 4.8790998831391326 138.5102656930685 9.4578774049878103 2.6555462926626197 3.1373710408806792 3.5452674478292501 10.875086411833765 2.5999207869172087 10.373907737433909 6.7756715863943091
leaf_count=34 104 21 42 35 26 727 48 14 16 20 56 14 57 34
internal_value=-9.15839e-06 0.0113446 0.0249541 -0.0118257 0.0113258 -0.00239738 0.0160261 -0.00720225 0.0141876 0.0358902 -0.00508701 -0.00753882 -0.0358153 0.0159551
internal_weight=234.598 40.7707 25.6844 15.0863 8.48141 193.827 24.692 15.2341 9.33818 6.68264 169.135 151.484 12.9738 17.6508
internal_count=1248 228 146 82 47 1020 132 84 50 36 888 798 71 90
is_linear=0
shrinkage=0.05


Tree=82
num_leaves=15
num_cat=0
split_feature=4 123 41 36 130 83 46 74 100 75 74 42 2 0
split_gain=2.47968 4.74113 4.37199 3.04154 5.158 4.62445 6.6149 5.64431 5.05148 4.58133 4.93989 5.80979 5.98308 5.7656
threshold=-0.095744557802525929 -0.036698964107637767 -0.026301768649968471 -0.0014782814850431284 -1.2546337333109134 -0.015608237461146328 0.0188716058352177 -0.074120209352956157 -0.020742206839293276 -0.06623455417094902 -0.024450383281479252 0.007820116923626004 0.0061128156859176054 0.17674192713826783
decision_type=2 2 2 2 2 2 2 2 2 2 2 2 2 2
left_child=1 -1 -3 5 -5 6 -2 -7 -8 -6 11 12 -11 -12
right_child=3 2 -4 4 9 7 8 -9 -10 10 13 -13 -14 -15
leaf_value=-0.036128275485130812 -0.033392016853303529 -0.024723713591909755 0.045290895763144066 0.037985076902372274 0.059070550944694378 0.074202964657510972 0.055769124917710002 -0.0020462095304194234 -0.011786906847431408 -0.036086594920657057 -0.012973398170445509 0.045388676099232132 0.024389650319116669 0.039103439617697987
leaf_weight=3.2351992875337627 29.345151491463184 2.7956079021096238 11.014275342226025 10.389883749186991 3.2739975824952117 2.5225554034113875 4.0624180138111106 64.113220013678074 8.6785936132073385 7.1984677016735139 60.959380455315113 10.770257607102392 9.4700490310788137 5.8225604370236388
leaf_count=17 161 14 59 51 17 13 20 343 46 39 325 58 50 35
internal_value=-7.92511e-06 0.0183541 0.0311175 -0.00145286 0.00449499 -0.00735489 -0.0203304 0.000840269 0.00975305 0.000925993 -0.00109442 0.0167664 -0.00172763 -0.00843294
internal_weight=233.652 17.0451 13.8099 216.607 107.885 108.722 42.0862 66.6358 12.741 97.4947 94.2207 27.4388 16.6685 66.7819
internal_count=1248 90 73 1158 575 583 227 356 66 524 507 147 89 360
is_linear=0
shrinkage=0.05


Tree=83
num_leaves=15
num_cat=0
split_feature=17 58 45 60 68 18 87 69 42 118 98 40 49 49
split_gain=2.56035 5.07302 6.28958 5.72699 5.49994 4.48845 3.93473 3.94282 5.89508 5.22147 5.08609 4.86128 4.80759 4.87461
threshold=0.039114790232842055 -0.0090024675708915928 -0.01897952845299989 -0.050609996543492672 -0.020600132767853576 0.0014868173207087856 -0.060309170950299959 -0.0087890667343768925 0.000572561243299826 0.037755067837467543 -0.0080070106100291801 -0.038073500981096201 -0.040380268386000472 -0.021354953023206804
decision_type=2 2 2 2 2 2 2 2 2 2 2 2 2 2
left_child=6 3 -3 -2 5 -5 -1 8 -8 10 -9 -11 -12 -14
right_child=1 2 -4 4 -6 -7 7 9 -10 11 12 -13 13 -15
leaf_value=0.032029967853512302 -0.061010877515314865 0.0088967880767278473 -0.042825643010857145 0.026008071759255066 0.041730906291991693 -0.060669292308306137 -0.0034486170466279708 -0.02459137500184886 0.024789772263073311 -0.038821578764304865 -0.036547923989198344 0.032346305231868426 0.044510362126185699 -0.001077000420371108
leaf_weight=10.682622976601122 2.5317198187112835 8.9591669738292712 17.088653951883316 2.9127562269568488 10.41492627561092 3.0654158145189285 40.164233028888702 36.832853365689516 34.236206352710724 2.9037329331040409 7.6039684414863578 13.818299934267996 7.0708927288651457 34.354358106851578
leaf_count=62 14 47 95 16 55 18 214 201 177 16 41 74 38 180
internal_value=-6.58342e-06 -0.0107217 -0.0250357 0.00897977 0.019789 -0.0184373 0.0025612 0.00078249 0.0095456 -0.00557307 -0.0105512 0.0199882 -3.6901e-06 0.00670432
internal_weight=232.64 44.9726 26.0478 18.9248 16.3931 5.97817 187.667 176.985 74.4004 102.584 85.8621 16.722 49.0292 41.4253
internal_count=1248 245 142 103 89 34 1003 941 391 550 460 90 259 218
is_linear=0
shrinkage=0.05


Tree=84
num_leaves=15
num_cat=0
split_feature=18 76 96 42 46 108 65 121 18 48 88 54 90 48
split_gain=2.39026 3.50993 2.83241 6.29666 6.48693 6.41635 4.36247 4.36011 6.13697 5.93444 4.40574 4.29594 4.1495 4.41119
threshold=-0.097035851177030577 -0.00046209699136540226 -0.0092663958089838679 0.0041548550994589964 0.037045461735777337 0.02979066713787781 0.04239339487381575 -0.002513563676219588 -0.0041876115556853232 0.022923057608736055 0.014578793231369961 -0.065693482224520164 -0.020578750204994625 0.034647044353337424
decision_type=2 2 2 2 2 2 2 2 2 2 2 2 2 2
left_child=1 -1 3 5 6 11 7 10 -9 -10 -5 -2 -13 -14
right_child=2 -3 -4 4 -6 -7 -8 8 9 -11 -12 12 13 -15
leaf_value=-0.015064855559318135 0.036232918193127031 0.062113431375926322 -0.0055901067551259957 -0.036922834120450783 0.060359183112334583 0.027670711992732695 0.050429234609828948 0.052703936543767739 -0.037021820533274775 0.048524710801033405 0.025527219885613951 0.0053144479777826941 -0.044561954552977512 0.0028434450819626832
leaf_weight=2.47658471763134 3.61561644822359 3.6359204128384581 131.34189050272107 9.4391726329922694 7.9845052957534781 10.879884570837019 5.7583779096603385 7.7213563323020962 5.9736632853746396 3.0687162727117538 4.0299295037984839 10.583799771964545 18.511337123811252 6.6774237975478163
leaf_count=15 18 20 705 50 41 61 30 40 34 17 22 57 102 36
internal_value=-8.26407e-06 0.0308433 -0.000844224 0.00576983 0.0195876 -0.0063183 0.0105426 0.00294549 0.0199656 -0.00798986 -0.0182379 -0.0157068 -0.0209565 -0.031995
internal_weight=231.698 6.11251 225.586 94.2438 43.9757 50.2681 35.9912 30.2328 16.7637 9.04238 13.4691 39.3882 35.7726 25.1888
internal_count=1248 35 1213 508 234 274 193 163 91 51 72 213 195 138
is_linear=0
shrinkage=0.05


Tree=85
num_leaves=15
num_cat=0
split_feature=46 10 77 115 122 98 110 59 59 7 114 79 22 36
split_gain=2.38059 4.09847 3.01634 4.8574 4.52199 4.57339 4.38716 4.64972 4.88461 5.83692 5.60857 5.2017 4.79858 5.03391
threshold=-0.091576877502023576 -1.0000000180025095e-35 0.015145677762764497 0.059293338040004757 -0.04688099875022058 -0.042304719585992849 0.072742014301569277 -0.02453904614281022 0.0069472848245016438 0.081881162777384831 0.0053241859240022527 -0.022143474960284421 -0.043881869631571806 0.036542882555889215
decision_type=2 2 2 2 2 2 2 2 2 2 2 2 2 2
left_child=1 -1 6 4 -4 -6 7 -2 10 12 11 -9 -10 -14
right_child=2 -3 3 -5 5 -7 -8 8 9 -11 -12 -13 13 -15
leaf_value=-0.022018802198178904 -0.0097826416060594022 0.061533181242665505 0.022752347180300586 0.037461234886902187 0.017639697683833933 -0.021972613139306159 -0.043789630591255679 -0.029224081097768764 0.025734634002727172 0.050830709998847312 0.044202667520062848 0.023880270645679672 -0.018958846370632294 0.020128574920266137
leaf_weight=2.3409689888358116 39.053471334278584 3.9347259923815718 8.1721773818135244 5.2716355696320525 8.3919236585497838 55.315374948084354 4.7780541554093352 6.8535666242241886 11.791487149894236 5.5667835772037497 18.653529625386 14.094787679612635 35.838463068008423 10.695218741893767
leaf_count=14 213 21 43 30 44 301 28 37 63 28 98 78 193 57
internal_value=-6.96816e-06 0.0303665 -0.00085612 -0.00886538 -0.012263 -0.0167546 0.00333816 0.00491784 0.0104651 0.00191318 0.0242623 0.00650639 -0.0027557 -0.00997506
internal_weight=230.752 6.27569 224.476 77.1511 71.8795 63.7073 147.325 142.547 103.494 63.892 39.6019 20.9484 58.3252 46.5337
internal_count=1248 35 1213 418 388 345 795 767 554 341 213 115 313 250
is_linear=0
shrinkage=0.05


Tree=86
num_leaves=15
num_cat=0
split_feature=129 32 97 114 113 100 126 43 39 69 27 48 22 103
split_gain=2.32947 3.46547 3.30775 4.25761 3.42798 3.52419 2.90091 5.18895 5.60852 4.42334 4.09542 6.08354 4.96439 4.22255
threshold=1.0000000180025095e-35 0.039947738448939486 -0.013537208915767951 -0.026658144956030621 -0.015866627887098302 0.018014250943690576 -0.016872831544136022 0.0014424851478522678 0.029217377989176282 0.01016842308983096 -0.03459483193488077 -0.035437030708498733 0.039962815584508087 0.016707308039156543
decision_type=2 2 2 2 2 2 2 2 2 2 2 2 2 2
left_child=6 2 3 -2 -4 -6 7 8 -1 -10 12 -12 -9 -13
right_child=1 -3 4 -5 5 -7 -8 10 9 -11 11 13 -14 -15
leaf_value=-0.019051754572316407 -0.025016507934196904 0.049019793397654471 0.025119951417493222 0.048267293233798497 -0.039477141515306957 0.019288411308559725 -0.0065186404266538217 0.020238420001247408 0.052442447849973317 -0.023474669533785231 -0.032101028358729466 0.052688534454063053 -0.059044506015613445 0.0033945613669226146
leaf_weight=25.922105647623539 2.7285693809390068 5.3700773492455474 5.4942390210926559 7.2430069670081156 8.7540829479694349 3.6005980372428885 128.0532276853919 5.1179119721055013 5.8139268681406957 2.8638428151607513 3.417924381792548 16.301240205764774 3.2146292626857758 5.9228481352329245
leaf_count=139 15 41 37 54 49 25 672 26 28 16 19 79 18 30
internal_value=-6.1729e-06 0.0122462 0.00514799 0.0282143 -0.00773836 -0.0223507 -0.00207437 0.00622469 -0.00740444 0.0273882 0.0201047 0.0300006 -0.0103483 0.0395514
internal_weight=229.818 33.1906 27.8205 9.97158 17.8489 12.3547 196.628 68.5744 34.5999 8.67777 33.9746 25.642 8.33254 22.2241
internal_count=1248 221 180 69 111 74 1027 355 183 44 172 128 44 109
is_linear=0
shrinkage=0.05


Tree=87
num_leaves=15
num_cat=0
split_feature=35 119 68 35 97 99 14 78 31 50 73 118 119 96
split_gain=2.36641 4.01603 4.62797 4.92483 4.18067 5.37754 4.24796 4.10938 3.93333 4.62952 5.92737 4.78579 5.29654 4.83884
threshold=-0.0094153061535408953 -0.020069612369002308 0.042477678585236565 -0.019681425996194317 0.020187568105171833 0.047654653671770318 0.047557578798914375 -0.020553569528034953 0.036808186752893247 -0.036822087321176318 0.070774792715552773 0.027286902568375574 0.011866571667677839 -0.0086905674079165076
decision_type=2 2 2 2 2 2 2 2 2 2 2 2 2 2
left_child=1 -1 3 4 5 6 -3 -5 9 -2 11 13 -13 -11
right_child=8 2 -4 7 -6 -7 -8 -9 -10 10 -12 12 -14 -15
leaf_value=0.023416174793386216 0.012443714750993056 0.016285050906089397 0.036442127197326084 -0.033918680866536426 -0.033859981659391046 -0.047366797007888907 -0.045346772079325096 0.035427486461384675 0.012848916468222466 -0.0078340051295135004 0.040561053914062693 -0.015176356607451298 0.039143912914487114 -0.035230254162666973
leaf_weight=24.796908959746361 21.571617163717747 21.107431709766395 7.6350014507770529 2.6659359335899344 15.529719926416872 5.3213646635413161 3.2226945385336867 10.754203878343104 27.32868280261755 29.296994395554066 4.8176843076944342 11.72230049967766 7.2710551396012297 35.828214697539806
leaf_count=134 115 114 42 15 83 29 19 59 146 160 25 62 39 206
internal_value=-3.88958e-06 0.0062522 -0.000173472 -0.00494401 -0.0128437 -0.00183664 0.00812149 0.0216517 -0.00413569 -0.00833599 -0.0133761 -0.0164653 0.00561858 -0.0229059
internal_weight=228.87 91.0333 66.2364 58.6014 45.1812 29.6515 24.3301 13.4201 137.837 110.508 88.9362 84.1186 18.9934 65.1252
internal_count=1248 495 361 319 245 162 133 74 753 607 492 467 101 366
is_linear=0
shrinkage=0.05


Tree=88
num_leaves=15
num_cat=0
split_feature=128 94 86 22 14 123 16 107 78 100 121 34 106 26
split_gain=2.3319 4.48601 3.90963 5.97937 5.17507 4.27807 3.66499 4.0858 3.87277 4.10759 3.61192 3.94878 3.71036 3.53471
threshold=-0.48155139937572805 -0.080392578923898048 -0.043231459995615798 -0.002280921223863678 0.072088635075054627 0.051256709106150745 0.014493749892218376 -0.037335554227974362 0.038826808654065563 -0.045210772523513042 -0.026655156315795663 -0.037109706145923391 0.001804332833304251 -0.008403177439191856
decision_type=2 2 2 2 2 2 2 2 2 2 2 2 2 2
left_child=-1 -2 3 13 5 6 8 -8 9 -4 12 -12 -9 -3
right_child=1 2 4 -5 -6 -7 7 10 -10 -11 11 -13 -14 -15
leaf_value=0.0053790267534941788 -0.069864404986197434 0.023190467466896056 -0.036948149822486683 0.044538651899238051 -0.060847956958943288 -0.040160751590682636 0.019866608688514024 0.050416168836970032 -0.030969082261615401 0.014892543296503913 0.0048509611318609848 -0.046653390938437386 -0.029332299142912271 -0.047812611803452004
leaf_weight=106.85218352451921 2.5889016240835181 3.1844342276453972 4.1619093865156165 9.6970596313476545 4.2772954627871504 7.8057405501604071 6.6993622630834571 2.928128249943259 6.28127647191286 46.658513158559799 4.9335820823907897 15.147304140031334 2.9060271084308624 3.8989598676562336
leaf_count=584 15 18 24 51 26 45 36 15 37 245 29 86 16 21
internal_value=-5.42059e-06 -0.00475368 -0.00333215 0.0190295 -0.00701821 -0.00465724 -0.00156826 -0.0149401 0.00606924 0.0106471 -0.0239381 -0.0339995 0.010693 -0.0158922
internal_weight=228.021 121.168 118.58 16.7805 101.799 97.5218 89.7161 32.6144 57.1017 50.8204 25.915 20.0809 5.83416 7.08339
internal_count=1248 664 649 90 559 533 488 182 306 269 146 115 31 39
is_linear=0
shrinkage=0.05


Tree=89
num_leaves=15
num_cat=0
split_feature=29 44 65 83 117 58 99 4 99 73 93 0 95 118
split_gain=2.23148 2.29008 3.52076 2.70451 4.36321 4.10412 4.0563 4.97136 5.00914 3.9658 3.83876 4.18933 4.15952 5.51641
threshold=-0.10859673730384116 -0.079648501174321512 -0.04153605770615075 0.022904228253269109 -0.020935914764251131 0.035862104735855528 0.05091626518126819 0.033137088931650939 -0.030172191437824951 0.001974157159516367 -0.015833304318406297 0.15898874494923068 -0.010465434730264091 0.034983843152672764
decision_type=2 2 2 2 2 2 2 2 2 2 2 2 2 2
left_child=-1 2 -2 4 6 -6 7 8 -3 -9 11 -5 -12 -14
right_child=1 3 -4 10 5 -7 -8 9 -10 -11 12 -13 13 -15
leaf_value=0.0548953594381862 -0.018911401662348025 0.023110175162500683 0.044054558895069679 -0.019309285641481742 -0.0056688080139226955 -0.030193100850694557 0.0456233911209026 -0.0053995177340430281 -0.023490357341578866 0.05576578101023319 0.040725813414434472 0.036998867836333174 -0.0059452686185924516 0.053203814495445791
leaf_weight=1.8356846123933781 3.3374544158577919 8.2878214418888074 6.6308992058038694 18.119157686829571 89.955935087054968 21.051881179213524 6.232498124241828 4.5043769702315313 18.956277459859852 6.4374979957938194 12.526511043310164 4.0397236198186866 20.389163929969076 4.8865831382572642
leaf_count=10 18 46 37 95 492 126 34 26 104 33 69 24 110 24
internal_value=-8.85399e-06 -0.000456088 0.0229732 -0.00154042 -0.0050204 -0.0103197 0.00822319 0.00211894 -0.00931419 0.0305862 0.0074801 -0.0090439 0.0171661 0.00549008
internal_weight=227.191 225.356 9.96835 215.387 155.426 111.008 44.4185 38.186 27.2441 10.9419 59.9611 22.1589 37.8023 25.2757
internal_count=1248 1238 55 1183 861 618 243 209 150 59 322 119 203 134
is_linear=0
shrinkage=0.05


Tree=90
num_leaves=15
num_cat=0
split_feature=17 60 76 96 123 31 105 87 69 42 56 98 47 62
split_gain=2.24585 4.12271 4.19297 4.091 4.28969 3.88367 3.44582 3.36505 3.30049 4.85975 4.72212 4.6174 4.38997 4.82786
threshold=0.039114790232842055 -0.040833694755772643 0.0057011203388988079 -0.032033191183405828 -0.0093155461703326777 -0.0097017398637211771 -0.0081701472278663829 -0.060309170950299959 -0.0087890667343768925 0.000572561243299826 0.056401973258975911 -0.0081678823497539702 0.0049794672655603311 -0.0026477628909647964
decision_type=2 2 2 2 2 2 2 2 2 2 2 2 2 2
left_child=7 -2 3 -3 -5 -4 -6 -1 9 -9 12 -10 13 -11
right_child=1 2 5 4 6 -7 -8 8 11 10 -12 -13 -14 -15
leaf_value=0.030187423302577777 -0.04334362653486136 0.016694304200139395 0.04574228177440496 -0.06006471746564275 0.033652274134599189 -0.0051004429282198865 -0.035719031381052119 -0.0030403949144740209 -0.017861274998970778 -0.038146680306133239 0.080663808386825853 0.0039401860025342697 0.03598715347519487 0.019947674408437723
leaf_weight=10.297082453966139 7.72593118995428 6.018008515238761 6.572533816099166 7.0975891128182393 3.1771446391940099 8.7648132592439634 4.1002938225865417 39.27857518941164 41.586404774338007 5.7759625762701026 3.2001759223639956 58.381595592945814 14.975344039499758 9.3903920352458972
leaf_count=62 45 32 35 39 18 50 26 214 234 33 16 316 79 49
internal_value=-7.11758e-06 -0.0102245 -0.00306323 -0.0179173 -0.0324072 0.0166873 -0.00543328 0.00242069 0.000764054 0.00887654 0.0229154 -0.00512916 0.0167841 -0.00217701
internal_weight=226.342 43.4563 35.7304 20.393 14.375 15.3373 7.27744 182.886 172.588 72.6204 33.3419 99.968 30.1417 15.1664
internal_count=1248 245 200 115 83 85 44 1003 941 391 177 550 161 82
is_linear=0
shrinkage=0.05


Tree=91
num_leaves=15
num_cat=0
split_feature=76 12 28 126 58 85 121 66 94 70 119 112 31 23
split_gain=2.22158 2.85456 2.57341 3.58421 2.74981 3.77922 4.25841 3.6804 3.76792 3.05145 3.88661 3.65587 4.392 4.29182
threshold=0.078866153388520169 -0.0048039807667395774 0.081480522211078307 -0.02007573046303902 0.040962442618424112 -0.049586516151680908 -0.020623436935817776 -0.01371953507220341 -0.0011973692724377911 -0.032916450374309701 0.026165178404266968 -0.014380099872991379 -0.014676700611263369 0.036020441795520004
decision_type=2 2 2 2 2 2 2 2 2 2 2 2 2 2
left_child=2 -2 4 -4 9 -6 7 -7 -9 10 11 12 -1 -13
right_child=1 -3 3 -5 5 6 -8 8 -10 -11 -12 13 -14 -15
leaf_value=0.035634184523043913 0.05772267611601322 -0.0060891229418700912 0.017564667031494997 -0.045964002415281369 0.026244046099244453 0.058960712992049191 -0.036809440922803957 0.023015197038681656 -0.050191725705973148 -0.00057276854216431038 0.048234024549792337 0.033568808761484673 -0.036185840585427363 -0.029407061766329918
leaf_weight=2.9648026376962662 3.7189604565501213 3.3146022260189048 3.2775107324123383 6.8823622912168485 4.9985700994730022 2.3960665613412857 16.22435629367828 3.593747541308403 3.4402824789285713 142.39469894021749 7.3402187079191199 14.026489682495596 7.5481303185224551 3.3519237115979186
leaf_count=18 23 17 17 39 26 12 99 21 24 776 39 75 42 20
internal_value=-7.62312e-06 0.027651 -0.00089821 -0.0254701 0.000300406 -0.0135294 -0.0212789 0.00544118 -0.0127897 0.00268701 0.015862 0.00734261 -0.0159315 0.0214221
internal_weight=225.473 7.03356 218.439 10.1599 208.279 30.653 25.6545 9.4301 7.03403 177.626 35.2316 27.8913 10.5129 17.3784
internal_count=1248 40 1208 56 1152 182 156 57 45 970 194 155 60 95
is_linear=0
shrinkage=0.05


Tree=92
num_leaves=15
num_cat=0
split_feature=111 13 96 98 127 24 89 91 124 45 34 74 53 105
split_gain=2.20809 2.33483 3.6103 3.58128 4.25896 2.87447 3.37847 4.79044 3.23776 4.78147 3.8978 3.8204 4.67188 4.44566
threshold=-0.087315818698868286 0.071084881722868462 -0.003574883640444683 0.018689623626739132 0.020109207637119288 0.083092745289899531 -0.021617246505469253 -0.015211550193509523 0.017486045489885079 -0.044555006973520175 -1.0000000180025095e-35 -0.053373863678521642 0.051746922598934736 0.037026903893606876
decision_type=2 2 2 2 2 2 2 2 2 2 2 2 2 2
left_child=-1 5 -3 4 -4 8 -7 -8 11 10 -10 -2 13 -13
right_child=1 2 3 -5 -6 6 7 -9 9 -11 -12 12 -14 -15
leaf_value=-0.041579179240670956 0.029882050417618572 0.043794781880188566 -0.044389281990554641 0.048720269338049148 0.032094512491416163 -0.026897695022760643 -0.019776798558051468 0.066418815620418445 -0.015345923356439735 -0.018360210084636494 0.049834007908185166 0.0073906809333705945 -0.028535356940056655 -0.019202000138196021
leaf_weight=3.1494355052709571 11.21611215919256 7.6836616024374988 5.2447809129953367 2.6996115967631331 2.7875134348869324 2.3979605585336685 2.2856965139508247 5.4682862311601621 4.1401701644062996 49.190274745225906 5.1428152620792371 90.917555660009384 13.344332352280615 19.000929459929466
leaf_count=20 63 43 27 16 17 14 13 29 23 275 28 497 77 106
internal_value=-7.58798e-06 0.000583452 0.0176308 -0.00110161 -0.0178465 -0.000962244 0.02497 0.0410103 -0.00232664 -0.012149 0.020764 0.00194426 -0.000597897 0.00279377
internal_weight=224.669 221.52 18.4156 10.7319 8.03229 203.104 10.1519 7.75398 192.952 58.4733 9.28299 134.479 123.263 109.918
internal_count=1248 1228 103 60 44 1125 56 42 1069 326 51 743 680 603
is_linear=0
shrinkage=0.05


Tree=93
num_leaves=15
num_cat=0
split_feature=104 104 10 65 106 35 88 114 9 114 127 59 83 78
split_gain=2.16736 4.26962 4.10218 4.57836 3.63722 6.49904 4.54094 5.62116 4.055 3.86873 3.83798 3.29089 3.22413 3.18698
threshold=-0.016563091709840588 -0.024445371229880015 -0.050501276697311782 -0.048150669052065546 0.021475027806333712 0.006577986001710852 -0.035524771603680054 0.038169786642374658 0.002102128746447328 -0.013938188337940092 -0.0047715390327743032 0.0034970618367756341 0.023389999719100843 -0.092328339058423678
decision_type=2 2 2 2 2 2 2 2 2 2 2 2 2 2
left_child=1 4 -3 -4 5 6 -1 8 10 -6 -8 -5 -7 -2
right_child=13 2 3 11 9 12 7 -9 -10 -11 -12 -13 -14 -15
leaf_value=0.069804936987043903 0.050667250876664807 -0.035945617861128785 -0.029877644307548912 0.071409159498018682 -0.051631148235397474 -0.026299698634502273 0.038670337444727448 -0.053697649385304837 0.05408041407147926 -0.0017858474995059112 -0.031146165183991693 0.021446400435847043 0.018849264024712289 -0.0045376206992730509
leaf_weight=4.7979491092264679 2.6623700559139243 2.1698563843965557 2.1688078641891506 7.1814710348844475 5.9344506189227131 13.468107730150225 3.7436136975884473 2.5511876046657553 7.0766325071454048 11.315036974847315 4.1512834429740888 6.0912708640098572 5.5976390838623038 144.96156552806497
leaf_count=27 13 12 12 37 35 81 19 15 36 64 24 34 29 810
internal_value=-6.35495e-06 0.0068391 0.0284283 0.0374742 0.000354731 0.00839429 0.0267064 0.0149055 0.0265956 -0.0189344 0.00195952 0.0484797 -0.0130441 -0.00354201
internal_weight=223.871 76.2473 17.6114 15.4415 58.6359 41.3864 22.3207 17.5227 14.9715 17.2495 7.8949 13.2727 19.0657 147.624
internal_count=1248 425 95 83 330 231 121 94 79 99 43 71 110 823
is_linear=0
shrinkage=0.05


Tree=94
num_leaves=15
num_cat=0
split_feature=129 32 128 55 40 92 111 35 33 8 103 47 98 126
split_gain=2.19487 3.09831 3.03806 4.20757 3.4444 3.26183 3.01622 2.61353 3.41691 4.07003 4.73472 3.86988 3.69284 3.57748
threshold=1.0000000180025095e-35 0.039947738448939486 -0.48155139937572805 0.038221463849404141 -0.0092406855737594325 0.013347628188341525 0.023815093187309833 0.074522737948723425 -0.035990990741752237 -0.024756043970481142 0.018474423512220856 0.016441346530251488 0.025490837164815705 -0.016872831544136022
decision_type=2 2 2 2 2 2 2 2 2 2 2 2 2 2
left_child=7 2 6 4 5 -4 -2 8 9 12 11 -11 -1 -10
right_child=1 -3 3 -5 -6 -7 -8 -9 13 10 -12 -13 -14 -15
leaf_value=-0.04851264564464506 0.043612697292650132 0.0479557144324185 0.045657127003507943 0.043040122214976023 -0.043371674936096762 -0.02985076983145428 -0.014517100375619853 -0.026403416150352545 0.013484227898817501 -0.037590868916682563 0.030413533049664217 0.017648342750841744 0.013536612836440582 -0.0029852845213493673
leaf_weight=11.181907668709753 7.4359840564429778 5.0735624879598609 2.8932105004787463 3.2172761261463156 7.3719603531062603 2.8285832926630974 3.1883824020624161 10.403319105505942 50.80758360773325 9.0596454590559024 7.7888956889510146 4.8776450455188742 3.0524520799517623 93.932932563126087
leaf_count=66 62 41 19 23 39 15 22 57 266 52 40 27 19 500
internal_value=-4.53101e-06 0.0121129 0.00536154 -0.0081909 -0.0207789 0.00832961 0.0261679 -0.00203414 -0.000631149 -0.0144251 -0.000809611 -0.0182588 -0.0352066 0.00279593
internal_weight=223.113 32.009 26.9354 16.311 13.0938 5.72179 10.6244 191.104 180.701 35.9605 21.7262 13.9373 14.2344 144.741
internal_count=1248 221 180 96 73 34 84 1027 970 204 119 79 85 766
is_linear=0
shrinkage=0.05


Tree=95
num_leaves=15
num_cat=0
split_feature=76 66 26 61 68 103 91 109 36 80 22 94 67 26
split_gain=2.10419 2.73905 2.73439 3.52377 3.65358 3.43936 3.14595 3.02104 5.16361 3.84217 6.8896 5.67041 5.29299 4.73014
threshold=0.078866153388520169 -0.017603386093011302 -0.040480574959500061 -0.01681251302438733 -0.037635118609733044 -0.033106305551482022 0.008825894442392606 -0.032273845477740142 0.024486953608442417 -0.0087985947464743666 -0.03081542656669323 -0.071903728940595588 0.0051597190901628382 -0.0062601571884401339
decision_type=2 2 2 2 2 2 2 2 2 2 2 2 2 2
left_child=2 -2 3 4 -1 -6 -7 8 -4 10 -9 -11 -13 -14
right_child=1 -3 7 -5 5 6 -8 9 -10 11 -12 12 13 -15
leaf_value=-0.053490945608203937 -0.015534158650770022 0.050579770848439655 -0.023600685040638412 -0.027331291505444874 -0.034588767511463718 0.052850498448124263 -0.0048504520303278799 0.025553575351210903 0.02285847160422344 -0.064880721246844283 -0.01328994611559044 0.025774090393774141 0.02107486164768611 -0.015120475680261428
leaf_weight=2.2689191922545424 2.4205512851476669 4.4404371157288542 24.449958421289921 20.076577395200729 2.6887753009796134 5.7795953378081304 3.9951601773500443 14.767437405884264 7.9173341616988173 2.3457400053739539 50.293421931564808 43.665010891854763 15.561836354434488 21.492511130869389
leaf_count=15 14 26 141 115 15 30 22 79 45 14 283 240 86 123
internal_value=-4.00643e-06 0.0272548 -0.000872657 -0.0137036 0.00486736 0.0154912 0.0292668 0.00160186 -0.0122364 0.00462568 -0.00447329 0.0117525 0.0139795 8.05993e-05
internal_weight=222.163 6.86099 215.302 34.809 14.7325 12.4635 9.77476 180.493 32.3673 148.126 65.0609 83.0651 80.7194 37.0543
internal_count=1248 40 1208 197 82 67 52 1011 186 825 362 463 449 209
is_linear=0
shrinkage=0.05


Tree=96
num_leaves=15
num_cat=0
split_feature=129 32 97 41 59 128 16 111 119 79 22 91 9 82
split_gain=2.05926 2.86347 2.94139 3.19525 3.45344 2.96063 2.78765 2.59199 2.73156 4.32291 4.46559 3.15768 5.34646 4.77589
threshold=1.0000000180025095e-35 0.039947738448939486 -0.013537208915767951 -0.019334435090162212 -0.023234166385688752 -0.48155139937572805 0.024192397614083486 -0.087315818698868286 -0.048184107887428544 -0.012561991553015408 -0.0052145806818314055 0.036700559253158092 -0.023610373556298674 0.011136719384920253
decision_type=2 2 2 2 2 2 2 2 2 2 2 2 2 2
left_child=7 2 6 -4 -5 -6 -2 -1 9 -9 -11 -10 -13 -14
right_child=1 -3 3 4 5 -7 -8 8 11 10 -12 12 13 -15
leaf_value=-0.053841535393673284 0.043930124274962325 0.046922632048643553 0.025106363312703286 -0.054668725609987701 0.035034188704950085 -0.029879492888145384 -0.017997452943922267 0.048497120073341171 -0.00044154152066543377 0.030663456784967874 -0.02904219548666126 -0.05975314222846069 -0.026986134696872683 0.023354321836128254
leaf_weight=2.3778678849339476 6.9685824513435417 4.9103200361132613 5.3316259086132112 4.7170252390205913 3.3112144321203285 3.7410378605127175 2.458292294293642 6.8240919932723072 142.32372874766588 5.9176223874092111 6.6523428335785839 6.2397241145372417 11.631637804210188 7.9193003475666037
leaf_count=16 53 41 38 25 27 21 16 33 763 31 37 40 67 40
internal_value=-4.28753e-06 0.0118488 0.00535654 -0.00700493 -0.0215517 0.000599156 0.027781 -0.00196671 -0.00130886 0.0164589 -0.000934281 -0.00335859 -0.0194561 -0.00659524
internal_weight=221.324 31.4381 26.5278 17.1009 11.7693 7.05225 9.42687 189.886 187.508 19.3941 12.57 168.114 25.7907 19.5509
internal_count=1248 221 180 111 73 48 69 1027 1011 101 68 910 147 107
is_linear=0
shrinkage=0.05


Tree=97
num_leaves=15
num_cat=0
split_feature=46 28 28 118 69 89 78 27 85 39 34 33 125 108
split_gain=2.02621 2.6178 2.89399 3.50781 2.75533 3.31168 4.90566 5.57746 4.87545 4.44142 4.26659 4.76269 3.85801 3.77705
threshold=-0.091576877502023576 -0.1120221674237728 -0.076430252830218107 -1.0000000180025095e-35 0.079584275572475535 -0.020526040652132524 -0.023810505760135391 -0.020982781711257829 0.036699275971848154 -0.088330076159815474 0.041671391623049829 0.045422323662259671 -0.0030990307465647393 0.053927948287124002
decision_type=2 2 2 2 2 2 2 2 2 2 2 2 2 2
left_child=-1 -2 3 -3 5 6 7 -4 12 -8 11 -11 -9 -7
right_child=1 2 4 -5 -6 13 9 8 -10 10 -12 -13 -14 -15
leaf_value=0.028903753807840261 0.04424388152736472 0.0040258355129737982 -0.063296130778672841 -0.057937653925717626 0.031987920554231962 -0.0082440557917848253 -0.069958172654045206 -0.01693700367492949 -0.04875852310716558 0.036906277468021352 -0.010440146438771355 -0.015923050535381553 0.045340983065591145 0.021536699144789104
leaf_weight=5.899449609220027 3.1779008507728568 4.2927579060196877 4.2881815955042866 4.8811421692371351 6.4252671971917144 123.01707477867603 1.4025543630123127 4.2548943236470222 3.5191301479935637 27.772407166659832 8.7861459553241712 5.0405004993081084 5.9842274934053403 11.655606143176554
leaf_count=35 19 25 25 30 37 697 7 24 20 152 51 32 31 63
internal_value=-4.02253e-06 -0.000799089 -0.00147646 -0.028943 -0.00022996 -0.00128763 0.00837242 -0.0135067 0.00201174 0.0175544 0.020505 0.028791 0.0194612 -0.0056666
internal_weight=220.397 214.498 211.32 9.1739 202.146 195.721 61.048 18.0464 13.7583 43.0016 41.5991 32.8129 10.2391 134.673
internal_count=1248 1213 1194 55 1139 1102 342 100 75 242 235 184 55 760
is_linear=0
shrinkage=0.05


Tree=98
num_leaves=15
num_cat=0
split_feature=50 91 74 123 88 76 111 9 10 106 80 0 57 72
split_gain=2.05842 3.75975 3.76766 4.42615 5.18308 3.76277 3.65122 3.09283 3.07054 4.81898 3.05118 3.00133 4.17058 4.10397
threshold=0.020218149465211652 0.038264489238361156 -0.030166290221355883 0.0076977133396271017 0.030990640756652661 0.012823127800541958 0.022736898061338124 -0.0095041958104333264 -0.0037315439521240388 -0.0010194686376831855 0.036022210721675302 0.10383377908431225 0.071452114854892793 -0.0077370371094471679
decision_type=2 2 2 2 2 2 2 2 2 2 2 2 2 2
left_child=11 2 10 4 5 -4 8 -6 -5 -10 -2 12 -1 -13
right_child=1 -3 3 6 7 -7 -8 -9 9 -11 -12 13 -14 -15
leaf_value=-0.0018020809583827518 0.030364391204039998 -0.037684584463234361 -0.05458943634036955 -0.036373012169026185 -0.027724040352343684 -0.0074146128146349369 0.04276283680301432 0.038684710010260567 0.048667037589636593 -0.026483289828060554 -0.030835864846926294 0.021713142553096077 -0.052362219298795858 0.00024095158904414082
leaf_weight=54.767743319272995 11.73723793029785 8.8261341601610166 11.724419549107557 5.0590857863426217 2.9160185232758522 6.6100265458226195 5.5042706727981559 4.3968709930777541 4.4660274237394333 4.0838847160339355 2.4641477167606345 37.13823027908802 4.4068767577409735 55.521684352308512
leaf_count=317 66 55 70 28 17 40 29 25 22 24 15 208 26 306
internal_value=-5.09048e-06 -0.00724956 -0.00269368 -0.00981298 -0.0233861 -0.0375817 0.00840032 0.0122042 -0.00549787 0.0127713 0.0197453 0.00322928 -0.00556742 0.00884704
internal_weight=219.623 67.7881 58.962 44.7606 25.6473 18.3344 19.1133 7.31289 13.609 8.54991 14.2014 151.835 59.1746 92.6599
internal_count=1248 391 336 255 152 110 103 42 74 46 81 857 343 514
is_linear=0
shrinkage=0.05


Tree=99
num_leaves=15
num_cat=0
split_feature=4 123 41 36 130 56 74 15 0 17 77 23 17 10
split_gain=2.00738 3.70754 3.48315 2.30185 3.73978 4.31452 3.83821 4.58552 4.18016 4.35628 4.37886 5.33909 5.75282 4.36893
threshold=-0.095744557802525929 -0.036698964107637767 -0.026301768649968471 -0.00085272623098060524 -1.2546337333109134 -0.012857247437063695 -0.024450383281479252 0.084741390821824386 0.17674192713826783 0.041670155443904018 -0.0099962292261477591 -0.013860344525036138 -0.018873201532373523 -0.024557438156519926
decision_type=2 2 2 2 2 2 2 2 2 2 2 2 2 2
left_child=1 -1 -3 -2 5 -5 -6 8 9 10 13 12 -12 -8
right_child=3 2 -4 4 6 -7 7 -9 -10 -11 11 -13 -14 -15
leaf_value=-0.031681602539592256 -0.006576699854223181 -0.022382562918081998 0.042252757563872201 -0.013988486413512061 0.017157064455137868 0.056844091499062381 0.04934290418340774 -0.067512509326818751 0.040139647236044719 -0.03735489751848424 -0.020511144407951681 -0.032664904086371564 0.050797067948891307 -4.111959738109969e-05
leaf_weight=3.1314736753702155 103.32574680820107 2.6211833804845801 10.177416093647478 3.2055679187178612 25.824761144816875 6.5276759155094606 6.9755606353282955 2.8641995936632147 5.1907699182629576 9.6342652142047864 6.1136210784316063 15.435279347002517 5.2635177895426715 12.511517219245425
leaf_count=17 590 14 59 17 149 33 38 16 34 56 35 86 30 74
internal_value=-7.0395e-06 0.0170837 0.0290153 -0.00134905 0.00407705 0.0335159 0.000886709 -0.00567973 -0.00278234 -0.00676559 -0.000400394 -0.0135093 0.0124789 0.0176363
internal_weight=218.803 15.9301 12.7986 202.872 99.5467 9.73324 89.8135 63.9887 61.1245 55.9338 46.2995 26.8124 11.3771 19.4871
internal_count=1248 90 73 1158 568 50 518 369 353 319 263 151 65 112
is_linear=0
shrinkage=0.05


Tree=100
num_leaves=15
num_cat=0
split_feature=79 58 80 10 10 107 52 79 55 120 57 66 34 42
split_gain=1.96766 3.10763 2.29514 4.15567 4.78409 3.75262 4.40676 3.55302 3.77668 3.63807 3.93664 3.65747 3.39443 4.22464
threshold=0.0800773023854464 -0.0069754021880783284 -0.0096078359690193529 -0.036904792013669897 -0.015565579910444324 0.0099747129945729918 -0.070320206459401388 -0.023802741054481987 0.021783172334609555 -0.041996691907953847 0.023031202697410349 -0.016442479911517951 -0.026118146513598794 -0.0091843585662201004
decision_type=2 2 2 2 2 2 2 2 2 2 2 2 2 2
left_child=2 -2 3 -1 -5 6 -6 8 -8 -9 11 -11 -7 -14
right_child=1 -3 -4 4 5 12 7 9 -10 10 -12 -13 13 -15
leaf_value=0.015770635019206638 0.062100125545535657 -0.0074860737794307424 0.0035988102256043577 -0.03786113294806645 0.061665308501682572 0.017118946387869895 -0.048114091691514572 0.058944065335654085 0.016396894824158414 -0.049541774602157952 0.035731287513003016 0.0056624811347623857 -0.0014786616053938065 -0.051086371598713598
leaf_weight=16.401757445186377 3.2052908428013325 3.2124622762203208 122.63533579930663 14.432707495987414 3.0709705650806418 4.5023402422666576 6.5467973947524971 3.2531722486019126 3.4718689620494843 4.573021672666072 5.9068495854735366 8.7246621698141187 7.1063587889075341 10.83569404482841
leaf_count=95 19 21 702 85 16 24 38 16 19 26 30 49 43 65
internal_value=-6.65824e-06 0.0272681 -0.000834435 -0.00695507 -0.0121017 -0.00569081 0.00441578 -0.000997746 -0.0257585 0.0100483 0.00176557 -0.013322 -0.0216976 -0.0314381
internal_weight=217.879 6.41775 211.462 88.8262 72.4244 57.9917 35.5473 32.4764 10.0187 22.4577 19.2045 13.2977 22.4444 17.9421
internal_count=1248 40 1208 506 411 326 194 178 57 121 105 75 132 108
is_linear=0
shrinkage=0.05


Tree=101
num_leaves=15
num_cat=0
split_feature=129 7 113 32 59 114 73 107 25 43 60 43 114 17
split_gain=1.92974 2.61916 2.63866 2.7607 2.62165 3.93207 2.99149 2.95191 2.42823 3.82119 3.6447 3.351 7.2934 4.2
threshold=1.0000000180025095e-35 0.03922859086862205 -0.03897028384453486 0.039947738448939486 -0.032177032179033505 0.00042029734441359517 0.013389931804775893 -0.030740522488102686 0.062195208920818666 -0.03326410018204979 0.035156009809738403 -0.011099480992162068 0.05990956903615121 -0.031382376320712523
decision_type=2 2 2 2 2 2 2 2 2 2 2 2 2 2
left_child=8 2 -2 4 -4 6 -6 -7 11 -10 -11 13 -13 -1
right_child=1 -3 3 -5 5 7 -8 -9 9 10 -12 12 -14 -15
leaf_value=0.012660829432275365 0.043646702908558224 0.044393986813145374 -0.044020257150779077 0.040795996186539819 -0.049000807300483923 -0.0094825886275645595 0.020609537892730095 0.054402547240075289 0.015040735251670243 -0.052490547366971667 0.012601000863008971 0.0085537810459041293 -0.049149456846072581 -0.016581111087437383
leaf_weight=16.502423129975796 3.7815163955092492 5.0857041813433161 4.1626231446862318 3.2623704671859732 4.6468873247504181 3.2053527757525533 2.3109679967164993 4.1483040526509196 5.3062767535448101 8.6246892437338811 2.864938609302043 99.450426109135151 5.7951805889606467 47.984563760459423
leaf_count=89 28 49 23 27 25 19 16 34 28 50 16 535 34 275
internal_value=-8.15978e-06 0.0116289 0.00509885 -0.00160735 -0.0090954 0.00106278 -0.0258806 0.0265559 -0.00191745 -0.0200527 -0.03626 -0.000122875 0.00537644 -0.00909801
internal_weight=217.132 30.6037 25.518 21.7365 18.4741 14.3115 6.95786 7.35366 186.528 16.7959 11.4896 169.733 105.246 64.487
internal_count=1248 221 172 144 117 94 41 53 1027 94 66 933 569 364
is_linear=0
shrinkage=0.05


Tree=102
num_leaves=15
num_cat=0
split_feature=128 48 112 90 68 63 60 121 7 1 114 17 41 101
split_gain=1.89596 3.57855 4.56325 5.45097 5.25969 5.24714 5.0729 4.9291 4.34868 4.00125 3.77889 4.40283 3.76435 3.43697
threshold=-0.48155139937572805 -0.018728564566670453 -0.025402832251938259 -0.00655628900076598 -0.0056888288536365234 -0.010282406578731454 0.028504602948697475 0.0010632645511605007 -0.086838682416933585 -0.041622209015982965 0.015245971630414761 -0.0010266285642125366 -0.001162345412276994 0.010438921864620485
decision_type=2 2 2 2 2 2 2 2 2 2 2 2 2 2
left_child=-1 8 6 4 12 7 -3 9 -2 -5 -7 -12 -4 -6
right_child=1 2 3 5 13 10 -8 -9 -10 -11 11 -13 -14 -15
leaf_value=0.0049699787896228843 0.048078153213591046 -0.038280262652319173 0.028000483020816865 0.024383752559494199 0.059892999964292995 -0.04011670081478183 0.02105581752932513 0.052360165941451757 -0.022120701194700929 -0.050299372850555316 0.043830304749634473 -0.037509954303946637 -0.027296728281486712 0.014554364665274794
leaf_weight=101.50402535125613 2.3615809679031363 12.376415655016901 5.7689996957778931 3.9464678801596165 10.151045717298986 12.040146436542274 5.0809088721871367 5.7850895002484322 33.522770896553993 3.2873977050185221 3.6462160795927048 3.0596764162182799 6.5972061827778834 7.1062676012516013
leaf_count=584 13 77 30 23 51 73 26 32 197 20 21 18 41 42
internal_value=-7.6206e-06 -0.0044114 0.00154588 0.00796038 0.0233887 -0.00642785 -0.0210107 0.0179572 -0.0175009 -0.00955566 -0.023363 0.00671744 -0.00149984 0.0412233
internal_weight=216.234 114.73 78.8458 61.3885 29.6235 31.765 17.4573 13.019 35.8844 7.23387 18.746 6.70589 12.3662 17.2573
internal_count=1248 664 454 351 164 187 103 75 210 43 112 39 71 93
is_linear=0
shrinkage=0.05


Tree=103
num_leaves=15
num_cat=0
split_feature=50 91 113 61 14 3 11 104 51 119 105 103 96 105
split_gain=1.91584 3.3892 3.25584 3.56902 3.47658 3.73788 4.77563 4.61673 4.32002 3.28738 3.18131 3.07163 2.94038 2.74515
threshold=0.020218149465211652 0.038264489238361156 -0.027412359857397896 0.022444703653626667 -0.039637451416704654 0.023453147891400915 0.012571285369131966 -0.0087037643625363873 0.031250478490794723 0.02258350727309558 -0.015202193547280869 0.0042452838511390359 0.0091411641498735843 0.0010918917101410443
decision_type=2 2 2 2 2 2 2 2 2 2 2 2 2 2
left_child=-1 2 3 10 9 6 7 -6 -7 12 -2 -8 -4 -9
right_child=1 -3 4 -5 5 8 11 13 -10 -11 -12 -13 -14 -15
leaf_value=0.0031316947952679097 -0.00021163799783788137 -0.036343976285691131 0.024446470778747897 -0.02393248554653013 0.049974213038252314 -0.060970572040143924 -0.056151754386692079 0.011740128496102557 0.014086426059786529 0.059938316037090766 0.058980215162954534 -0.00071052192027789706 -0.040423826078401295 -0.046859545197499908
leaf_weight=149.18101935833693 3.7837982252240172 8.612814284861086 4.2898565307259542 3.4786837697029105 5.2557051926851193 7.6408504620194417 5.7522112131118757 5.5325909182429402 2.5591946467757225 3.0474576726555824 5.6738383993506423 4.416434220969677 2.9467611610889435 3.1287686079740524
leaf_count=857 22 55 23 21 31 45 35 33 15 16 31 26 18 20
internal_value=-8.33309e-06 -0.00709303 -0.00271205 0.019371 -0.00912163 -0.0167697 -0.00602616 0.0130049 -0.0421387 0.016376 0.0352988 -0.0320726 -0.00196881 -0.00942801
internal_weight=215.3 66.119 57.5062 12.9363 44.5698 34.2858 24.0857 13.9171 10.2 10.2841 9.45764 10.1686 7.23662 8.66136
internal_count=1248 391 336 74 262 205 145 84 60 57 53 61 41 53
is_linear=0
shrinkage=0.05


Tree=104
num_leaves=15
num_cat=0
split_feature=44 71 91 96 74 44 115 32 25 25 68 43 96 18
split_gain=1.90035 2.6565 2.51801 2.29913 4.20651 3.82592 3.53444 3.40175 3.22929 3.42595 3.15673 5.32047 4.61486 4.05672
threshold=-0.078132585058149587 0.039078247130762418 0.020215047609450715 -0.0023985815122111024 -0.03051740172380973 -0.039921580526651845 0.057122802519802944 0.030888922423766719 0.0010922540092696477 0.05018757097018877 0.0086734321181934273 -0.011099480992162068 0.051601113737245081 0.016401042120046509
decision_type=2 2 2 2 2 2 2 2 2 2 2 2 2 2
left_child=1 2 -1 4 -2 7 -6 8 -5 -10 -7 13 -13 -12
right_child=3 -3 -4 5 6 10 -8 -9 9 -11 11 12 -14 -15
leaf_value=0.059551914410821853 0.023245154885937983 -0.021823545500744602 0.00065121387139313017 -0.071113032981467081 -0.004024267807676285 -0.010801567828483717 0.040154789052451838 0.016396144886082993 0.017717407198562154 -0.060860207716931049 -0.035931940988631277 0.030858519162318371 -0.027294400757071499 0.01836149525611341
leaf_weight=4.5623096451163274 22.796002477407455 2.6763644069433212 3.0126876980066299 5.3824621140956861 71.554996605962515 50.56428711861372 4.8329520076513282 3.0306218639016143 3.1450266018509865 2.4817600697278976 9.3494118116795999 21.637986660003666 4.0501507073640814 5.4437286481261244
leaf_count=26 138 15 19 29 413 295 27 18 19 15 58 119 24 33
internal_value=-9.91972e-06 0.0209971 0.0361262 -0.00106417 0.00439594 -0.00621763 -0.00122912 -0.0305125 -0.0434255 -0.0169402 -0.00247119 0.00793409 0.0216898 -0.0159525
internal_weight=214.521 10.2514 7.575 204.269 99.184 105.085 76.3879 14.0399 11.0092 5.62679 91.0456 40.4813 25.6881 14.7931
internal_count=1248 60 45 1188 578 610 440 81 63 34 529 234 143 91
is_linear=0
shrinkage=0.05


Tree=105
num_leaves=15
num_cat=0
split_feature=123 115 98 114 37 126 123 106 82 85 61 126 126 66
split_gain=1.90755 2.53921 2.37094 2.85373 2.28555 3.57443 4.21286 4.17768 4.10052 3.21135 2.94907 2.69549 3.34599 2.92682
threshold=0.076660784782377686 0.079477096506323522 0.070507209276364072 0.0057031720477604539 -0.049666997618518838 -0.010147105760648681 -0.034444965124274883 0.013672675462150452 -0.042542302357857324 -0.0073414145458074167 0.0057212602202530802 0.064312105636919401 0.044418868174037736 0.082911358871165838
decision_type=2 2 2 2 2 2 2 2 2 2 2 2 2 2
left_child=1 2 4 -4 5 8 -7 10 -1 -10 -8 12 13 -6
right_child=-2 -3 3 -5 11 6 7 -9 9 -11 -12 -13 -14 -15
leaf_value=-0.016835039268687676 -0.033284045614908851 0.043580300108620684 0.055401141356131993 -0.0043560473700248164 -0.0051984761981006293 -0.062685462688694404 0.056211016815010187 -0.028010013642259725 0.0087083764365901307 0.073170845141725435 -0.0025102050608455215 -0.036520263297964844 0.026749230734454746 0.031484736217555431
leaf_weight=3.0072151571512213 4.2224052622914305 3.3901988193392745 4.1504318714141828 3.8522485643625259 149.40024940669537 2.4992416650056883 4.6385368257760948 5.0878107920289048 2.9429010152816764 5.6246082484722164 3.9664851278066635 5.8919012919068328 9.4714300073683244 5.6429085060954085
leaf_count=16 28 21 22 23 873 14 27 28 18 31 23 38 54 32
internal_value=-1.06656e-05 0.000659737 -4.60157e-05 0.0266358 -0.00112349 0.0121787 -0.00298884 0.0079071 0.0333968 0.0510283 0.0291435 -0.003291 -0.00210094 -0.00386336
internal_weight=213.789 209.566 206.176 8.00268 198.173 27.7668 16.1921 13.6928 11.5747 8.56751 8.60502 170.406 164.515 155.043
internal_count=1248 1220 1199 45 1154 157 92 78 65 49 50 997 959 905
is_linear=0
shrinkage=0.05


Tree=106
num_leaves=15
num_cat=0
split_feature=87 96 54 4 49 24 81 58 39 109 99 4 118 35
split_gain=1.91971 3.41184 3.04748 2.54737 3.87005 4.84181 4.79638 4.54763 4.38141 4.30186 3.80692 3.49659 3.82796 3.85358
threshold=-0.060309170950299959 0.0048279888533781946 -0.0031318727915391606 -0.0099835821848944916 -0.0051863394259069511 0.080976023031665401 -0.012110564753024584 -0.029226315823020613 -0.033362133618907795 -0.00063044048517339312 0.05091626518126819 -0.0018838769220605232 0.044369625820150152 -0.0025823302996031135
decision_type=2 2 2 2 2 2 2 2 2 2 2 2 2 2
left_child=1 -1 -3 4 6 10 -2 -8 -9 -10 -6 -5 13 -13
right_child=3 2 -4 11 5 -7 7 8 9 -11 -12 12 -14 -15
leaf_value=0.047147535786103235 0.047767979463877647 -0.038699953503305753 0.028320935693005901 -0.034355859111920954 -0.014479697885394284 0.0490663455162361 -0.033383370550492363 0.070139968973682382 0.035962121952376649 -0.024856596069921816 0.041226192536762386 0.0038124694206498975 0.021128085489099065 -0.015367383053872885
leaf_weight=5.7872195988893491 10.22025926038623 3.3844545409083366 3.4001251421868801 9.6378631740808469 33.375675398856401 3.9244636595249167 5.4322738982737109 3.3773074224591282 5.7950058355927485 5.8351929932832629 3.3773348964750758 49.376997806131833 14.399744287133215 55.766056135296829
leaf_count=40 59 19 21 56 205 23 34 18 32 32 21 279 81 328
internal_value=-8.53618e-06 0.0189448 -0.00511211 -0.00119684 0.00638681 -0.00372383 0.0198009 0.00581681 0.0200061 0.00544769 -0.00936073 -0.00538477 -0.00304904 -0.00636019
internal_weight=213.09 12.5718 6.78458 200.518 71.3375 40.6775 30.66 20.4398 15.0075 11.6302 36.753 129.181 119.543 105.143
internal_count=1248 80 40 1168 424 249 175 116 82 64 226 744 688 607
is_linear=0
shrinkage=0.05


Tree=107
num_leaves=15
num_cat=0
split_feature=76 66 28 126 58 84 61 51 63 75 50 6 94 86
split_gain=1.90473 2.43185 2.25767 2.84072 2.50483 3.49797 4.76011 3.28139 3.43062 4.10902 4.13962 3.17611 4.49056 4.0746
threshold=0.078866153388520169 -0.017603386093011302 0.081480522211078307 -0.02007573046303902 0.033064867257370879 0.045169690255529506 -0.054482477214767198 0.061343779690036238 -0.029066412840555927 0.0061612252746157262 0.011989596418675624 -0.037318716107933893 0.02440429699509037 -0.0031819229364231975
decision_type=2 2 2 2 2 2 2 2 2 2 2 2 2 2
left_child=2 -2 4 -4 11 6 -6 8 -8 -10 -11 12 -1 -13
right_child=1 -3 3 -5 5 -7 7 -9 9 10 -12 13 -14 -15
leaf_value=0.0053609692796863307 -0.014692530823826353 0.049314650788159831 0.01472221501440369 -0.043470288650152844 -0.056697168585499329 -0.044986659464196686 0.043411583638415394 -0.04136059954668278 -0.021142283397535301 -0.0070762836823894662 0.061141306693388776 0.0090286593301051408 0.044329843916508252 -0.0095322153039966856
leaf_weight=27.611522104591131 2.2967268005013466 4.1932945325970641 3.1059224084019661 6.4571614414453489 3.8533053472638121 6.3320354521274558 5.5921853110194233 3.7388101369142523 11.135793022811418 4.8263076245784742 4.1242159456014633 55.491372596472502 10.095777705311773 63.294888310134411
leaf_count=159 14 26 17 39 23 41 32 24 72 29 23 318 59 372
internal_value=-6.18629e-06 0.0266634 -0.000847803 -0.0245704 0.000309083 -0.0109243 -0.00444157 0.00240327 0.00877532 -0.000867678 0.024357 0.00315183 0.0157945 -0.000861445
internal_weight=212.149 6.49002 205.659 9.56308 196.096 39.6027 33.2706 29.4173 25.6785 20.0863 8.95052 156.494 37.7073 118.786
internal_count=1248 40 1208 56 1152 244 203 180 156 124 52 908 218 690
is_linear=0
shrinkage=0.05


Tree=108
num_leaves=15
num_cat=0
split_feature=129 113 105 9 22 5 98 19 74 78 104 8 67 74
split_gain=1.8431 2.46358 3.19404 3.03003 3.02237 2.41951 2.43493 2.2352 2.18733 3.82512 3.72569 4.24869 3.82117 4.91787
threshold=1.0000000180025095e-35 -0.015866627887098302 -0.017291431065358964 0.033800289007723916 0.046831974458452781 -0.015767106704489546 -0.041708421664690139 -0.032464803503612284 0.038688764561798927 0.018090913776275704 -0.016563091709840588 -0.073408130118455109 -0.014634833987466962 0.0072661938934016866
decision_type=2 2 2 2 2 2 2 2 2 2 2 2 2 2
left_child=8 7 4 5 -3 -4 -7 -2 10 -10 -1 -12 -13 -14
right_child=1 2 3 -5 -6 6 -8 -9 9 -11 11 12 13 -15
leaf_value=0.01126104402733478 -0.0044759443445474547 0.058167286717616055 0.013837895837780893 0.041313018157274388 -0.019017143170361565 0.023839232155937168 -0.045456637011719106 0.051497285286581519 -0.0033913793798139875 -0.043564620625508615 -0.036260578233307771 0.011931473909911306 -0.020116259496052707 0.011133834901704588
leaf_weight=52.929802291095257 2.56491544470191 4.0166324302554175 3.8376950658857849 2.4509786963462838 1.8536306619644163 1.5288847386837012 7.4202114306390188 5.8551799952983874 22.047865398228172 8.1029659174382669 9.8934905603528005 32.512937121093273 37.385829694569111 18.981794580817223
leaf_count=299 21 37 29 22 12 11 42 47 124 53 59 174 216 102
internal_value=-6.27275e-06 0.0115803 0.0024587 -0.00961345 0.0337951 -0.0193751 -0.033618 0.0344468 -0.0018876 -0.0141878 0.000557043 -0.00517888 -0.00171911 -0.00959279
internal_weight=211.383 29.5281 21.108 15.2378 5.87026 12.7868 8.9491 8.4201 181.855 30.1508 151.704 98.7741 88.8806 56.3676
internal_count=1248 221 153 104 49 82 53 68 1027 177 850 551 492 318
is_linear=0
shrinkage=0.05


Tree=109
num_leaves=15
num_cat=0
split_feature=0 110 54 52 79 41 37 4 93 0 67 105 22 79
split_gain=1.85453 3.83101 4.21079 3.83206 4.00268 3.29765 2.47084 4.45056 4.34704 3.39588 3.38069 5.49254 4.07554 4.01149
threshold=0.15820797443705117 0.020863193041419616 -0.0023917656106606936 0.01020958767102313 0.031903151450779745 0.020596738723183829 -0.049666997618518838 0.076193724605855398 0.0083456619078559734 0.15228888009540273 0.0051597190901628382 -0.035860095960816726 -0.043881869631571806 -0.033948487628609046
decision_type=2 2 2 2 2 2 2 2 2 2 2 2 2 2
left_child=6 3 -3 4 5 -2 8 9 -1 10 12 13 -8 -12
right_child=1 2 -4 -5 -6 -7 7 -9 -10 -11 11 -13 -14 -15
leaf_value=-0.00079152152674773202 -0.022322810091201208 -0.04945276564048471 0.017713057719002848 0.041582362167615475 0.059489976702904269 0.03825084733129766 0.034834898409629562 -0.048490512991296086 0.04546614420822729 -0.042469796426363858 -0.038887200374911994 -0.016335113926554939 0.0011652900647265809 0.036405887437278336
leaf_weight=17.735959850251678 9.6883824877440947 4.8692484498023987 4.4808749109506589 11.582082379609345 2.6342013180255881 2.9252780452370635 10.484423149377106 5.553839646279811 7.1168340221047393 5.2190760001540175 2.191104143857955 53.867469005286694 62.959066841751337 9.1835927441716176
leaf_count=100 58 30 29 76 17 18 62 35 42 30 14 317 365 55
internal_value=-5.3322e-06 0.0102961 -0.0172648 0.0199009 0.00343202 -0.00827496 -0.0021435 -0.00457098 0.0124548 -0.00287596 -0.00138595 -0.0096686 0.00597179 0.0219022
internal_weight=210.491 36.1801 9.35012 26.8299 15.2479 12.6137 174.311 149.459 24.8528 143.905 138.686 65.2422 73.4435 11.3747
internal_count=1248 228 59 169 93 76 1020 878 142 843 813 386 427 69
is_linear=0
shrinkage=0.05


Tree=110
num_leaves=15
num_cat=0
split_feature=111 50 127 126 126 1 4 79 90 3 123 93 71 3
split_gain=1.82732 3.90455 3.87494 3.576 3.45374 4.8424 4.62906 4.36325 4.37667 4.27113 3.61115 3.44693 3.39299 3.2664
threshold=-0.0011132929545898185 -0.067371324486801235 -0.0055015194255430954 -0.059579888154394182 -0.016507513747150513 0.046177522390906257 0.062503758613912788 -0.049028483351929206 -0.019207125828388068 -0.065381489562527692 -0.016520615142438161 -0.054121647935442815 0.037278805081894781 -0.070089514087104468
decision_type=2 2 2 2 2 2 2 2 2 2 2 2 2 2
left_child=1 -1 3 -3 5 11 7 -6 12 -10 -11 -2 13 -9
right_child=4 2 -4 -5 6 -7 -8 8 9 10 -12 -13 -14 -15
leaf_value=0.031281959020500488 -0.047854301214813898 -0.068206027632789559 -0.016674687898266191 0.0069148061997157525 0.042659756252551882 0.056092236235785665 -0.033989814995932059 -0.031563936201797461 0.03381997043463425 -0.042656646710993146 -0.006453868856711612 0.013377211960536345 -0.028153399207849233 0.034857364672527542
leaf_weight=6.9389242678880683 2.4944064542651203 1.6506889313459385 51.910660620778799 39.345927406102419 6.2432612627744666 6.4482316151261321 9.7824028581380826 2.1194978840649172 4.4356702677905515 10.389748744666575 20.438051328063018 29.247258476912975 3.4293122738599768 14.608459070324898
leaf_count=41 15 9 318 229 36 35 60 15 30 65 121 171 19 84
internal_value=-4.56476e-06 -0.00489802 -0.00760017 0.00389014 0.00445192 0.0165901 -0.00203624 0.00303288 -0.00143116 -0.0120545 -0.0186551 0.00856536 0.0171534 0.0264415
internal_weight=209.483 99.8462 92.9073 40.9966 109.636 38.1899 71.4464 61.664 55.4207 35.2635 30.8278 31.7417 20.1573 16.728
internal_count=1248 597 556 238 651 221 430 370 334 216 186 186 118 99
is_linear=0
shrinkage=0.05


Tree=111
num_leaves=15
num_cat=0
split_feature=83 117 25 14 98 61 92 112 66 25 99 99 52 105
split_gain=1.75981 3.21407 3.20951 3.42156 3.97488 4.07902 3.84767 3.84381 3.86743 3.54284 3.19993 3.25962 3.57919 3.32258
threshold=0.022904228253269109 -0.020935914764251131 0.062195208920818666 -0.031230369980539296 -0.0068457156450167323 -0.028581019923818382 0.018448531671569231 -0.018188774496071956 -0.0014759144638872665 -0.026649858106380597 0.05091626518126819 -0.024819820433423276 -0.041073556621075452 0.0033043627956778985
decision_type=2 2 2 2 2 2 2 2 2 2 2 2 2 2
left_child=1 10 3 9 5 -5 7 -6 -9 -2 11 12 -1 -13
right_child=2 -3 -4 4 6 -7 -8 8 -10 -11 -12 13 -14 -15
leaf_value=-0.031690567788686258 -0.01616849009811833 -0.0074191775453900603 -0.027163266533453773 0.024562273367994481 -0.025733962623518538 -0.02781776981383511 0.056089631710201759 -0.00099597509299293049 0.058924238636977933 0.050759430009384959 0.042543235345418783 0.0093268558389428668 0.034956303414324354 -0.028655087719167305
leaf_weight=2.4650725275278083 2.5508543550968161 108.34458335861564 6.0048925131559363 5.2199545800685909 5.8111567422747639 12.906732127070422 5.2803379371762267 6.3219757303595552 4.6910503506660506 8.7943589165806753 6.0265844985842696 12.519101124256851 11.020978610962628 10.661233976483343
leaf_count=14 15 658 33 31 35 74 33 38 26 51 37 75 63 65
internal_value=-5.14154e-06 -0.00284061 0.00743238 0.0114603 0.00462143 -0.0127339 0.0188535 0.00716682 0.0245273 0.0357114 0.0087787 0.00322907 0.0227741 -0.00814202
internal_weight=208.619 151.038 57.5813 51.5764 40.2312 18.1267 22.1045 16.8242 11.013 11.3452 42.693 36.6664 13.4861 23.1803
internal_count=1248 912 336 303 237 105 132 99 64 66 254 217 77 140
is_linear=0
shrinkage=0.05


Tree=112
num_leaves=15
num_cat=0
split_feature=29 55 18 6 24 89 48 32 52 38 32 57 3 57
split_gain=1.78707 1.76754 2.31253 3.29076 2.42314 2.57515 4.11013 4.19332 4.07889 3.77762 5.58065 3.4989 3.40106 2.84877
threshold=-0.10859673730384116 -0.089469936748653306 0.08507888663097847 -0.0016329457037197513 0.087577443438965868 -0.020526040652132524 -0.0012862915187588104 -0.0031747720345370297 -0.016434115092251889 -0.012138721797834226 -0.038119068227927773 0.038058734235819493 -0.070089514087104468 -0.043129011573380178
decision_type=2 2 2 2 2 2 2 2 2 2 2 2 2 2
left_child=-1 -2 4 -4 5 6 9 12 -9 11 -11 -3 -8 -7
right_child=1 2 3 -5 -6 13 7 8 -10 10 -12 -13 -14 -15
leaf_value=0.051830668628053793 0.03171059780852855 -0.053864722376548102 -0.051869363894852652 0.00086056020928713213 0.030594980761787283 -0.023843054269523666 -0.025965671944132598 -0.03155206254399627 0.024669236061710235 -0.044285483127646769 0.021899758141953551 0.015327935998163551 0.044614049479605448 -0.0018184701892679589
leaf_weight=1.6496682912111271 4.1937289088964453 6.1304425485432166 5.2884205430746078 6.7169081121683103 6.3626743555068961 16.956844076514244 1.9201066456735159 5.8973007164895535 7.1224534921348077 4.126281805336478 13.961101010441778 2.6027539819478989 15.367561634629967 109.4358197748661
leaf_count=10 23 37 35 44 38 106 13 37 41 27 83 16 88 650
internal_value=-2.90798e-06 -0.00041783 -0.00108522 -0.0223673 0.000260337 -0.000791368 0.00801842 0.0206347 -0.000796214 -0.0062381 0.00680089 -0.0332432 0.0367749 -0.00477329
internal_weight=207.732 206.082 201.889 12.0053 189.883 183.521 57.128 30.3074 13.0198 26.8206 18.0874 8.7332 17.2877 126.393
internal_count=1248 1238 1215 79 1136 1098 342 179 78 163 110 53 101 756
is_linear=0
shrinkage=0.05


Tree=113
num_leaves=15
num_cat=0
split_feature=4 119 60 103 36 130 56 75 74 42 2 15 45 11
split_gain=1.76028 3.181 3.87856 3.78152 1.99795 3.14248 4.19277 3.32916 3.60243 3.53446 4.57511 3.46957 3.42967 4.50685
threshold=-0.095744557802525929 -0.019457720789024271 -0.039483312192056759 -0.020625034960432487 -0.00085272623098060524 -1.2546337333109134 -0.034424699626320034 -0.06623455417094902 -0.024450383281479252 0.010736701501757919 0.0061128156859176054 0.084741390821824386 0.055585818065843361 0.012090184290058714
decision_type=2 2 2 2 2 2 2 2 2 2 2 2 2 2
left_child=1 -1 -3 -4 -2 6 -6 -7 9 10 -9 12 13 -10
right_child=4 2 3 -5 5 7 -8 8 11 -11 -12 -13 -14 -15
leaf_value=0.055511945177334258 -0.0062880758088529123 -0.061885208734944998 -0.034717651034502799 0.036725298993072537 -0.032488763282200066 0.053530570355237575 0.049024013845587071 -0.030289444851861809 0.00031311535152858379 0.040846299384509205 0.025179447576347727 -0.064325610166690611 0.027276548018051117 -0.032779039493741745
leaf_weight=3.8762102387845507 97.933992024511099 1.912294179201125 2.5866156816482526 6.5234502926468849 2.0110276490449905 2.9000805467367163 7.3191959932446462 6.6328389793634441 33.588895361870527 8.6776132807135564 8.4575186222791654 2.5834894329309455 7.1490879766643038 14.832023851573465
leaf_count=24 590 11 15 40 11 17 39 40 201 55 50 16 44 95
internal_value=-4.01244e-06 0.0165524 0.00285163 0.0164405 -0.00128817 0.0039126 0.0314548 0.000883002 -0.000980761 0.0154199 0.000798565 -0.00768388 -0.00505056 -0.00982349
internal_weight=206.984 14.8986 11.0224 9.11007 192.086 94.1518 9.33022 84.8215 81.9215 23.768 15.0904 58.1535 55.57 48.4209
internal_count=1248 90 66 55 1158 568 50 518 501 145 90 356 340 296
is_linear=0
shrinkage=0.05


Tree=114
num_leaves=15
num_cat=0
split_feature=0 10 39 104 110 16 63 4 27 112 40 0 39 96
split_gain=1.80711 3.51055 3.68935 3.21229 2.67744 2.58775 2.58677 3.13212 2.67798 2.82356 3.64261 2.52606 2.46056 2.67283
threshold=0.15820797443705117 0.0027764507369558811 0.034837296674718736 0.0027781564005633854 0.022803708722594476 0.00053295359878871085 -0.061598042795586359 -0.14741754790150727 -0.065149457928985896 -0.0031108574094937105 0.0063152892727913771 0.18017719433623047 -0.084856089102879048 -0.065313241625057791
decision_type=2 2 2 2 2 2 2 2 2 2 2 2 2 2
left_child=6 2 4 -3 -2 -4 -1 -8 9 -9 -11 -5 -10 -14
right_child=1 3 5 11 -6 -7 7 8 12 10 -12 -13 13 -15
leaf_value=0.019624871455027601 0.045857438792965818 -0.03152332906681006 -0.044493800217436714 -0.01365738407761939 -0.003908977422933781 0.019667350749514482 0.047197907576792479 -0.059965800278238959 -0.038401427635514442 0.021574494340269236 -0.05490843656411816 0.055589577675780447 0.028506796783962309 -0.0034014819332913505
leaf_weight=12.658577986061571 12.521409034729006 7.5207931324839574 2.9243148416280738 2.7622346207499504 3.446536172181367 3.3971095643937588 2.9473164379596701 4.3482159972190857 4.7544001117348662 4.0240137055516225 2.5390476956963539 2.5171127170324326 6.9042275547981253 132.80484340712428
leaf_count=76 81 48 18 18 23 24 18 28 28 24 17 16 42 787
internal_value=-3.68483e-06 0.010332 0.0223167 -0.0105374 0.0351158 -0.0100138 -0.00212483 -0.00386382 -0.00483241 -0.0287174 -0.00801441 0.0193585 -0.00302839 -0.00182462
internal_weight=206.07 35.0895 22.2894 12.8001 15.9679 6.32142 170.981 158.322 155.375 10.9113 6.56306 5.27935 144.463 139.709
internal_count=1248 228 146 82 104 42 1020 944 926 69 41 34 857 829
is_linear=0
shrinkage=0.05


Tree=115
num_leaves=15
num_cat=0
split_feature=76 12 26 69 34 79 55 18 129 68 68 24 96 6
split_gain=1.76823 2.17463 2.13358 3.21678 3.28979 3.00702 2.64542 3.17422 2.69788 4.24053 4.01164 4.5097 4.2802 4.23342
threshold=0.078866153388520169 -0.0048039807667395774 -0.040480574959500061 0.038100656203376305 0.069437724532984385 0.081294871046740214 -0.096608994948081381 0.08507888663097847 1.0000000180025095e-35 -0.080882463818400488 -0.0080521118517009275 0.058372893777149347 0.014819286796076078 -0.037318716107933893
decision_type=2 2 2 2 2 2 2 2 2 2 2 2 2 2
left_child=2 -2 3 4 -1 6 -4 8 9 -8 12 -12 13 -11
right_child=1 -3 5 -5 -6 -7 7 -9 -10 10 11 -13 -14 -15
leaf_value=-0.010833382200245188 0.054553905776570988 -0.0046177822515780396 0.060908535403317011 -0.045419206410844619 0.049378922216796906 0.045506585195178834 0.044875983569701468 -0.031899812834682219 0.018219999063144938 0.033670108308309174 -0.00012859008336175154 0.040200101253321775 -0.035138084490106698 -0.013017860067902679
leaf_weight=23.314330287277706 3.2453271225094795 2.9771825671195975 1.7875842675566662 6.0722102150320998 2.5130120217800131 3.7833028733730307 4.7956797257065764 7.5527199245989314 20.432779777795076 6.1087851896882084 74.745422974228859 7.6406085565686217 16.577873095870018 23.663435209542513
leaf_count=145 23 17 9 37 15 24 26 51 159 35 429 40 100 138
internal_value=-3.4485e-06 0.026243 -0.000824196 -0.0126735 -0.0049747 0.001438 0.000417061 -0.000252426 0.00130003 -0.00128903 -0.00300877 0.00361156 -0.0147762 -0.00343823
internal_weight=205.21 6.22251 198.988 31.8996 25.8273 167.088 163.305 161.517 153.965 133.532 128.736 82.386 46.3501 29.7722
internal_count=1248 40 1208 197 160 1011 987 978 927 768 742 469 273 173
is_linear=0
shrinkage=0.05


Tree=116
num_leaves=15
num_cat=0
split_feature=50 91 74 123 88 76 105 67 1 19 61 80 124 51
split_gain=1.70317 2.82831 2.87353 3.59575 4.0238 3.07693 2.84916 3.5596 3.50973 3.07985 2.75251 2.46144 3.55208 3.6857
threshold=0.020218149465211652 0.038264489238361156 -0.030166290221355883 0.0076977133396271017 0.030990640756652661 0.012823127800541958 -0.0084181066537300786 0.0017076706189395163 -0.027471434919203844 -1.0000000180025095e-35 0.0078722000726485601 0.035139760797499732 0.051715906827422845 0.055461306601189621
decision_type=2 2 2 2 2 2 2 2 2 2 2 2 2 2
left_child=11 2 10 4 5 -4 7 -5 -8 -10 -2 -1 13 -13
right_child=1 -3 3 6 -6 -7 8 -9 9 -11 -12 12 -14 -15
leaf_value=-0.00010278799534039403 0.0406915350868228 -0.034517453665898777 -0.051573584427621659 0.016429879860248221 0.010487731833071837 -0.0068195799879293729 0.05428284523966407 -0.05956581945113653 0.028635927455538654 -0.041049201792427555 -0.0054648944746820667 0.030133723404423163 -0.038126759457221666 -0.032887969135646448
leaf_weight=116.30235209316015 6.5041924417018873 8.0761174969375116 10.592177793383604 3.2557715326547649 6.7268936336040488 6.0252004191279402 4.9512307047843942 2.9253293722867966 3.6441931724548349 2.8068405315279925 6.4164545685052872 20.791363872587688 2.6354952380061141 2.6113406494259825
leaf_count=701 41 55 70 18 42 40 29 17 23 16 40 124 17 15
internal_value=-3.10934e-06 -0.00692517 -0.00278691 -0.00927663 -0.0221389 -0.0353465 0.00779973 -0.0195366 0.0226186 -0.00168403 0.01777 0.00300829 0.0169043 0.0231016
internal_weight=204.265 61.9244 53.8483 40.9276 23.3443 16.6174 17.5834 6.1811 11.4023 6.45103 12.9206 142.341 26.0382 23.4027
internal_count=1248 391 336 255 152 110 103 35 68 39 81 857 156 139
is_linear=0
shrinkage=0.05


Tree=117
num_leaves=15
num_cat=0
split_feature=123 36 95 64 126 125 119 73 51 20 117 117 111 61
split_gain=1.67845 1.87123 3.71508 3.59951 3.28992 3.65892 3.27081 3.26323 2.8786 2.45557 3.90507 4.37529 3.41276 3.7994
threshold=0.076660784782377686 0.037480895238563385 0.02579911338972948 -0.053669779204785981 -0.0079595168440997951 0.027248363671713169 0.00084568447527575796 -0.052892081776486487 0.022527116889414275 -0.016774665199287778 0.04348633087622019 0.061710074861264307 -0.0011132929545898185 -0.0052324721404683429
decision_type=2 2 2 2 2 2 2 2 2 2 2 2 2 2
left_child=1 9 3 -3 7 6 -6 -5 -9 10 -1 -12 -11 -14
right_child=-2 2 -4 4 5 -7 -8 8 -10 12 11 -13 13 -15
leaf_value=0.010830018971197791 -0.031978304003578643 0.059311201944560937 0.0423427034311461 -0.035781436428459344 0.0015638059438488725 0.023110560987688517 -0.054735229185697114 0.048535761820594256 -0.0078756234321328729 -0.016172643603117175 -0.061492843169086459 0.012733959598789913 0.017062186489759455 -0.010166514488203103
leaf_weight=54.730649821460247 4.0234134308993807 2.5794560462236431 7.4433807134628287 2.4054515436291704 4.174479931592936 3.913909614086152 6.7535914555191994 6.5560270324349421 3.4522978812456131 47.918345391750336 4.2268750295042983 3.7436146661639214 23.727984324097633 27.847091324627399
leaf_count=335 28 14 47 14 27 23 40 39 21 299 26 21 142 172
internal_value=-4.79256e-06 0.00064012 0.0107415 0.0028575 -0.00248521 -0.0183721 -0.0332292 0.0165093 0.0290771 -0.00168156 0.00606819 -0.0266297 -0.00656549 0.00236051
internal_weight=203.497 199.473 37.2786 29.8352 27.2558 14.842 10.9281 12.4138 10.0083 162.195 62.7011 7.97049 99.4934 51.5751
internal_count=1248 1220 225 178 164 90 67 74 60 995 382 47 613 314
is_linear=0
shrinkage=0.05


Tree=118
num_leaves=15
num_cat=0
split_feature=87 96 88 4 49 62 81 112 25 40 49 19 22 58
split_gain=1.67518 2.88258 2.37515 2.13579 3.31967 4.03753 3.86358 3.82147 3.94739 3.83872 3.89265 3.75244 3.43165 3.93553
threshold=-0.060309170950299959 0.0048279888533781946 -0.014795119577080578 -0.0099835821848944916 -0.0051863394259069511 0.029964759933252139 -0.012110564753024584 -0.054326399684525205 -0.02872156251616519 0.036447791672392739 0.031742425058987146 0.046293150126179766 0.06015134724317444 -0.029226315823020613
decision_type=2 2 2 2 2 2 2 2 2 2 2 2 2 2
left_child=1 -1 -3 4 5 6 -2 -6 -9 10 11 -10 13 -8
right_child=3 2 -4 -5 7 -7 12 8 9 -11 -12 -13 -14 -15
leaf_value=0.045423223231292852 0.040995620601115203 0.036489693816003678 -0.027087225892085905 -0.0050362775269496866 0.068056469625727686 0.049301328792911651 -0.040152975519420486 -0.03676188982359313 -0.037263507334772489 0.039004429430494897 0.018752054860996733 0.027344579638083306 -0.054329366602220291 0.023607891514294065
leaf_weight=5.3456451371312124 6.0747154057025972 2.2879792451858521 4.104227390140295 123.59788801521063 1.7748110443353642 7.900172594934701 3.3683971464633968 8.5739573985338193 10.862266615033155 5.608389548957347 8.7805411964654905 2.8336905241012564 2.9774014800786963 8.5964381694793648
leaf_count=40 39 14 26 744 10 45 24 56 74 37 55 17 17 50
internal_value=-5.751e-06 0.0183281 -0.00433097 -0.00113275 0.00603075 0.0188282 0.00737352 -0.00359795 -0.00706705 0.00199841 -0.00723542 -0.0238961 -0.00629542 0.00565763
internal_weight=202.687 11.7379 6.39221 190.949 67.3508 28.9171 21.017 38.4337 36.6588 28.0849 22.4765 13.696 14.9422 11.9648
internal_count=1248 80 40 1168 424 175 130 249 239 183 146 91 91 74
is_linear=0
shrinkage=0.05


Tree=119
num_leaves=15
num_cat=0
split_feature=0 56 52 43 42 45 85 63 4 32 62 118 43 101
split_gain=1.68819 3.33723 3.09972 2.81085 2.85462 2.46927 2.29796 2.27077 2.83235 2.75347 2.40635 3.38622 3.48172 4.16288
threshold=0.15820797443705117 -0.044308535227018581 0.010506083168630031 0.024585621946527289 0.0024310963589626918 0.027401515726446026 -0.0086785427232208782 -0.061598042795586359 -0.14741754790150727 0.025739262021410889 0.049200570806868273 0.05216845212343444 0.016206446939043093 0.041837804044107717
decision_type=2 2 2 2 2 2 2 2 2 2 2 2 2 2
left_child=7 2 -2 5 -5 -3 -7 9 -9 -1 11 12 13 -10
right_child=1 3 -4 4 -6 6 -8 8 10 -11 -12 -13 -14 -15
leaf_value=0.031785526975646176 -0.052580605339047029 0.039542780151421986 0.016604368406002174 -0.040284605832977168 0.020232493103317952 -0.025782354432119944 0.037514833008277126 0.045847731590580101 -0.020428969506687975 -0.023304906727011562 0.012488769901905762 0.017713460227770563 0.0020012102378592022 0.012199067077257349
leaf_weight=9.4194617234170419 3.649698879569768 13.72618186846376 2.9096774645149708 3.5946620851755133 4.2555490545928478 3.4106357246637344 2.4739902019500724 2.8307892754673949 67.577201519161463 2.9874908402562133 18.096472050994635 12.627378322184084 42.777633663266897 11.429150007665156
leaf_count=56 24 95 20 22 27 22 18 18 416 20 110 74 256 70
internal_value=-4.50727e-06 0.0101512 -0.0218908 0.0178049 -0.00747868 0.0279259 0.000828788 -0.00206419 -0.00370827 0.0185202 -0.00462811 -0.00693264 -0.00948812 -0.015709
internal_weight=201.766 34.0204 6.55938 27.461 7.85021 19.6108 5.88463 167.746 155.339 12.407 152.508 134.411 121.784 79.0064
internal_count=1248 228 44 184 49 135 40 1020 944 76 926 816 742 486
is_linear=0
shrinkage=0.05


Tree=120
num_leaves=15
num_cat=0
split_feature=97 69 100 126 41 35 39 63 80 116 122 47 64 33
split_gain=1.57201 1.82687 2.5776 2.0462 3.05847 3.18342 3.52638 2.93109 3.85384 3.36429 3.2324 3.1825 3.01452 2.84337
threshold=-0.084982950614542294 0.079584275572475535 0.0007242881353341495 -0.016872831544136022 -0.043348843460033641 -0.0025823302996031135 0.038775255631466034 -0.038749574492738102 0.062960366402515275 -0.037242519176120419 0.050650311648187285 -0.010234136935791194 0.0074388205061673195 -0.059665486184706427
decision_type=2 2 2 2 2 2 2 2 2 2 2 2 2 2
left_child=-1 3 -3 13 -5 -6 7 11 9 12 -11 -7 -9 -2
right_child=1 2 -4 4 5 6 -8 8 -10 10 -12 -13 -14 -15
leaf_value=-0.032962863582710673 -0.025223154643931912 0.058595281877636879 -0.0067292624511062858 -0.023445225206883802 0.0081644259077605259 -0.015772292191727044 -0.036612351457027445 -0.016487397982949858 0.041468727110913296 -0.028555879136233017 0.030442708364171955 0.043268948982137512 0.048533781330062892 0.010209883255992779
leaf_weight=3.5538623332977286 6.2539995536208144 3.1852165162563315 2.8714043274521828 17.443830814212561 51.150887869298458 3.6596354246139526 9.6270155757665616 3.5986716747283856 3.3413039110600939 24.282895706594001 2.5669897198677054 6.0650730691850168 3.5322640016674995 59.794489711523056
leaf_count=25 40 19 20 111 312 22 64 24 22 154 15 36 20 364
internal_value=-4.02373e-06 0.000589425 0.0276253 -0.000266465 -0.00402119 -0.000878776 -0.0090407 -0.00339882 -0.00976933 -0.0148075 -0.0229153 0.0210503 0.0157204 0.0068548
internal_weight=200.928 197.374 6.05662 191.317 125.269 107.825 56.6738 47.0468 37.3221 33.9808 26.8499 9.72471 7.13094 66.0485
internal_count=1248 1223 39 1184 780 669 357 293 235 213 169 58 44 404
is_linear=0
shrinkage=0.05


Tree=121
num_leaves=15
num_cat=0
split_feature=129 7 114 78 97 119 91 58 123 22 94 15 62 70
split_gain=1.57527 2.29505 2.26482 2.05371 2.22447 2.96429 3.22415 2.64955 2.89454 4.21829 4.14453 2.61272 2.44804 3.36976
threshold=1.0000000180025095e-35 0.03922859086862205 -0.054537494776193567 -0.097986207546132284 -0.081866341494573461 -0.055921847638689549 -0.014214753612677144 0.079043756297365597 -0.048003946630579809 1.0000000180025095e-35 -0.0044382194670455561 -0.0014886818470578429 0.049841938902443705 0.016899937062933745
decision_type=2 2 2 2 2 2 2 2 2 2 2 2 2 2
left_child=3 2 -2 -1 -5 6 -6 8 9 -7 -11 -8 -10 -14
right_child=1 -3 -4 4 5 7 11 -9 12 10 -12 -13 13 -15
leaf_value=0.037134676103088154 -0.038504061890639402 0.043683819269728669 0.010387529121075288 -0.044049968008182887 0.059738638219979316 -0.051049833482727541 -0.026406550217473259 -0.043915108680500484 -0.0026282960763754221 -0.035373253382577782 0.039725486634916693 0.031606397095595928 0.034894013598786321 -0.015786837786171785
leaf_weight=3.3255055397748938 2.6799306198954644 4.5164917260408393 20.394570048898458 3.1673881933093062 3.8867871463298798 7.1642474606633169 3.7061037719249725 3.9680671691894522 120.86208432912827 3.6083692163228989 3.7427815496921539 4.0746009573340398 10.281138762831686 4.8162865787744513
leaf_count=17 16 49 156 23 20 44 23 28 717 22 20 24 57 32
internal_value=-4.27856e-06 0.0110891 0.00470914 -0.00177757 -0.00254201 -0.00175054 0.0225506 -0.00358639 -0.00252291 -0.0237465 0.00286269 0.00397368 -0.000257026 0.0187261
internal_weight=200.194 27.591 23.0745 172.603 169.278 166.11 11.6675 154.443 150.475 14.5154 7.35115 7.7807 135.96 15.0974
internal_count=1248 221 172 1027 1010 987 67 920 892 86 42 47 806 89
is_linear=0
shrinkage=0.05


Tree=122
num_leaves=15
num_cat=0
split_feature=0 10 39 114 119 87 77 29 63 41 27 117 39 36
split_gain=1.60687 3.2714 3.17186 2.93553 2.84445 2.7042 2.61508 2.44074 2.00022 2.7709 2.79893 2.50488 2.48772 3.22753
threshold=0.15820797443705117 0.0027764507369558811 0.039919474589332808 0.0021788405732250746 -1.0000000180025095e-35 -0.014087247441524441 -0.01102113332301499 0.0006900966463047382 -0.061598042795586359 0.070983140019988997 -0.065149457928985896 0.00451573500947265 -0.084856089102879048 0.037480895238563385
decision_type=2 2 2 2 2 2 2 2 2 2 2 2 2 2
left_child=8 2 3 5 6 -2 -3 -4 -1 10 11 -10 -12 -14
right_child=1 4 7 -5 -6 -7 -8 -9 9 -11 12 -13 13 -15
leaf_value=0.017432658230723992 0.044979674424203225 -0.027000661828078365 -0.047432116349367781 0.052268963056715634 -0.037755411170494552 -0.016231827849767077 0.036687723047477826 0.021901883923139819 -0.0047267946401819659 -0.03243408236971853 -0.036402482839130015 -0.056082893027280839 -0.0025545602463258534 0.01789201183968225
leaf_weight=12.245830751955507 3.1126736663281918 2.69980338960886 2.529276266694068 8.7535744458436948 5.3967611417174322 4.2925835996866288 3.9994191005825996 2.5480413623154163 5.2080470174550992 7.8851252757012835 4.5782658085227004 4.363773949444294 108.30045501515269 23.486014422029257
leaf_count=76 23 21 16 61 35 27 26 19 33 52 28 31 659 141
internal_value=-4.72976e-06 0.0100139 0.0218358 0.0326676 -0.0107411 0.00949738 0.0110211 -0.012637 -0.00201561 -0.0035639 -0.00200401 -0.0281399 -0.000169459 0.00108928
internal_weight=199.4 33.3321 21.2361 16.1588 12.096 7.40526 6.69922 5.07732 166.068 153.822 145.937 9.57182 136.365 131.786
internal_count=1248 228 146 111 82 50 47 35 1020 944 892 64 828 800
is_linear=0
shrinkage=0.05


Tree=123
num_leaves=15
num_cat=0
split_feature=50 56 91 3 71 119 89 128 97 89 66 75 82 43
split_gain=1.56554 2.64517 2.78543 2.97777 3.63414 3.21859 3.03398 3.00803 2.4629 3.22496 2.44737 3.67121 4.17716 3.6441
threshold=0.020218149465211652 0.064153085511817518 0.038264489238361156 0.01163444812755428 -0.007963061899270452 -0.0084968932523468346 0.0010226036060539078 1.4602132094155764 0.0046660546972117608 -0.0087407951061803327 1.0000000180025095e-35 -0.021018777013904973 -0.054579167643286318 -0.073850835217964719
decision_type=2 2 2 2 2 2 2 2 2 2 2 2 2 2
left_child=10 2 3 7 -5 -6 -7 8 -2 -10 13 12 -12 -1
right_child=1 -3 -4 4 5 6 -8 -9 9 -11 11 -13 -14 -15
leaf_value=0.040220234244246394 0.02713766139805281 0.030461820718094636 -0.039326590796676095 -0.050241381958339472 -0.047957884684587226 0.041160863483069167 -0.025925955757997755 -0.028590427955131448 0.024639765351243081 -0.025093201302705259 -0.037072500044460568 0.0017787098030679902 0.034437649618205009 -0.0064798016966042832
leaf_weight=4.4560687243938437 12.292758923023944 4.4176464825868598 6.9564934968948355 6.929193630814555 2.8471958935260782 4.319709233939645 2.7634451612830162 5.9048298746347418 5.6818374656140813 7.6465011313557598 2.2857512235641506 46.134995747357607 19.161133669316769 66.775205507874489
leaf_count=28 78 27 50 47 21 25 18 38 40 47 13 285 114 417
internal_value=-4.56055e-06 -0.0067709 -0.00974298 -0.00548968 -0.0224514 -0.00306006 0.0149874 0.00358115 0.0109957 -0.00389216 0.00290837 0.0097243 0.0268163 -0.00355835
internal_weight=198.573 59.7596 55.342 48.3855 16.8595 9.93035 7.08315 31.5259 25.6211 13.3283 138.813 67.5819 21.4469 71.2313
internal_count=1248 391 364 314 111 64 43 203 165 87 857 412 127 445
is_linear=0
shrinkage=0.05


Tree=124
num_leaves=15
num_cat=0
split_feature=77 59 84 107 80 66 98 66 81 96 59 93 115 107
split_gain=1.6212 3.05685 3.18786 3.25153 4.53638 3.52413 4.08323 6.73631 3.326 3.02987 3.67188 3.20752 2.98807 3.47101
threshold=0.015145677762764497 -0.02453904614281022 -0.063607491736859575 -0.014152302875262699 -0.029645823995414915 -0.038586463454784566 -0.0081678823497539702 -0.014568096318247294 0.049953595772707665 0.0091411641498735843 0.030454901317103513 0.011014446654618598 0.059293338040004757 -0.070211283474288219
decision_type=2 2 2 2 2 2 2 2 2 2 2 2 2 2
left_child=1 -1 -3 9 8 -6 7 -7 -5 -4 11 -11 13 -2
right_child=12 2 3 4 5 6 -8 -9 -10 10 -12 -13 -14 -15
leaf_value=-0.0094230389829171295 -0.063291407632933033 0.045792998051441824 0.031159529847456638 -0.040861900544381893 -0.033463385457022495 0.053530260761135699 0.0252486142764702 -0.02515843039356315 0.023533110076148209 0.042648938664143855 -0.041181375061491991 -0.013054330856941325 0.033063929569851394 -0.0064466525879640427
leaf_weight=34.431070737540722 2.8068899661302558 5.2648662179708472 19.029869075864553 10.082168482244013 4.9793852791190139 3.4789396822452554 21.982191905379299 12.464174784719937 2.5030152760446063 5.4228406585752946 3.8322178423404685 4.93725560978055 4.5374339967966071 62.061524961143732
leaf_count=221 17 31 120 65 32 20 143 78 15 31 25 32 30 388
internal_value=-5.69212e-06 0.00332214 0.0079917 0.00574827 -0.00165851 0.00608424 0.0112766 -0.00798781 -0.0280546 0.0181196 0.000634839 0.0161027 -0.00616253 -0.00890635
internal_weight=197.814 128.408 93.9769 88.7121 55.4899 42.9047 37.9253 15.9431 12.5852 33.2222 14.1923 10.3601 69.4058 64.8684
internal_count=1248 813 592 561 353 273 241 98 80 208 88 63 435 405
is_linear=0
shrinkage=0.05


Tree=125
num_leaves=15
num_cat=0
split_feature=83 117 102 58 113 38 48 117 99 70 119 42 106 52
split_gain=1.54375 2.73408 3.29041 2.86675 2.69545 5.22951 3.08329 3.18318 4.86835 3.63034 3.37648 3.05742 2.68477 2.61742
threshold=0.022904228253269109 -0.020935914764251131 -0.071671328548850693 0.033064867257370879 0.037486903629255754 0.0075992069098689405 0.012527541951824431 -0.00060792539636671283 -0.030172191437824951 -0.007565897157934218 -0.017955208165032353 -0.01606283840759298 0.030046212244955937 -0.014416040057788458
decision_type=2 2 2 2 2 2 2 2 2 2 2 2 2 2
left_child=1 2 -1 13 6 -6 7 9 -9 11 -10 -2 -8 -3
right_child=4 3 -4 -5 5 -7 12 8 10 -11 -12 -13 -14 -15
leaf_value=-0.067013763685923849 0.05451589215795638 0.008751004800269092 0.01098712941138677 -0.023531891702900515 -0.05344986266917693 0.03509635937039373 0.041632402654387023 -0.042495714078939949 -0.012392524997769473 -0.035989064652735617 0.050244114734673696 -0.013625752481396448 0.00039917339004429467 -0.0097683910810518158
leaf_weight=1.4005873799324025 2.6882793754339218 30.528561372309923 39.01043913140893 21.02851540222764 4.5887364223599425 2.6192994192242622 11.898612886667253 2.5947720222175112 2.9289221316575995 8.4772037528455275 8.1061338298022729 4.2464117817580691 5.9079418107867232 50.872828789055347
leaf_count=8 17 189 246 148 28 17 75 16 20 54 46 28 35 321
internal_value=-5.89755e-06 -0.00272945 0.00828373 -0.00707441 0.00719094 -0.0212734 0.0115704 0.00152638 0.0191288 -0.0140407 0.0336191 0.0127898 0.0279518 -0.00282293
internal_weight=196.897 142.841 40.411 102.43 54.0563 7.20804 46.8483 29.0417 13.6298 15.4119 11.0351 6.93469 17.8066 81.4014
internal_count=1248 912 254 658 336 45 291 181 82 99 66 45 110 510
is_linear=0
shrinkage=0.05


Tree=126
num_leaves=15
num_cat=0
split_feature=76 60 96 28 58 85 121 124 19 102 63 111 11 112
split_gain=1.55823 2.12441 1.96744 1.93736 2.02475 3.18085 3.55787 4.62362 2.43732 3.61891 3.13919 3.12562 3.84442 3.80862
threshold=0.078866153388520169 0.01893159376280008 -0.085130294502044082 0.081480522211078307 0.040962442618424112 -0.049586516151680908 -0.019657367642242875 0.016357453753310301 0.046293150126179766 -0.021751760447985453 0.013145756035944355 -0.052978067094176746 0.014693632138450289 0.025476776546944132
decision_type=2 2 2 2 2 2 2 2 2 2 2 2 2 2
left_child=2 -2 -1 4 8 -6 7 -7 9 11 -10 -4 -13 -14
right_child=1 -3 3 -5 5 6 -8 -9 10 -11 -12 12 13 -15
leaf_value=0.039520444076354286 0.048573235976210036 -0.013485568393772643 -0.035771136543065706 -0.024961511942219693 0.025841775728239147 0.030753270688044211 -0.036867515053959098 -0.050500452412588784 0.032627018706811971 -0.0060914798439674206 -0.0094986243964287845 0.026841207696469839 -0.024789006186462979 0.035559207781463285
leaf_weight=2.9795292243361464 3.6818996146321288 2.2048166394233704 3.1957816183567038 8.3575138226151449 4.3307401016354587 5.5392027087509685 13.464167177677149 2.5599212497472763 12.982669003307821 91.955015048384666 6.707257278263568 25.551006332039833 8.8431755118072015 3.7118292674422255
leaf_count=19 27 13 22 54 26 38 96 21 81 575 44 150 58 24
internal_value=-5.85008e-06 0.0253297 -0.000790079 -0.00143168 -0.000332093 -0.0132619 -0.0211155 0.00507109 0.00185694 -0.000569298 0.0182772 0.0117254 0.0157087 -0.00694734
internal_weight=196.065 5.88672 190.178 187.198 178.841 25.894 21.5633 8.09912 152.947 133.257 19.6899 41.3018 38.106 12.555
internal_count=1248 40 1208 1189 1135 181 155 59 954 829 125 254 232 82
is_linear=0
shrinkage=0.05


Tree=127
num_leaves=15
num_cat=0
split_feature=129 7 32 11 114 12 37 111 25 45 74 91 34 10
split_gain=1.53367 2.13464 2.08948 2.182 2.88355 2.72641 2.05388 1.9805 1.9646 3.43177 2.82758 2.26949 3.66689 2.45853
threshold=1.0000000180025095e-35 0.03922859086862205 0.039947738448939486 -0.039335262450477117 -0.0016441821771973392 -0.017290994534541363 0.016242867862326819 -0.087315818698868286 -0.067699578101676552 0.0090815055732173747 0.0036992088571614836 0.036700559253158092 -0.057144114117335949 0.014879561957290127
decision_type=2 2 2 2 2 2 2 2 2 2 2 2 2 2
left_child=7 2 3 -2 5 -5 -6 -1 9 -9 -11 -10 -13 -14
right_child=1 -3 -4 4 6 -7 -8 8 11 10 -12 12 13 -15
leaf_value=-0.051428908741758497 -0.030758169597243302 0.043289600183563183 0.041970381278663864 0.029372056247976154 0.053708296124250446 -0.031590577839018773 -0.0065192579268050334 -0.040902165767638887 0.003041765731302343 -0.024846697304636595 0.042373033561662991 0.034259983165781945 -0.010722306268714543 -0.049427087400551024
leaf_weight=1.9847979694604863 4.7483195848763051 4.317332860082387 3.2574833966791621 2.7525747716426903 4.2314649112522558 5.4958747178316116 2.1271442025899887 7.9029459655284864 129.27025489509106 3.1383645981550217 3.1194885447621346 3.3545855581760433 13.687874820083382 5.8590953797101966
leaf_count=16 30 49 31 20 41 36 14 52 771 20 19 19 87 43
internal_value=-5.90545e-06 0.0110728 0.00492182 -0.0013134 0.00825822 -0.0112469 0.0335604 -0.00177846 -0.00118599 -0.0189992 0.00866179 0.000471666 -0.0140355 -0.0223238
internal_weight=195.248 26.9302 22.6129 19.3554 14.6071 8.24845 6.35861 168.317 166.333 14.1608 6.25785 152.172 22.9016 19.547
internal_count=1248 221 172 141 111 56 55 1027 1011 91 39 920 149 130
is_linear=0
shrinkage=0.05


Tree=128
num_leaves=15
num_cat=0
split_feature=46 27 96 13 37 98 47 18 59 15 83 2 67 65
split_gain=1.52123 1.913 1.82898 2.75104 2.90253 4.23303 5.42658 3.74905 3.37125 3.23571 3.21823 2.85682 4.20849 3.93915
threshold=-0.091576877502023576 -0.01257157787561085 -0.0092663958089838679 0.071084881722868462 -0.0091838917937661167 -0.042304719585992849 0.0014198322174564274 0.063115475531002788 0.029607060580352989 0.035292095763778189 0.019151675005762005 -0.0045023676362095184 0.020306629037026642 -0.020260706373230675
decision_type=2 2 2 2 2 2 2 2 2 2 2 2 2 2
left_child=1 -1 3 4 7 8 -7 9 -6 11 -8 13 -13 -2
right_child=2 -3 -4 -5 5 6 10 -9 -10 -11 -12 12 -14 -15
leaf_value=-0.0083609708929376879 -0.020929004214510643 0.053391140794654318 -0.00494594220214688 0.036650213476968431 0.056775742072797397 -0.03653143992037914 -0.012469796108266235 -0.043366834619895989 -0.015918864371943797 0.050394051168185398 0.031066833436974906 -0.021626786314067632 0.034502245313403977 0.049819689930511217
leaf_weight=2.1970460116863251 2.6937886625528336 2.9223143048584452 109.11290940642357 6.3242517188191405 4.1913637518882743 14.975748173892496 11.064926717430355 2.7181157656013957 2.5745198167860508 6.1423218324780455 6.8864765204489222 10.409750159829853 4.9170153737068185 7.2968824431300199
leaf_count=15 16 20 697 41 25 105 75 19 18 37 42 67 30 41
internal_value=-5.31418e-06 0.0268893 -0.000732613 0.00500001 0.00229037 -0.00690644 -0.014308 0.0129712 0.0291144 0.0178388 0.00423163 0.00994053 -0.0036199 0.0307437
internal_weight=194.427 5.11936 189.308 80.1952 73.8709 39.693 32.9272 34.1779 6.76588 31.4598 17.9514 25.3174 15.3268 9.99067
internal_count=1248 35 1213 516 475 265 222 210 43 191 117 154 97 57
is_linear=0
shrinkage=0.05


Tree=129
num_leaves=15
num_cat=0
split_feature=116 45 92 91 29 116 35 80 118 100 125 14 71 106
split_gain=1.47599 3.46179 3.14899 2.68838 2.26477 2.59017 2.3065 3.10653 3.61228 3.10343 3.41328 3.3914 3.09841 3.56431
threshold=-0.052791412802864916 -0.027761170682092953 -0.011917061825158788 -0.0099182078074956086 -0.075995530901753414 0.0012039100133180052 -0.0094153061535408953 0.06783876335246887 -0.0018736332687380281 0.014001185509025453 -0.0035644067011084343 -0.014159599320328268 -0.060354082368204089 -0.003535820818856515
decision_type=2 2 2 2 2 2 2 2 2 2 2 2 2 2
left_child=1 -1 -3 -4 5 -2 7 8 9 10 -6 -12 -10 -14
right_child=4 2 3 -5 6 -7 -8 -9 12 -11 11 -13 13 -15
leaf_value=0.027123763037631029 0.055684479526602375 -0.062735145919581486 -0.042329684636036452 0.016889797907348385 -0.015497408581048151 -0.00029539731988929927 -0.0046601882334603812 -0.038912903442946567 0.058411420458759605 0.045114154713798441 0.057011433709385544 0.0047273094771732825 0.0098558009492115926 -0.024111248976065047
leaf_weight=3.7689151093363753 4.010387718677519 4.1959428004920474 3.4055857881903639 4.3829197138547897 7.5812653899192854 4.262729212641716 102.60952120274305 3.453092034906148 2.019829846918582 9.9756289422512037 5.385361015796664 7.3136792667210075 17.094999268651009 14.087990168482067
leaf_count=26 26 28 23 28 49 28 661 22 14 62 32 47 109 93
internal_value=-3.55857e-06 -0.0146722 -0.0278164 -0.00900439 0.00129615 0.0268408 4.94968e-05 0.00727181 0.00978494 0.0222817 0.0110507 0.0268998 -0.00160267 -0.00548998
internal_weight=193.548 15.7534 11.9844 7.78851 177.794 8.27312 169.521 66.9118 63.4588 30.2559 20.2803 12.699 33.2028 31.183
internal_count=1248 105 79 51 1143 54 1089 428 406 190 128 79 216 202
is_linear=0
shrinkage=0.05


Tree=130
num_leaves=15
num_cat=0
split_feature=0 109 41 98 112 31 41 105 116 5 47 102 64 122
split_gain=1.47924 3.47369 3.37828 4.11031 3.39219 4.49862 3.2486 4.28647 3.67076 3.40598 4.30469 2.80134 3.85901 2.75839
threshold=0.10668042705443261 -0.038759044324332907 -0.031225251859496674 0.04772559423932627 -0.014380099872991379 0.029387996058891582 -0.0037475124713829979 0.033109551542058011 -0.0093473650364130183 0.010143811912070172 -0.0021094415883646934 -0.015600510175130039 -0.0039945135844692741 -0.016203039174281907
decision_type=2 2 2 2 2 2 2 2 2 2 2 2 2 2
left_child=1 13 3 -3 11 6 8 9 -6 10 -8 12 -4 -1
right_child=-2 2 4 -5 5 -7 7 -9 -10 -11 -12 -13 -14 -15
leaf_value=0.00024891678568276631 0.0034951520586012476 -0.036067564457978478 -0.028910640250620574 0.039577816245195095 -0.024733310970156696 0.046618619946346092 -0.053313612068652275 -0.060860565537593538 0.051081128114118662 0.026057945186291894 0.017532819350159098 -0.029200759028039116 0.054105274796915431 -0.054822644118182155
leaf_weight=3.7013942897319794 117.69342789053917 11.144839778542517 2.6892472505569458 2.1406938210129729 2.1944329142570496 7.7911271117627612 4.4411742761731148 3.1362319216132155 5.8603315725922567 8.120844438672064 4.145432911813268 10.874536387622355 2.9197709336876896 5.8950177840888482
leaf_count=26 753 83 17 13 15 48 31 23 33 46 26 74 17 43
internal_value=-2.74658e-06 -0.00548778 -0.00136921 -0.0238788 0.00436272 0.0130272 0.00364617 -0.00722418 0.0304263 0.00284416 -0.0191104 -0.0143972 0.0143032 -0.0335812
internal_weight=192.749 75.0551 65.4587 13.2855 52.1731 35.6896 27.8984 19.8437 8.05476 16.7075 8.58661 16.4836 5.60902 9.59641
internal_count=1248 495 426 96 330 222 174 126 48 103 57 108 34 69
is_linear=0
shrinkage=0.05


Tree=131
num_leaves=15
num_cat=0
split_feature=129 105 9 4 11 37 46 35 40 88 33 8 74 81
split_gain=1.46608 2.0516 2.58299 2.7608 2.3931 2.05973 1.84816 1.80706 2.2194 2.24932 2.19704 2.99517 3.57946 3.36478
threshold=1.0000000180025095e-35 -0.035860095960816726 0.043760090078447889 0.021816261801609678 -0.043802051864773692 -0.024222403145496372 0.015590769348332747 0.074522737948723425 -0.016874610619549719 -0.012282777850748614 -0.035990990741752237 -0.024756043970481142 0.035732520614050536 0.0050480581127420416
decision_type=2 2 2 2 2 2 2 2 2 2 2 2 2 2
left_child=7 -2 3 4 -3 -6 -5 10 -9 -10 11 -1 13 -13
right_child=1 2 -4 6 5 -7 -8 8 9 -11 -12 12 -14 -15
leaf_value=-0.032198308080990674 0.04111099082088545 -0.026923098124814745 0.055863265897323745 -0.0038915319216218727 -0.0062013923842151224 0.042667361696990314 -0.055259239320454567 -0.05737138799466554 -0.038564128483761964 0.023685925234360954 0.002405093555857538 0.027349893163272146 -0.056541497781798844 -0.019469114768374485
leaf_weight=11.853245139122011 4.6468230374157455 2.8680762127041879 2.1977760456502429 4.0590048655867568 3.3499022722244316 6.0509331747889448 3.0795863196253777 3.1504677832126617 2.7148306593298912 3.1175817809998971 126.25360494107008 9.5901825875043887 2.4279569387435904 6.3975286856293669
leaf_count=85 45 18 26 32 27 55 18 20 18 19 766 57 17 45
internal_value=-5.84518e-06 0.0109715 0.00448915 -0.00132864 0.0130562 0.0252534 -0.0260515 -0.00174705 -0.0235558 -0.0052898 -0.000495435 -0.0125937 2.47576e-05 0.00861513
internal_weight=191.758 26.2521 21.6053 19.4075 12.2689 9.40084 7.13859 165.505 8.98288 5.83241 156.523 30.2689 18.4157 15.9877
internal_count=1248 221 176 150 100 82 50 1027 57 37 970 204 119 102
is_linear=0
shrinkage=0.05


Tree=132
num_leaves=15
num_cat=0
split_feature=123 115 46 77 122 33 103 70 94 46 44 110 52 71
split_gain=1.45896 2.0417 1.76236 2.16827 3.19441 3.11314 2.73853 3.48035 2.69154 2.68446 3.30177 2.66414 2.62458 2.49107
threshold=0.076660784782377686 0.079477096506323522 -0.091576877502023576 0.017194670456161576 -0.04688099875022058 -0.0079080606565355028 -0.021821486778895543 0.0027649200256780596 0.035556811629810177 0.0036433314086018504 -0.038191697449509746 0.017715286864710519 -0.053223129264447541 -0.0084539901914369876
decision_type=2 2 2 2 2 2 2 2 2 2 2 2 2 2
left_child=1 2 -1 13 5 -5 8 12 -6 11 -11 -9 -8 -4
right_child=-2 -3 3 4 6 -7 7 9 -10 10 -12 -13 -14 -15
leaf_value=0.029872547105770298 -0.030920336878338929 0.041547902634010515 -0.0057646653409533146 0.063760024023868961 -0.040876791046638848 -0.0036465631887295821 0.022472499271722516 0.011489814392960065 0.011943899005553954 -0.026415232443431115 0.041909848402660474 -0.053643523406795957 -0.028591345663626658 0.0088543132674161057
leaf_weight=4.7915267646312705 3.7416819781064978 2.9971788339316836 48.821347061544657 2.7867754846811295 12.526349835097788 4.4451231434941283 2.9971022605895987 4.0118632428348091 2.9868154898285857 2.267441302537919 8.0304027423262561 2.5793382376432419 15.687987644225361 72.285074904561043
leaf_count=33 28 21 317 15 81 28 18 29 19 14 46 18 107 474
internal_value=-5.88282e-06 0.000611976 -5.40438e-05 -0.000853228 -0.0087739 0.0223282 -0.0131767 -0.0055321 -0.030707 0.0109177 0.0268656 -0.0139988 -0.0204007 0.002961
internal_weight=190.956 187.214 184.217 179.426 58.3192 7.2319 51.0873 35.5741 15.5132 16.889 10.2978 6.5912 18.6851 121.106
internal_count=1248 1220 1199 1166 375 43 332 232 100 107 60 47 125 791
is_linear=0
shrinkage=0.05


Tree=133
num_leaves=15
num_cat=0
split_feature=128 19 119 0 103 100 19 15 12 97 0 24 63 15
split_gain=1.46893 2.75325 5.68635 4.20341 3.85777 3.81805 3.84538 3.72311 2.71962 3.53636 3.27284 2.90088 2.8806 2.76344
threshold=-0.48155139937572805 -0.014400923247857461 -0.019761218228465587 0.079550123122197849 0.027474342953462596 -0.02576064211915384 -0.010516496170324406 -0.0024544025852764094 -0.0063641537954841751 0.011074409475645032 0.15898874494923068 0.01334688622330857 0.0066490086487502641 0.030372410385130215
decision_type=2 2 2 2 2 2 2 2 2 2 2 2 2 2
left_child=1 2 -1 7 -4 -5 -7 -3 10 13 11 -8 -13 -10
right_child=-2 3 4 5 -6 6 8 -9 9 -11 -12 12 -14 -15
leaf_value=0.024679619444974345 -0.0041302957651289281 -0.051176203094613841 -0.030069945227606754 0.041391920238187552 0.018049315418990963 0.06220936825884104 -0.04766212352795577 0.022957490123733194 0.053655032362111811 -0.0095221460139900613 0.028051780710061813 0.034633455207696971 -0.041131225176395336 -0.0062890377631332943
leaf_weight=10.37022779881954 101.16002823784947 4.5722341984510422 19.018412429839376 12.079088788479565 5.3332704901695243 3.0743074268102601 6.3168187066912633 2.6900388151407233 7.0211585424840539 6.948491569608449 3.9038437865674487 2.9941719248890877 2.1593013145029545 2.6476663276553154
leaf_count=66 664 31 125 81 35 18 42 17 48 42 28 19 15 17
internal_value=-6.77229e-06 0.00467336 -0.00632706 0.0116937 -0.0195313 0.0171483 0.00879707 -0.0237161 0.00366427 0.0176867 -0.011492 -0.0249505 0.00288811 0.0372402
internal_weight=190.289 89.129 34.7219 54.4071 24.3517 47.1448 35.0658 7.26227 31.9915 16.6173 15.3741 11.4703 5.15347 9.66882
internal_count=1248 584 226 358 160 310 229 48 211 107 104 76 34 65
is_linear=0
shrinkage=0.05


Tree=134
num_leaves=15
num_cat=0
split_feature=76 66 26 69 102 88 61 109 79 113 109 110 127 53
split_gain=1.43219 2.05406 1.83674 2.60633 3.07227 2.98572 2.93746 2.6339 2.34907 2.31334 2.17822 2.46854 2.8798 2.94336
threshold=0.078866153388520169 -0.017603386093011302 -0.040480574959500061 0.038100656203376305 0.042237686619422989 -0.033082991150475555 -0.019999745140155182 -0.012789715219183288 0.081294871046740214 -1.0000000180025095e-35 -0.035719345503029166 -0.015137005279537166 -0.01285515912622414 -0.0040262430037089634
decision_type=2 2 2 2 2 2 2 2 2 2 2 2 2 2
left_child=2 -2 3 4 5 -1 7 -7 10 -8 11 12 -4 -14
right_child=1 -3 8 -5 -6 6 9 -9 -10 -11 -12 -13 13 -15
leaf_value=0.038875826112793235 -0.015887611184695241 0.047386307427548686 0.039437034217854793 -0.04318960170395017 -0.052929529151288193 0.05815009956987667 -0.0044157599496805503 -0.0084437702242650646 0.042007873966906334 -0.052177191612544471 0.0030887122956897543 -0.026328432319345438 -0.050231594227420184 0.022399518949067235
leaf_weight=4.287346579134474 1.9895336180925367 3.6099131926894179 3.902676098048687 5.5207898169755927 2.937672831118106 2.571336455643177 6.1904291100800126 3.5139122083783247 3.4833219274878493 4.293791323900205 126.91245255246758 14.489609420299528 3.0031856186687946 2.6046764180064219
leaf_count=26 14 26 24 37 22 16 39 24 24 33 822 103 22 16
internal_value=-5.77011e-06 0.0249045 -0.000765026 -0.0122386 -0.00505731 0.00168547 -0.00793753 0.0196956 0.00141346 -0.0239764 0.000476475 -0.013337 0.00645586 -0.0164967
internal_weight=189.311 5.59945 183.711 29.3153 23.7945 20.8568 16.5695 6.08525 154.396 10.4842 150.913 24.0001 9.51054 5.60786
internal_count=1248 40 1208 197 160 138 112 40 1011 72 987 165 62 38
is_linear=0
shrinkage=0.05


Tree=135
num_leaves=15
num_cat=0
split_feature=44 65 80 56 63 100 108 77 117 94 101 120 0 106
split_gain=1.42135 1.9508 1.81413 3.75694 3.2937 3.15139 3.65205 3.38625 3.33328 2.95423 2.89381 2.84685 2.78307 2.71177
threshold=-0.079648501174321512 -0.04153605770615075 -0.0096078359690193529 0.061265868335244326 -0.068081062888199914 -0.020742206839293276 -0.009179747920869577 0.01799825640824505 -0.0063878399291370262 -0.071903728940595588 -0.016017764791419226 0.018489923007381327 0.092487508323666187 -0.02443637780315001
decision_type=2 2 2 2 2 2 2 2 2 2 2 2 2 2
left_child=1 -1 3 4 -2 6 11 8 -8 -4 -5 -6 -7 -11
right_child=2 -3 9 10 5 12 7 -9 -10 13 -12 -13 -14 -15
leaf_value=-0.013607904926581357 0.032955999830699648 0.038104135111439945 -0.042176699422849309 0.062680671168613991 -0.044988143866602048 -0.041579611318819015 0.065428448274784057 -0.020129163710960983 0.004966293372620641 0.019203854911543895 -0.0019402597457579081 0.013885671621185659 -0.013111924593476069 0.00021447153156828108
leaf_weight=2.7679628655314445 4.0999670997261992 5.3464728184044343 3.456258423626422 3.2356425188481808 5.4526045210659522 12.04558779299259 4.6234787106513968 3.8841005787253371 4.4963906593620768 24.827483642846346 3.7291715778410426 3.2936542853713036 29.887218881398439 77.44763645529747
leaf_count=18 24 37 24 19 37 86 29 22 29 161 25 22 203 512
internal_value=-6.7455e-06 0.0204643 -0.000927136 -0.00688915 -0.0104824 -0.013279 0.00216484 0.0189676 0.0356186 0.00328777 0.0280807 -0.0228175 -0.0212895 0.00482418
internal_weight=188.594 8.11444 180.479 74.7478 67.783 63.683 21.7502 13.004 9.11987 105.731 6.96481 8.74626 41.9328 102.275
internal_count=1248 55 1193 496 452 428 139 80 58 697 44 59 289 673
is_linear=0
shrinkage=0.05


Tree=136
num_leaves=15
num_cat=0
split_feature=50 124 116 103 17 33 109 114 35 69 114 53 116 86
split_gain=1.4182 2.78343 3.22698 4.6424 5.01925 3.31192 4.19773 3.52736 3.20189 3.04711 2.70798 2.60004 2.66766 3.30613
threshold=-0.017775374410099246 0.017486045489885079 -0.0012252896431023607 1.0000000180025095e-35 0.0062445246819637255 0.0077429775669288171 -0.029022266790846133 0.026892846711515598 -0.0025823302996031135 -0.0077883711258683623 -0.07092468207094009 0.056012264174238442 -0.0022599790863253393 0.044315782867289953
decision_type=2 2 2 2 2 2 2 2 2 2 2 2 2 2
left_child=1 2 3 4 -1 6 -4 -8 9 -3 -2 12 13 -12
right_child=10 8 5 -5 -6 -7 7 -9 -10 -11 11 -13 -14 -15
leaf_value=0.047303460869827556 -0.048002829629019139 0.045470718427501028 -0.039204917087352492 -0.025311425173348556 -0.014811074190892044 0.048700954762321953 0.038416737424443473 -0.028941302063035745 -0.030556043409813979 -0.012213099445392818 0.01322759496347743 -0.026801256818857012 -0.007310958860870246 -0.025373578253924091
leaf_weight=7.155054338276388 3.2894334085285655 3.7390122562646866 3.3011919409036627 10.697780735790728 5.9626018479466438 9.1913807503879053 9.4294064715504664 2.4482624232769004 9.678678981959818 5.9050151854753512 45.003938890993595 9.6946901567280275 55.993503235280514 6.3268410190939894
leaf_count=44 23 22 21 71 39 59 63 17 65 39 298 69 373 45
internal_value=-6.47759e-06 0.00579368 0.0122229 -0.000866236 0.0190694 0.025014 0.0106706 0.0245327 -0.010239 0.0101511 -0.00326111 -0.00200341 0.000236601 0.00846976
internal_weight=187.817 67.5084 48.1857 23.8154 13.1177 24.3702 15.1789 11.8777 19.3227 9.64403 120.308 117.019 107.324 51.3308
internal_count=1248 440 314 154 83 160 101 80 126 61 808 785 716 343
is_linear=0
shrinkage=0.05


Tree=137
num_leaves=15
num_cat=0
split_feature=87 96 54 123 36 95 27 0 0 20 109 8 40 9
split_gain=1.36729 2.39189 2.42018 1.71881 1.65099 2.81523 3.47897 2.82877 2.89637 2.49452 3.08088 2.86458 3.47833 3.55098
threshold=-0.060309170950299959 0.0048279888533781946 -0.0031318727915391606 0.076660784782377686 0.037480895238563385 0.02579911338972948 -0.030355614039112484 0.13575785567597201 0.089131382252933058 -0.016774665199287778 -0.039686013232675517 -0.05730750891069869 0.031074494972889947 -0.022328635207120428
decision_type=2 2 2 2 2 2 2 2 2 2 2 2 2 2
left_child=1 -1 -3 4 9 6 -6 8 -8 -2 -11 -12 13 -13
right_child=3 2 -4 -5 5 -7 7 -9 -10 10 11 12 -14 -15
leaf_value=0.043697469288866364 0.0055783156638008107 -0.035877599024457189 0.027804567110461777 -0.036243865465159564 -0.031117584200689014 0.038722616275896883 -0.010937120022293214 -0.012746388605754506 0.041171474329002505 -0.031589103299146673 -0.030455365633675735 -0.026003579695835801 0.025900508016568694 0.0024993773743362088
leaf_weight=4.7729857414960843 54.802272345870733 2.9606781378388405 3.0074646435678005 3.4044076018035403 5.9968139678239849 6.6655488424003115 3.7431866452097919 7.2726988457143298 9.2727731280028802 11.992447353899477 9.1229239478707225 15.307019911706439 10.435677610337732 38.18944258242847
leaf_count=40 359 19 21 27 39 45 24 49 57 83 68 100 68 249
internal_value=-5.63865e-06 0.0173135 -0.0037869 -0.00106138 -0.000368238 0.00970029 0.00234072 0.0122302 0.0261859 -0.00274056 -0.00810101 -0.00424529 -0.000505194 -0.00565621
internal_weight=186.946 10.7411 5.96814 176.205 172.801 32.951 26.2855 20.2887 13.016 139.85 85.0475 73.0551 63.9321 53.4965
internal_count=1248 80 40 1168 1141 214 169 130 81 927 568 485 417 349
is_linear=0
shrinkage=0.05


Tree=138
num_leaves=15
num_cat=0
split_feature=129 64 79 116 118 29 60 115 111 35 125 49 19 25
split_gain=1.41683 1.93137 2.91711 2.50245 2.11818 2.51262 2.37575 2.25641 1.76301 1.66916 2.39268 2.14051 3.72407 3.32849
threshold=1.0000000180025095e-35 0.010610572971627081 0.026843541961307341 0.008022719069131554 0.018932582415763646 0.050001630644510665 0.055268437681720579 0.02954837417920499 -0.087315818698868286 0.074522737948723425 0.021257275124551521 -0.0051863394259069511 0.040377053368563641 -0.068068203015938383
decision_type=2 2 2 2 2 2 2 2 2 2 2 2 2 2
left_child=8 4 3 -3 5 6 7 -2 -1 11 -11 -10 13 -13
right_child=1 2 -4 -5 -6 -7 -8 -9 9 10 -12 12 -14 -15
leaf_value=-0.050574421942906268 0.049584577682129816 0.011205582741856082 0.046851660820223545 -0.043941580230654836 0.053901585216943916 -0.037126952294732278 -0.034335142456552774 -0.018420075535720847 0.0068330953563584904 -0.0054572231436111063 -0.063175550816363182 -0.053266347370655692 0.019283730440007859 -0.0070146667217020342
leaf_weight=1.8267512246966351 5.6809584386646765 3.7715296372771245 2.1194887384772292 4.5254352241754532 3.9594536311924449 2.1570990271866313 1.4908067211508749 1.5532894395291803 65.611881971359253 6.0468211695551854 2.553912952542305 4.1274422071874133 13.133541457355021 67.571605149656534
leaf_count=16 60 35 24 26 37 16 10 13 415 40 17 28 83 428
internal_value=-5.63202e-06 0.0110037 -0.00550005 -0.0188735 0.0225867 0.0111929 0.023139 0.0349831 -0.00173418 -0.00117321 -0.0225962 5.15131e-05 -0.00519355 -0.0096772
internal_weight=186.13 25.2581 10.4165 8.29696 14.8416 10.8822 8.72505 7.23425 160.872 159.045 8.60073 150.444 84.8326 71.699
internal_count=1248 221 85 61 136 99 83 73 1027 1011 57 954 539 456
is_linear=0
shrinkage=0.05


Tree=139
num_leaves=15
num_cat=0
split_feature=69 122 126 11 33 79 79 2 111 126 47 4 126 3
split_gain=1.35354 2.02634 1.57023 2.85175 3.43021 4.42799 3.99488 3.2958 3.26872 3.03 2.91779 2.49348 3.08507 3.623
threshold=0.079584275572475535 0.011627595110894754 -0.016872831544136022 0.033345325359312422 -0.05293776432435273 -0.015881579183222253 0.030762740573754634 -0.047749100927269854 0.0061732415905519115 -0.051352896051435275 -0.010941215492401119 0.076193724605855398 0.0063259739340161573 -0.050532450855315061
decision_type=2 2 2 2 2 2 2 2 2 2 2 2 2 2
left_child=2 -2 3 4 -1 7 -7 -6 -5 -8 -10 12 -4 -14
right_child=1 -3 11 8 5 6 9 -9 10 -11 -12 -13 13 -15
leaf_value=-0.027781502361433303 0.04675933151014721 -0.014308125092256563 -0.012853128806480936 -0.032215134925021253 0.047133788910962017 0.044714505116033393 -0.043094142265878488 -0.014737410607183568 -0.031931619027729723 0.020709850267555816 0.036693916669024072 -0.031375260328687905 0.025894418183062425 -0.001833907030157976
leaf_weight=4.8482918851077548 3.6117637231945983 2.1773225888609886 42.054452769458294 9.0906283818185347 2.5831583142280587 16.032432138919834 2.5245815292000771 12.90751218423247 2.3442965373396873 7.0764225982129556 4.5650856271386138 7.8578578382730475 15.191295776516197 52.467302989214659
leaf_count=36 24 16 285 60 15 99 19 85 18 50 28 55 108 350
internal_value=-4.95735e-06 0.0237914 -0.000772232 0.00566825 0.0119958 0.0166853 0.0294396 -0.00442003 -0.0125126 0.00393261 0.0134098 -0.00416705 -0.00221835 0.0043919
internal_weight=185.332 5.78909 179.543 61.9724 45.9724 41.1241 25.6334 15.4907 16 9.601 6.90938 117.571 109.713 67.6586
internal_count=1248 40 1208 410 304 268 168 100 106 69 46 798 743 458
is_linear=0
shrinkage=0.05


Tree=140
num_leaves=15
num_cat=0
split_feature=0 84 106 72 114 100 112 89 18 105 68 46 63 110
split_gain=1.32292 2.71666 3.44805 3.54898 2.34795 1.95274 2.49436 1.81828 3.95653 3.05654 2.84925 2.24302 3.77225 4.5646
threshold=0.15820797443705117 0.0027982904632843134 0.022748325038256762 -0.0036592699047726684 0.0060566687066734076 -0.061264114120106176 0.028151040509078979 -0.042850246422223119 0.012452416191303703 -0.023327323472997489 0.034276189581663653 -0.03566069417530577 -0.0030321193844273123 0.025524662390068446
decision_type=2 2 2 2 2 2 2 2 2 2 2 2 2 2
left_child=7 2 3 -2 -5 -3 -7 8 10 -10 -1 12 -9 -14
right_child=1 5 -4 4 -6 6 -8 11 9 -11 -12 -13 13 -15
leaf_value=0.044674686756384946 0.039317499253239088 -0.035878970171354323 -0.04292510220761999 -0.046765782910600261 0.011889364696679306 0.042411408087423594 -0.013277573058132703 0.028120529646884995 0.02066917952095948 -0.039327241361933475 -0.0060236160085575955 -0.0073193784469500894 0.0084369057792123923 -0.057511945016096792
leaf_weight=8.9766733944416064 5.4651594012975719 1.1751116923987854 4.2622217014431945 3.1153487190604237 3.7718133740127087 10.244592595845459 2.5018105972558251 12.998280439525844 3.6237983554601669 5.1252827756106836 4.0089535489678374 106.15768556296825 9.4218841455876809 3.636463187634944
leaf_count=57 42 9 30 21 28 78 20 84 25 38 26 702 63 25
internal_value=-4.0015e-06 0.00950289 -0.0041486 0.00923139 -0.0146428 0.0257952 0.031481 -0.00188971 0.0115124 -0.0144772 0.029023 -0.00409289 0.00905221 -0.0099284
internal_weight=184.485 30.5361 16.6145 12.3523 6.88716 13.9215 12.7464 153.949 21.7347 8.74908 12.9856 132.214 26.0566 13.0583
internal_count=1248 228 121 91 49 107 98 1020 146 63 83 874 172 88
is_linear=0
shrinkage=0.05


Tree=141
num_leaves=15
num_cat=0
split_feature=129 113 105 0 113 55 4 121 78 97 119 63 91 58
split_gain=1.33434 1.91209 2.30287 1.92684 2.26317 1.85516 1.84797 2.32946 1.69403 1.8327 2.42001 2.69162 2.13088 2.05154
threshold=1.0000000180025095e-35 -0.015005021813431411 -0.017291431065358964 0.099122590833197619 0.0096062822649229645 -0.030690968794290598 0.01191180580786663 -0.0021112810265502143 -0.097986207546132284 -0.081866341494573461 -0.055921847638689549 0.0053242532573831497 0.005624373211122218 0.079043756297365597
decision_type=2 2 2 2 2 2 2 2 2 2 2 2 2 2
left_child=8 6 5 -4 -5 -3 -2 -8 -1 -10 11 12 -11 -12
right_child=1 2 3 4 -6 -7 7 -9 9 10 13 -13 -14 -15
leaf_value=0.034736471265038753 0.057203200138146039 -0.0085003915918029308 -0.04212228523990677 -0.033646451756154223 0.019368658068065949 0.056267966645489942 0.048044408285196155 -0.031840592521580745 -0.042765824636359334 0.061090937283125313 -0.0024512028412951763 -0.016626598487095232 0.0069439003756332947 -0.041228865658024381
leaf_weight=3.1307612657546988 3.6842450220137861 1.7844856530427931 3.3168847411870912 2.9678969718515855 6.2572082430124283 2.9060836397111478 1.7768621332943442 1.8760987706482408 2.7635258659720412 4.2433906272053701 138.95261530950665 3.255461573600769 3.17760319262743 3.4966414868831626
leaf_count=17 40 14 22 22 58 34 18 13 23 24 892 23 20 28
internal_value=-3.66526e-06 0.0108407 0.00173917 -0.00943871 0.00231266 0.0316274 0.032217 0.00701683 -0.0016792 -0.00241054 -0.00168223 0.0212777 0.0379057 -0.00340306
internal_weight=183.59 24.5698 17.2326 12.542 9.22511 4.69057 7.33721 3.65296 159.02 155.889 153.126 10.6765 7.42099 142.449
internal_count=1248 221 150 102 80 48 71 31 1027 1010 987 67 44 920
is_linear=0
shrinkage=0.05


Tree=142
num_leaves=15
num_cat=0
split_feature=83 113 38 61 46 108 52 83 69 36 116 77 76 78
split_gain=1.2801 2.64689 4.08301 2.62718 2.94723 3.6382 3.44449 3.25287 2.60744 2.41537 3.07931 2.72811 2.91865 3.08173
threshold=0.022733517816952098 0.037486903629255754 0.0075992069098689405 -0.017610720933478288 0.021810637278874414 -1.0000000180025095e-35 -0.019550699563632621 0.059143511869177219 0.045535238582732306 -0.031988468702498059 -0.050443826045234529 0.016201662107399109 -0.012686482227296037 -0.034491685737942639
decision_type=2 2 2 2 2 2 2 2 2 2 2 2 2 2
left_child=9 3 -3 8 5 -5 -7 -8 -2 11 -11 12 -1 -14
right_child=1 2 -4 4 -6 6 7 -9 -10 10 -12 -13 13 -15
leaf_value=0.016057047072074032 0.03558533906819162 -0.051346934668124115 0.028820868945907172 0.039608034949895038 -0.020942225328900724 -0.037629975559384798 0.046290359674152778 -0.030172856119437864 -0.02176796009822855 -0.029387017542447109 0.0035610441353628843 -0.039769546208035481 0.031651299703172507 -0.03222857659898485
leaf_weight=8.9749487489461934 13.77688702568412 4.3605064228177062 2.4981909692287445 7.7591581270098713 9.3388781510293466 4.6679700016975421 3.9592470265924931 2.1441934257745743 2.3146458566188803 7.6685312353074542 94.232026696205139 8.1358545534312707 2.290786251425744 10.738394590094684
leaf_count=60 96 29 18 48 62 32 26 14 16 54 638 61 15 79
internal_value=-9.47248e-07 0.00674232 -0.0221469 0.0112495 0.00196168 0.0135046 -0.00529894 0.0194281 0.0273355 -0.00259629 0.00108154 -0.0150307 -0.0058837 -0.0209972
internal_weight=182.86 50.8197 6.8587 43.961 27.8694 18.5306 10.7714 6.10344 16.0915 132.041 101.901 30.14 22.0041 13.0292
internal_count=1248 341 47 294 182 120 72 40 112 907 692 215 154 94
is_linear=0
shrinkage=0.05


Tree=143
num_leaves=15
num_cat=0
split_feature=76 96 58 85 121 124 89 89 70 79 118 4 48 85
split_gain=1.2697 1.64696 1.60646 2.97548 2.85682 3.47016 1.9388 1.86433 2.74277 2.70928 4.17945 2.94242 4.60351 3.81647
threshold=0.078866153388520169 -0.085130294502044082 0.040962442618424112 -0.049586516151680908 -0.020623436935817776 0.016357453753310301 -0.0002904797857990336 -0.0029805057127539774 -0.042421436356921839 0.014154311328292354 -0.0023251223882593043 -0.0099835821848944916 -0.0034609735579204421 0.011404899748107778
decision_type=2 2 2 2 2 2 2 2 2 2 2 2 2 2
left_child=1 -1 7 -4 5 6 -5 9 -9 11 -11 -3 -13 -14
right_child=-2 2 3 4 -6 -7 -8 8 -10 10 -12 12 13 -15
leaf_value=0.037897138827848273 0.024010186698370673 0.014333833351634729 0.025097161735188601 -0.0018513687016918302 -0.034615083203546296 -0.048506013307352616 0.059894610457526788 0.017510625429706373 -0.0087024283191242304 0.039824340440778205 -0.00113923960467004 -0.033780293848867174 -0.012163277615038577 0.040039966668969439
leaf_weight=2.7173149324953547 5.3435739055275908 19.18960034660995 4.2357281893491772 2.7387266419827938 13.390343882143492 2.1822422556579113 2.3727639503777089 11.761316780000923 65.857690069824457 12.717021428048612 12.2007575109601 12.363849677145483 9.3050713390111905 5.6130934171378604
leaf_count=19 40 133 27 22 105 20 16 79 439 86 87 77 64 34
internal_value=-2.10661e-06 -0.000728485 -0.00133194 -0.0130823 -0.0209008 0.00427675 0.0268112 0.000633169 -0.00473046 0.00646485 0.0197669 -0.000667634 -0.0112194 0.00747866
internal_weight=181.989 176.646 173.928 24.9198 20.6841 7.29373 5.11149 149.008 77.619 71.3894 24.9178 46.4716 27.282 14.9182
internal_count=1248 1208 1189 190 163 58 38 999 518 481 173 308 175 98
is_linear=0
shrinkage=0.05


Tree=144
num_leaves=15
num_cat=0
split_feature=28 126 0 56 91 54 114 68 108 19 85 67 98 27
split_gain=1.29756 1.54964 1.44136 3.03945 2.56868 2.47243 2.11171 2.22733 1.96455 1.89352 2.15642 1.82483 5.07641 3.39467
threshold=0.081480522211078307 -0.02007573046303902 0.15820797443705117 -0.051104028040337084 -0.015211550193509523 -0.014280316417534416 0.0015594410011554101 -0.028718314160966072 0.0065525064898817971 0.0121744927571981 0.0048667125089759062 0.0032207996709148717 0.020274167415866927 0.022969755430797736
decision_type=2 2 2 2 2 2 2 2 2 2 2 2 2 2
left_child=2 -2 11 8 5 -5 7 -6 -4 10 -7 -1 13 -13
right_child=1 -3 3 4 6 9 -8 -9 -10 -11 -12 12 -14 -15
leaf_value=0.0043711818672719834 0.012450599994125084 -0.033548046689808361 -0.057662852488852161 -0.040799662684299118 -0.028454894466265885 0.037030632471296177 0.050530639925621491 0.030296541900426667 0.010887932598885949 0.055750571889033644 -0.040427146404197589 -0.023626956116805691 0.013396244194928304 0.00645332177436407
leaf_weight=74.878379799425602 2.6709621287882328 5.8220502361655218 2.3778208605945137 2.9145367629826069 2.2946639172732857 1.642560806125408 7.1662723235785961 5.4320360422134319 1.8648132421076296 1.9505548477172849 1.9837401062250135 35.986171510070562 21.477170787751675 12.685791846364735
leaf_count=499 18 42 15 22 18 14 56 42 16 14 16 245 142 89
internal_value=-2.0685e-06 -0.019082 0.000936487 0.0114036 0.0184677 -0.00347875 0.0309806 0.0128486 -0.0275319 0.0160256 -0.00534205 -0.00105744 -0.00685204 -0.0157869
internal_weight=181.148 8.49301 172.655 27.627 23.3844 8.49139 14.893 7.7267 4.24263 5.57686 3.6263 145.028 70.1491 48.672
internal_count=1248 60 1188 213 182 66 116 60 31 44 30 975 476 334
is_linear=0
shrinkage=0.05


Tree=145
num_leaves=15
num_cat=0
split_feature=115 44 24 34 77 98 122 28 40 29 35 31 63 54
split_gain=1.29032 1.36814 1.64625 1.92492 1.6239 2.95831 2.71364 3.12518 4.47126 4.44251 2.63386 2.41578 3.25682 2.80341
threshold=0.079477096506323522 -0.078132585058149587 0.00424047320234462 0.012122450229038009 0.015145677762764497 -0.042304719585992849 0.007551291807469448 -0.010579710218940172 0.076547428088538802 0.0050667897089887127 0.0075737197017980325 0.039031439627774202 0.0016168033895070783 -0.064181091875316149
decision_type=2 2 2 2 2 2 2 2 2 2 2 2 2 2
left_child=1 2 3 -1 11 10 7 9 -9 -7 -6 12 -3 -14
right_child=-2 4 -4 -5 5 6 -8 8 -10 -11 -12 -13 13 -15
leaf_value=-0.02538063947443708 0.032091097731516839 0.0071872518539628817 0.047492531661752824 0.034639795985133719 0.044520497817964022 0.043196388828027149 -0.027442884969004495 -0.025701168106185519 0.048344239895040088 -0.018398706654078206 -0.011457783790073979 0.01801782637372162 0.029799449399627115 -0.015947682247351942
leaf_weight=2.9178111813962442 3.078539364039897 49.82890385016799 3.1758706569671631 2.4638443253934383 4.6164403446018678 6.7313831858336943 19.558234699070454 16.236310023814443 2.3315737023949614 5.1800832599401474 3.856938149780035 19.447654813528061 3.6791689023375502 37.303953297436237
leaf_count=22 24 345 18 20 29 44 137 115 14 36 26 133 22 263
internal_value=-1.83767e-06 -0.000558993 0.0189449 0.00209808 -0.00154794 -0.00828066 -0.0129072 -0.00357978 -0.0164033 0.0164098 0.0190401 0.00202488 -0.00140005 -0.0118408
internal_weight=180.407 177.328 8.55753 5.38166 168.771 58.511 50.0376 30.4794 18.5679 11.9115 8.47338 110.26 90.812 40.9831
internal_count=1248 1224 60 42 1164 401 346 209 129 80 55 763 630 285
is_linear=0
shrinkage=0.05


Tree=146
num_leaves=15
num_cat=0
split_feature=129 113 105 22 128 42 44 29 113 29 83 55 30 25
split_gain=1.30343 1.74746 2.12579 2.06309 1.72009 2.73059 2.06232 1.69726 3.71505 3.36784 3.31479 2.84189 3.78788 2.65505
threshold=1.0000000180025095e-35 -0.015005021813431411 -0.017291431065358964 0.046831974458452781 1.4602132094155764 -0.022219628754507111 -0.017394089134635481 0.028317063927536145 -0.009812811646557203 0.049129371085538269 -0.0026313491678562144 -0.0056084743926476501 -0.01496416624260413 0.062195208920818666
decision_type=2 2 2 2 2 2 2 2 2 2 2 2 2 2
left_child=7 -2 3 -3 5 -4 -7 13 11 -10 -11 -9 -13 -1
right_child=1 2 4 -5 -6 6 -8 8 9 10 -12 12 -14 -15
leaf_value=-0.002623248073136351 0.031857892416473153 0.055923166667652437 -0.032287850610776318 -0.015362145196425253 -0.035622996714763683 -0.015496287628707195 0.050443975916490441 -0.030275837231513503 0.042178011089183572 -0.026049980176942569 0.025032020375218969 -0.031912922594231237 0.036095868137000074 -0.031712967417250514
leaf_weight=106.87815026193857 7.0125635750591782 2.9642905555665555 3.1569587215781238 1.5434644594788549 3.9866878539323798 1.8501070216298128 3.3021321222185982 8.7947923392057437 9.9877138584852236 5.4724380373954773 7.5676198378205282 3.3167998865246773 5.3497355356812459 8.4652127102017385
leaf_count=704 71 36 22 12 26 15 39 58 59 40 48 24 33 61
internal_value=-1.56662e-06 0.0108926 0.0021433 0.0315149 -0.00862454 0.00432911 0.0267656 -0.00166655 0.00714075 0.0203293 0.00359476 -0.0102521 0.010068 -0.00475818
internal_weight=179.649 23.8162 16.8036 4.50776 12.2959 8.3092 5.15224 155.832 40.4891 23.0278 13.0401 17.4613 8.66654 115.343
internal_count=1248 221 150 48 102 76 54 1027 262 147 88 115 57 765
is_linear=0
shrinkage=0.05


Tree=147
num_leaves=15
num_cat=0
split_feature=28 28 118 118 82 117 16 48 45 8 35 116 21 114
split_gain=1.22645 2.19708 2.48009 1.72651 3.05139 3.24392 2.946 2.27587 2.12241 3.29561 3.06406 4.00935 3.49448 3.64712
threshold=-0.1120221674237728 -0.076430252830218107 -0.0029395925248299234 0.03652423227133067 -0.0010688952693596414 0.023205224573057157 -0.031433927524075075 -0.042413683301279918 0.027401515726446026 0.004312114682113617 -0.0094153061535408953 -0.034794132368631846 -0.043607798544524033 0.036085478144411945
decision_type=2 2 2 2 2 2 2 2 2 2 2 2 2 2
left_child=-1 2 -2 8 7 6 -6 -5 10 -10 11 -3 -13 -14
right_child=1 3 -4 4 5 -7 -8 -9 9 -11 -12 12 13 -15
leaf_value=0.033752112742606713 0.0084609720830395724 -0.023384622859696749 -0.051401884694628711 -0.015512608100298376 0.028756416398182823 0.03437409199360858 -0.036360385110138956 0.037510968020193075 -0.026467285981037727 0.004697090702092962 -0.0051036648950365518 -0.016267016151332334 0.032711584224106242 -0.01494299305379577
leaf_weight=2.6515753455460063 2.8780771344900131 6.7316326797008506 4.3380382992327204 2.4483179524540892 2.2893829569220534 3.7327771708369246 7.1981890257447949 11.669013924896719 18.806585889309645 15.454169139266012 63.725695664063096 6.0199097320437422 26.096934497356418 4.7449573166668406
leaf_count=20 22 45 33 16 16 25 48 80 136 112 448 42 168 37
internal_value=2.13189e-07 -0.000507899 -0.0275262 0.000646314 0.01215 -0.00511209 -0.0206475 0.0283153 -0.00157493 -0.0124098 0.00188402 0.0120987 0.0185786 0.02538
internal_weight=178.785 176.134 7.21612 168.918 27.3377 13.2203 9.48757 14.1173 141.58 34.2608 107.319 43.5934 36.8618 30.8419
internal_count=1248 1228 55 1173 185 89 64 96 988 248 740 292 247 205
is_linear=0
shrinkage=0.05


Tree=148
num_leaves=15
num_cat=0
split_feature=129 7 113 87 45 63 113 67 78 104 104 5 74 106
split_gain=1.2339 1.68236 1.72711 1.73204 2.51656 2.35684 2.09122 2.29489 1.52407 1.66891 3.52245 2.91175 2.4969 3.82223
threshold=1.0000000180025095e-35 0.03922859086862205 -0.047331854049667013 1.0000000180025095e-35 -0.0028597773952209926 -0.0069224977368699562 0.0075735353773542981 0.0047820187059390484 -0.097986207546132284 -0.016563091709840588 -0.024445371229880015 -0.043145354251368701 -0.020307402624194091 -0.026761064579033014
decision_type=2 2 2 2 2 2 2 2 2 2 2 2 2 2
left_child=8 2 -2 4 -4 -6 -5 -8 -1 10 12 -12 -10 -14
right_child=1 -3 3 6 5 -7 7 -9 9 -11 11 -13 13 -15
leaf_value=0.033374998378520766 0.044637188648165363 0.041957215861384532 0.0458524887637317 -0.043377785699224618 0.032257247811446836 -0.037359279809882372 0.044856878890708371 -0.026087943120919291 0.014737546693457469 -0.0060945543393818276 -0.017662241482656087 0.0409511013542148 0.018617874932463981 -0.024040419565632964
leaf_weight=3.0504579320549956 2.4063208475709024 3.6376640107482663 3.7729814872145706 3.9333510696887952 2.0896507948637062 2.9070871919393451 2.096939817070961 2.4975216127932072 13.830006729811428 99.928980004042387 2.7096429988741866 9.7181589156389219 7.400506727397441 18.079755656421188
leaf_count=17 24 49 39 24 22 21 23 19 94 663 18 60 49 126
internal_value=-1.15719e-07 0.0107159 0.0049482 -0.000573076 0.015029 -0.00824544 -0.0166178 0.0062917 -0.00161679 -0.00232057 0.00496865 0.0281716 -0.00236688 -0.0116507
internal_weight=178.059 23.3415 19.7039 17.2975 8.76972 4.99674 8.52781 4.59446 154.718 151.667 51.7381 12.4278 39.3103 25.4803
internal_count=1248 221 172 148 82 43 66 42 1027 1010 347 78 269 175
is_linear=0
shrinkage=0.05


Tree=149
num_leaves=15
num_cat=0
split_feature=96 42 46 108 47 77 8 97 70 74 107 77 121 15
split_gain=1.20046 3.2399 3.98387 3.35128 3.03141 3.105 2.54384 2.47496 2.34472 2.28278 3.78744 2.20817 2.92568 2.5685
threshold=-0.0092663958089838679 0.0041548550994589964 0.037045461735777337 0.02979066713787781 0.0049794672655603311 0.01799825640824505 -0.053798802029303629 0.028431052486923805 0.026597839109479892 -0.029782215401783125 -0.018799342294297573 0.0064105379366589206 -0.016150191976985473 -0.0071948865907304205
decision_type=2 2 2 2 2 2 2 2 2 2 2 2 2 2
left_child=1 3 4 6 7 -6 8 11 -1 10 -8 12 -3 -14
right_child=-2 2 -4 -5 5 -7 9 -9 -10 -11 -12 -13 13 -15
leaf_value=0.03740656695097426 -0.0034701849633927725 -0.062066685782079127 0.052788265425424488 0.022929263804498341 0.046016449084221991 -0.011353140234776113 0.049776922303946772 -0.048592294723135893 -0.027473730963040788 -0.028145225837073948 -0.028605796104746589 0.02688011965095749 -0.036321360227975205 0.031969763745249645
leaf_weight=4.2310105003416565 103.53658641688526 2.2481571957468995 6.1186452060937873 8.5819459110498411 7.6917053516954166 3.4015192426741123 2.8096423596143723 2.7580906488001338 2.0757002159953117 18.841873191297054 3.4135687388479736 5.7706125006079665 2.2664697393774995 3.5078543983399904
leaf_count=28 723 16 41 63 54 23 19 20 16 136 25 40 17 27
internal_value=1.84213e-06 0.00487837 0.0162811 -0.00475758 0.00820087 0.0284252 -0.0123315 -0.00535423 0.0160528 -0.0194734 0.00678227 0.00329173 -0.0136755 0.00516494
internal_weight=177.253 73.7168 33.7631 39.9537 27.6444 11.0932 31.3718 16.5512 6.30671 25.0651 6.22321 13.7931 8.02248 5.77432
internal_count=1248 525 238 287 197 77 224 120 44 180 44 100 60 44
is_linear=0
shrinkage=0.05


Tree=150
num_leaves=15
num_cat=0
split_feature=69 13 89 97 55 108 66 119 19 114 3 60 56 17
split_gain=1.21582 1.64343 1.41537 2.94778 3.01023 2.88923 3.66579 2.68953 3.16249 2.58094 3.16344 2.59154 2.46446 2.4024
threshold=0.079584275572475535 -0.036660079575849797 -0.020526040652132524 -0.01144511177692136 0.051050238556131888 0.053927948287124002 -0.042206691168611317 0.017292013143571369 -0.0167153590950706 0.034214039567368175 -0.026112383642822094 0.039846131412590101 0.068784916105784563 0.038395708820127217
decision_type=2 2 2 2 2 2 2 2 2 2 2 2 2 2
left_child=2 -2 3 7 9 12 -7 -1 -9 11 -11 -5 13 -4
right_child=1 -3 5 4 -6 6 -8 8 -10 10 -12 -13 -14 -15
leaf_value=-0.023486392527964712 -0.01661250999181911 0.042172701825073683 -0.0046894625596446598 0.032780189711283741 -0.037199405856247529 -0.03297802454378717 0.036705268414917183 -0.027856340337450537 0.040973315522771725 0.033896860870626454 -0.037782389261295381 -0.018313445106115139 0.021466190595885098 -0.024866739032722296
leaf_weight=12.348180588334801 1.7530610002577303 3.6946429572999469 82.029102269560099 21.505625665187843 2.5389172136783591 2.440329458564519 8.3288188800215703 2.6734825670719147 4.441103219985961 2.5828860588371754 3.809554796665906 2.8055531643331042 7.4634463544934979 17.987209025770426
leaf_count=94 14 26 572 145 19 17 55 21 31 17 28 21 52 136
internal_value=2.32647e-06 0.0232557 -0.000738677 0.00607585 0.0151237 -0.00377601 0.0209148 -0.00937795 0.0151089 0.0194504 -0.00882016 0.0268839 -0.00624996 -0.0083182
internal_weight=176.402 5.4477 170.954 52.7053 33.2425 118.249 10.7691 19.4628 7.11459 30.7036 6.39244 24.3112 107.48 100.016
internal_count=1248 40 1208 376 230 832 72 146 52 211 45 166 760 708
is_linear=0
shrinkage=0.05


Tree=151
num_leaves=15
num_cat=0
split_feature=81 58 83 121 59 38 89 82 103 19 26 118 67 54
split_gain=1.24099 1.39577 2.12633 2.27186 2.20273 2.17145 2.07112 1.71657 1.59204 4.06993 3.01662 3.43824 3.43156 3.00598
threshold=-0.10283870211912069 0.040962442618424112 -0.022398041493760911 -0.019019204585969403 -0.0099564656686311707 -0.015393723781396777 0.0098314687672306188 0.0041827607424758132 0.023296958758107562 -0.014400923247857461 0.065723524135432448 0.038039619808841109 0.046692194574705602 -0.015588730305368588
decision_type=2 2 2 2 2 2 2 2 2 2 2 2 2 2
left_child=-1 8 5 4 -4 -3 7 -5 9 10 11 12 -2 -14
right_child=1 2 3 6 -6 -7 -8 -9 -10 -11 -12 -13 13 -15
leaf_value=0.04796673114843121 -0.030042295120148766 -0.004356563147710363 -0.011815232738402653 -0.058078987648389847 0.051118247068730055 -0.055240445956584699 0.016279537851961848 -0.0075326657303798842 0.010452092454620476 0.0058157319608380231 0.039103884407067552 0.018147595213291096 0.052805182465747086 -0.024174056328503144
leaf_weight=1.3382985666394223 28.667211629450321 3.8934649452567101 2.404031690210104 3.1339761503040773 3.2975644916295996 4.54326204583049 3.5280776135623455 3.6195945627987385 36.932238254696131 70.801269600167871 2.5316382907330981 5.8632736690342417 2.5533130913972855 2.5196012109518042
leaf_count=10 197 34 22 25 24 38 26 29 257 492 19 41 15 19
internal_value=2.53624e-06 -0.000365763 -0.0114505 -0.000731163 0.0245829 -0.031758 -0.0147688 -0.0309885 0.00144041 -0.00150658 -0.0138106 -0.0171931 -0.0233345 0.0145713
internal_weight=175.627 174.289 24.42 15.9832 5.7016 8.43673 10.2816 6.75357 149.869 112.936 42.135 39.6034 33.7401 5.07291
internal_count=1248 1238 198 126 46 72 80 54 1040 783 291 272 231 34
is_linear=0
shrinkage=0.05


Tree=152
num_leaves=15
num_cat=0
split_feature=87 97 123 115 123 59 114 108 108 124 96 4 102 127
split_gain=1.22931 1.63901 1.47821 1.68422 1.57349 3.59769 3.42951 2.49891 2.42237 2.72248 3.41763 2.38524 2.34044 2.25191
threshold=-0.087453032147601764 0.029869829212002891 0.076660784782377686 0.079477096506323522 0.031335815375721034 0.041587548571724843 -0.026658144956030621 -0.021963923032674967 0.036614663708601398 -0.0018325775943163487 -0.028050771051947549 0.024462617166037849 0.039908187295304938 -0.0055015194255430954
decision_type=2 2 2 2 2 2 2 2 2 2 2 2 2 2
left_child=1 -1 3 4 8 6 7 -6 13 11 -11 -10 -8 -2
right_child=2 -3 -4 -5 5 -7 12 -9 9 10 -12 -13 -14 -15
leaf_value=0.059312807404432982 0.0018415592737516019 -0.0073355927286581045 -0.034734866332747583 0.03914161893611634 -0.060618108115113867 -0.026770196608166 0.039547872043939732 0.010153614043449785 0.053443887796083993 0.04441104387696132 -0.016633565649141865 -0.0023144230512400451 -0.0057513166189137009 -0.012101866417235804
leaf_weight=1.9935279674828046 53.952250236645341 1.7168929129838941 3.1169574968516818 2.7062117755413047 1.9732050970196722 5.3106368295848361 13.457890180870892 3.3905030824244085 5.6510608457028884 3.0137780457735053 9.5845677964389306 2.9034844562411308 3.617933213710784 62.503452785313129
leaf_count=18 373 12 27 21 15 36 93 25 39 23 66 21 26 453
internal_value=2.17052e-07 0.0284731 -0.000616942 1.58138e-05 -0.000624507 0.0102367 0.0189949 -0.0158819 -0.00281478 0.0127507 -0.00203047 0.034519 0.0299501 -0.00564208
internal_weight=174.892 3.71042 171.182 168.065 165.359 27.7502 22.4395 5.36371 137.609 21.1529 12.5983 8.55455 17.0758 116.456
internal_count=1248 30 1218 1191 1170 195 159 40 975 149 89 60 119 826
is_linear=0
shrinkage=0.05


Tree=153
num_leaves=15
num_cat=0
split_feature=83 93 113 46 85 22 117 17 17 108 108 72 86 52
split_gain=1.19958 2.36362 2.53211 2.4567 2.36468 2.57811 2.04385 2.36329 2.85888 2.49728 2.41577 2.405 2.37154 2.37757
threshold=0.022904228253269109 -0.015833304318406297 0.02831237926036809 0.011824969910901172 -0.033789419027964736 0.003228807912518832 -0.020935914764251131 0.038395708820127217 0.025877841818056298 0.019202971108176984 -0.0025522305167418298 -0.0046705283015122919 -0.060237171163248046 -0.01480769670232774
decision_type=2 2 2 2 2 2 2 2 2 2 2 2 2 2
left_child=6 4 -3 -4 -2 -6 -1 8 12 -9 -10 -11 -8 -14
right_child=1 2 3 -5 5 -7 7 9 10 11 -12 -13 13 -15
leaf_value=0.0075693455853613522 -0.049117670654095336 0.021849563087129788 -0.046805939728755561 0.021725991824556465 0.022496111838480739 -0.019906987534323406 0.024271798626143745 -0.038564313806830036 -0.0043914873768817224 0.034719635269966249 0.062525847427014711 -0.029344948626470121 0.0036110938648398318 -0.01625653513864582
leaf_weight=35.831938404589891 2.9062529727816608 24.98143515735865 2.9304647259414187 2.3614899292588234 6.8589154034852964 7.5090657696127892 6.0922526493668547 10.371605940163137 2.4712656065821648 2.8919313661754131 2.9691339321434489 2.9688211828470221 24.912519998848438 38.070184860378504
leaf_count=254 18 172 23 18 48 57 39 84 16 20 20 25 178 276
internal_value=1.82735e-06 0.00677308 0.0151941 -0.0162241 -0.00798486 0.000335193 -0.00254168 -0.00653405 -0.00276806 -0.023822 0.0321291 0.0022671 -0.00551659 -0.00839799
internal_weight=174.127 47.5476 30.2734 5.29195 17.2742 14.368 126.58 90.7477 74.5154 16.2324 5.4404 5.86075 69.075 62.9827
internal_count=1248 336 213 41 123 105 912 658 529 129 36 45 493 454
is_linear=0
shrinkage=0.05


Tree=154
num_leaves=15
num_cat=0
split_feature=44 39 78 44 127 91 9 32 17 32 46 44 54 31
split_gain=1.22721 1.54062 2.7063 1.48132 2.89138 3.56124 2.57171 1.79406 3.00657 2.44452 1.8832 3.01548 2.62933 2.24755
threshold=-0.074558190713076247 -0.040785935986260437 0.010091321602683759 -0.039921580526651845 -0.0055015194255430954 0.010191692823179171 0.034158395931913992 0.066469416100653225 -0.033555207451778556 0.060135829558419264 -0.03566069417530577 -0.025710455768111956 -0.048170035550672743 0.016559328895941031
decision_type=2 2 2 2 2 2 2 2 2 2 2 2 2 2
left_child=1 -1 -3 4 5 -2 -6 9 -9 10 11 -5 -13 -12
right_child=3 2 -4 7 6 -7 -8 8 -10 -11 13 12 -14 -15
leaf_value=0.047990231952327989 -0.020229126015928679 -0.021353415690816644 0.047823144516327812 0.061734653477655756 -0.041515037568342739 0.043273352121977242 0.017780244783845746 0.018122939051631648 -0.033967389690649601 0.049988702037349661 -0.0063763214275036678 0.05736145382491406 0.0010313439029462292 0.0091707885184081194
leaf_weight=2.8983074724674225 4.9943185150623339 3.8984394185245019 2.2183563113212585 2.9472982771694687 9.3743504881858808 3.957068607211113 2.2717537172138682 4.0904838740825644 8.5817543566226941 2.6603121925145379 70.75285230204463 2.3444059044122758 17.801917932927605 34.620891250669956
leaf_count=19 37 29 17 19 67 26 20 30 68 16 505 14 134 247
internal_value=6.87004e-07 0.0179625 0.0037346 -0.000984292 -0.0135249 0.00784291 -0.0299486 0.00081199 -0.0171531 0.00254815 0.00156574 0.014497 0.00758642 -0.00126827
internal_weight=173.413 9.0151 6.1168 164.397 20.5975 8.95139 11.6461 143.8 12.6722 131.128 128.467 23.0936 20.1463 105.374
internal_count=1248 65 46 1183 150 63 87 1033 98 935 919 167 148 752
is_linear=0
shrinkage=0.05


Tree=155
num_leaves=15
num_cat=0
split_feature=76 60 26 69 102 109 42 61 36 76 57 57 125 96
split_gain=1.18528 2.03474 1.60197 2.13451 2.46593 2.23808 2.30779 2.13102 1.97434 1.85566 1.84705 3.56713 3.95672 2.93354
threshold=0.078866153388520169 0.023234364191110753 -0.040480574959500061 0.038100656203376305 0.042237686619422989 -0.016560922582735116 -0.0076578295816497766 -0.013479352483797133 -0.016928689252404951 0.063756893541277809 -0.025657341619161455 -0.040593172847298499 0.0064665165286808554 0.0086795061269650513
decision_type=2 2 2 2 2 2 2 2 2 2 2 2 2 2
left_child=2 -2 3 4 5 7 -7 -1 -8 10 11 12 13 -4
right_child=1 -3 9 -5 -6 6 8 -9 -10 -11 -12 -13 -14 -15
leaf_value=0.05747879008684155 0.046619575094971472 -0.019676608764777823 0.0023031060307182592 -0.041569876410281377 -0.05111529131241347 -0.034476715528314786 0.040902911971436258 -0.0027667596173984298 -0.012734128822369442 -0.029351275518885896 -0.00080979462084533453 0.034672915002388248 0.026387512680096783 -0.047530093132263723
leaf_weight=2.872428372502327 3.3486428447067729 1.7686650976538656 7.2884703800082224 4.9687151350080958 2.5690293684601775 5.6523385904729428 2.8134984057396712 3.0017721392214378 4.3968416154384489 4.7455089949071398 103.85766628570855 11.88407653197646 8.5782894715666753 4.9649512656033039
leaf_count=19 28 12 53 37 22 43 22 22 32 34 747 79 61 37
internal_value=1.66117e-06 0.023706 -0.000722128 -0.0120592 -0.00517706 0.00112157 -0.0105564 0.0266927 0.00819522 0.00138571 0.00245372 0.0128139 0.000343767 -0.0178888
internal_weight=172.711 5.11731 167.594 26.2746 21.3059 18.7369 12.8627 5.8742 7.21034 141.319 136.573 32.7158 20.8317 12.2534
internal_count=1248 40 1208 197 160 138 97 41 54 1011 977 230 151 90
is_linear=0
shrinkage=0.05


Tree=156
num_leaves=15
num_cat=0
split_feature=129 97 12 30 64 111 68 25 45 82 27 126 91 9
split_gain=1.20629 1.59021 2.98362 1.98903 1.73171 1.4527 1.4313 1.35615 2.62601 1.85546 4.25336 1.79172 1.7865 3.44645
threshold=1.0000000180025095e-35 0.014228967369637717 -0.025382483560196751 -0.048463852843122011 0.027735374736073997 -0.087315818698868286 -0.0023132987668734472 -0.067699578101676552 0.0090815055732173747 -0.062939475815388404 -0.024132731824713417 -0.0099654578456689156 0.036700559253158092 -0.023610373556298674
decision_type=2 2 2 2 2 2 2 2 2 2 2 2 2 2
left_child=5 3 -3 -2 -5 -1 -4 8 -7 10 -9 -10 -11 -14
right_child=1 2 6 4 -6 7 -8 9 11 12 -12 -13 13 -15
leaf_value=-0.048823599071471172 -0.016307301725341183 0.037053324849351595 0.0035545929199352851 0.039991065134441901 -0.006515849421990379 -0.037299249828291269 -0.05021542791764904 0.034159866297446953 0.045207944885078212 0.0045042134278710485 -0.039719240650263554 -0.013662062393711658 -0.052686142085237454 -0.00089380536534221569
leaf_weight=1.6121223792433728 2.9280074015259752 2.5272252857685089 2.0329294763505459 9.1159871499985439 2.5647584721446046 6.9528074376285058 3.1635954156517974 2.6420625150203705 2.1039944961667061 106.75209025293589 7.4180021509528142 3.3509605005383492 4.1094976291060474 14.70808010920882
leaf_count=16 24 28 19 104 24 52 22 17 13 714 51 26 37 101
internal_value=1.08885e-06 0.010841 -0.00750839 0.0205424 0.0297795 -0.00161656 -0.0291801 -0.00110248 -0.0169247 0.00034498 -0.0203165 0.0090443 0.00200028 -0.0122045
internal_weight=171.982 22.3325 7.72375 14.6088 11.6807 149.65 5.19652 148.037 12.4078 135.63 10.0601 5.45495 125.57 18.8176
internal_count=1248 221 69 152 128 1027 41 1011 91 920 68 39 852 138
is_linear=0
shrinkage=0.05


Tree=157
num_leaves=15
num_cat=0
split_feature=41 125 95 129 29 25 41 19 20 100 9 63 69 47
split_gain=1.15362 2.52227 1.47036 1.42547 2.14039 3.05927 2.99965 2.85307 2.15537 2.12513 2.733 2.12356 2.20484 1.9594
threshold=0.070983140019988997 0.0029815153624669672 -0.0015240396230868714 1.0000000180025095e-35 0.027284738406828855 -0.02619695617758069 0.0052327210213035666 -0.04390540108516703 -0.018217009225801713 0.0094921980277691848 -0.00035119504315771579 -0.077184079223323612 0.079584275572475535 -0.015498331069423348
decision_type=2 2 2 2 2 2 2 2 2 2 2 2 2 2
left_child=3 -2 -3 4 11 6 -6 -7 -9 10 -10 -1 -13 -8
right_child=1 2 -4 -5 5 7 13 8 9 -11 -12 12 -14 -15
leaf_value=0.034448331397394165 -0.043591339366132249 -0.022293529005254237 0.035746282593465378 0.013404004857185776 -0.042705436767609344 -0.022581831752965444 0.04148252789781437 0.04691853685213216 -0.025231647286285526 0.0364270909368326 0.028625086621881658 -0.0071294799864050212 0.033973907983642936 -0.018903175495953842
leaf_weight=3.3932797200977793 4.5479194670915586 1.9924520924687383 2.4124804884195328 20.165969975292683 4.7850320637226087 3.693941809237006 2.7258929535746574 7.4447772279381779 5.174582116305829 6.4775623604655257 4.3239544257521603 98.065496008843184 3.3748681768774977 2.6486773863434792
leaf_count=23 39 16 16 204 38 28 17 45 37 38 27 677 23 20
internal_value=-1.1458e-07 -0.0174728 0.00949354 0.000963875 -0.000801453 0.00948942 -0.0139118 0.0182576 0.0246988 0.0143445 -0.000714811 -0.00446045 -0.00576199 0.0117235
internal_weight=171.227 8.95285 4.40493 162.274 142.108 37.2744 10.1596 27.1148 23.4209 15.9761 9.49854 104.834 101.44 5.37457
internal_count=1248 71 32 1177 973 250 75 175 147 102 64 723 700 37
is_linear=0
shrinkage=0.05


Tree=158
num_leaves=15
num_cat=0
split_feature=50 87 33 65 106 111 95 114 53 74 73 31 33 33
split_gain=1.14845 2.64452 3.28484 2.80772 3.60578 2.42018 2.63715 2.30458 2.19688 2.43 2.28242 2.17785 4.03659 3.19551
threshold=-0.017775374410099246 0.034607882660197008 0.015055158033618747 -0.01926333596437552 0.043525180002901918 0.01180611859806255 0.0071292372659131145 -0.07092468207094009 0.056012264174238442 0.010766107461333996 0.077159150135067703 0.015982193584145651 0.046343357481063503 0.0033222423761431709
decision_type=2 2 2 2 2 2 2 2 2 2 2 2 2 2
left_child=1 3 -3 5 -5 -1 -7 -2 10 -10 11 13 -13 -9
right_child=7 2 -4 4 -6 6 -8 8 9 -11 -12 12 -14 -15
leaf_value=0.041489427893705431 -0.046277566532478977 -0.034000040676250766 0.020575543948554167 0.0089680824353744922 -0.039459254460876531 -0.034008515303636022 0.039479039229815598 -0.017544655830576794 -0.0040904580874175298 -0.058061207006186215 0.039372599320499205 0.015505234812985933 -0.036650591043973689 0.0055117167416694531
leaf_weight=10.727917650714515 3.0003543458878985 8.0375875607132894 4.1967326775193206 28.594688136130571 4.4407142512500277 2.7043523229658595 2.2254048734903336 32.503568977117538 5.1376919746398908 3.5107521265745163 3.5984507761895648 29.567921817302704 4.2420162819325915 27.950874492526054
leaf_count=77 23 58 29 209 33 20 14 245 39 30 25 209 35 202
internal_value=1.21961e-07 0.0055027 -0.015279 0.0107242 0.00245834 0.0281639 -0.000834557 -0.00306127 -0.00184389 -0.0259994 0.000290804 -0.00120111 0.00896142 -0.00688463
internal_weight=170.439 60.9274 12.2343 48.6931 33.0354 15.6577 4.92976 109.512 106.511 8.64844 97.8628 94.2644 33.8099 60.4544
internal_count=1248 440 87 353 242 111 34 808 785 69 716 691 244 447
is_linear=0
shrinkage=0.05


Tree=159
num_leaves=15
num_cat=0
split_feature=0 84 106 72 50 82 123 4 41 96 103 22 104 40
split_gain=1.10927 2.30573 2.68718 2.7862 2.13468 1.95156 1.44326 1.42772 2.64762 1.83136 2.54558 2.06429 1.81168 2.95051
threshold=0.15820797443705117 0.0027982904632843134 0.022748325038256762 -0.0036592699047726684 0.044893172763923607 -0.0011585894925346403 -0.011174985701449676 0.076193724605855398 -0.0065941376192365795 0.044490479135613416 -0.035490716837499582 -0.039765270325788082 -0.016563091709840588 0.00087171065602666131
decision_type=2 2 2 2 2 2 2 2 2 2 2 2 2 2
left_child=7 2 3 -2 6 -5 -3 9 -9 12 -11 -12 -1 -14
right_child=1 4 -4 5 -6 -7 -8 8 -10 10 11 -13 13 -15
leaf_value=0.0099128821701145835 0.03684070544671228 0.017678288600655182 -0.040365830621529784 0.026571564377619119 -0.014185759604776308 -0.033362816374091928 0.056151548155565445 0.0070119346224990723 -0.060329053576126501 0.0204571545297117 0.020810514367164835 -0.034295687132073177 -0.011839343069271887 0.0077323273846010123
leaf_weight=41.410709373652935 4.8323771059513083 5.133989915251731 3.8000026792287818 2.0146608389914027 2.7128411009907714 4.1684716865420377 4.6413524318486443 2.9791659638285637 2.8616361469030371 3.7487257830798653 1.9951082244515426 11.468148622661825 42.794892121106386 35.010599471628666
leaf_count=294 42 41 30 16 23 33 43 20 24 27 15 89 303 248
internal_value=-1.80996e-06 0.00922931 -0.00411065 0.00839624 0.0250553 -0.0138343 0.0359455 -0.00177341 -0.025981 -0.000737026 -0.0159831 -0.0261295 0.00146414 -0.00303256
internal_weight=169.573 27.3037 14.8155 11.0155 12.4882 6.18313 9.77534 142.269 5.8408 136.428 17.212 13.4633 119.216 77.8055
internal_count=1248 228 121 91 107 49 84 1020 44 976 131 104 845 551
is_linear=0
shrinkage=0.05


Tree=160
num_leaves=15
num_cat=0
split_feature=111 50 106 35 45 119 2 71 123 66 54 4 103 71
split_gain=1.13706 2.30671 2.34481 3.08374 4.12686 2.27826 2.47582 3.33197 3.08204 3.55639 3.5624 2.26329 2.46639 2.5661
threshold=-0.0011132929545898185 -0.067371324486801235 -0.015669611950167698 -0.010635377447751908 0.014560078802209345 -0.059018674178584599 0.010473196000035085 0.055655406131595982 -0.016520615142438161 0.0094579225620988385 -0.0020439501708810351 0.060526697799729481 -0.0025483244324362875 -0.021861097556550305
decision_type=2 2 2 2 2 2 2 2 2 2 2 2 2 2
left_child=1 -1 3 -3 -5 -2 8 11 -7 10 -10 12 13 -8
right_child=5 2 -4 4 -6 6 7 -9 9 -11 -12 -13 -14 -15
leaf_value=0.026878898656905625 0.034435370377286091 0.026344993259045636 -0.013110525532967349 -0.029214140401600648 0.023323393366063407 -0.023740085646639698 0.0076851428070454798 -0.032123623475422844 0.010820056238443468 0.024851479827377843 -0.032774461596590414 -0.024842035408066728 0.0075752932132030527 0.052870670039476347
leaf_weight=5.5217651315033427 5.7169818840920916 10.546746250241997 48.605910029262304 9.5354821607470495 6.1476899273693553 15.847783993929623 4.9085050225257882 3.8911180272698394 9.7554672583937663 11.862554501742123 9.0181855298578757 2.9581726677715769 15.772820817306638 8.7310372032225114
leaf_count=41 42 75 366 72 43 123 35 28 74 80 66 22 121 60
internal_value=-2.33723e-06 -0.00430777 -0.00660888 0.00543913 -0.00861981 0.00390863 0.0017995 0.0115918 -0.00583937 0.00342048 -0.0101212 0.0168466 0.0210395 0.0366096
internal_weight=168.82 80.3576 74.8358 26.2299 15.6832 88.4626 82.7456 36.2617 46.484 30.6362 18.7737 32.3705 29.4124 13.6395
internal_count=1248 597 556 190 115 651 609 266 343 220 140 238 216 95
is_linear=0
shrinkage=0.05


Tree=161
num_leaves=15
num_cat=0
split_feature=87 97 123 115 123 114 102 42 108 64 81 16 36 25
split_gain=1.10894 1.50871 1.33205 1.3801 1.35407 2.72949 2.40375 2.22366 2.15285 2.42808 3.195 2.38329 2.04963 2.38753
threshold=-0.087453032147601764 0.029869829212002891 0.076660784782377686 0.079477096506323522 0.031335815375721034 -0.026658144956030621 0.039908187295304938 0.032426976767381807 0.036614663708601398 0.05020263854247143 0.013415488274107478 -0.021684033446750222 0.037480895238563385 -0.0067321791591043404
decision_type=2 2 2 2 2 2 2 2 2 2 2 2 2 2
left_child=1 -1 3 4 8 7 -7 -6 12 10 11 -10 -2 -14
right_child=2 -3 -4 -5 5 6 -8 -9 9 -11 -12 -13 13 -15
leaf_value=0.058637131124212961 -0.0086727358819045711 -0.0068532108932585671 -0.033868142356310735 0.036387535571626897 -0.03976796563931366 0.027498191380405587 -0.012991211316427918 0.02944269338641229 -0.0066141481299178927 -0.038329709023738216 -0.010623242302660367 0.046130765582059238 -0.01139270601160155 0.022175816486443217
leaf_weight=1.8635108284652226 90.311711631715298 1.6652747392654417 2.9542783461511126 2.5660703778266898 4.1907230317592647 15.981334596872331 4.7566260583698741 1.6050294637680051 2.8089795373380211 2.1122376732528201 6.2389937862753859 9.0154211819171923 8.991378132253887 12.891492951661347
leaf_count=18 668 12 27 21 34 115 34 12 22 16 47 64 66 92
internal_value=-1.77466e-06 0.0277315 -0.000596971 1.17632e-05 -0.000575653 0.0097334 0.0182112 -0.0206013 -0.00264211 0.0123946 0.0183261 0.0336008 -0.00534613 0.00838296
internal_weight=167.953 3.52879 164.424 161.47 158.904 26.5337 20.738 5.79575 132.37 20.1756 18.0634 11.8244 112.195 21.8829
internal_count=1248 30 1218 1191 1170 195 149 46 975 149 133 86 826 158
is_linear=0
shrinkage=0.05


Tree=162
num_leaves=15
num_cat=0
split_feature=26 10 46 38 101 72 79 119 101 91 55 99 23 88
split_gain=1.12087 2.01263 2.23546 2.53781 2.08162 1.855 1.74781 1.51349 1.50277 1.48298 2.83468 2.61843 2.67564 2.78917
threshold=-0.040480574959500061 -0.022432044942064012 -0.063075918093013689 -0.045054609582318918 0.015940863522383626 0.030049857884359852 0.081294871046740214 0.011866571667677839 -0.02358585803668279 -0.015402286430241245 -0.079040919182220684 0.04198044329980205 0.015383788832066628 0.049121987093852737
decision_type=2 2 2 2 2 2 2 2 2 2 2 2 2 2
left_child=1 4 -3 7 5 8 9 -4 -1 10 -2 12 13 -12
right_child=6 2 3 -5 -6 -7 -8 -9 -10 -11 11 -13 -14 -15
leaf_value=0.0082313480382497761 0.049105548755965067 0.025780264747085287 -0.025465172117469199 -0.042036659152373694 0.042895232333655942 0.035794807875588301 0.039239124523361375 0.032211648953717961 -0.048183100279464 0.0045616376422782179 -0.02924930089292542 0.017141204500708673 0.0060647991184568815 0.028843267721755796
leaf_weight=2.1027958206832409 2.1841103620827189 2.2838308587670353 2.2834255024790791 9.6464318148791737 3.0361030213534832 1.8248878791928289 3.0437946170568457 2.2662760056555271 2.6913106478750723 92.678209720179439 22.656737469136718 7.7059008106589308 10.572887010872362 2.2735424488782874
leaf_count=17 14 17 19 78 21 13 24 17 23 676 172 56 83 18
internal_value=-2.30947e-07 -0.00951153 -0.0201319 -0.0275181 0.00861607 -0.00710763 0.0017613 0.00326454 -0.0234385 0.000935095 -0.00646913 -0.0092783 -0.0150126 -0.0239515
internal_weight=167.25 26.1351 16.48 14.1961 9.6551 6.61899 141.115 4.5497 4.79411 138.071 45.3932 43.2091 35.5032 24.9303
internal_count=1248 205 131 114 74 53 1043 36 40 1019 343 329 273 190
is_linear=0
shrinkage=0.05


Tree=163
num_leaves=15
num_cat=0
split_feature=76 60 26 128 102 93 109 115 46 52 2 57 80 22
split_gain=1.06879 1.80211 1.43626 1.99093 2.4157 2.41624 1.6655 2.83899 3.15179 2.89273 2.40844 2.28628 2.13759 3.63324
threshold=0.078866153388520169 0.023234364191110753 -0.040480574959500061 -0.48155139937572805 0.042237686619422989 0.013073377469932665 -0.032273845477740142 0.016378386354069598 0.034636801034157817 -0.015890613739710655 -0.018930872539855415 -0.031037215911794012 -0.0087985947464743666 -0.030266497874898688
decision_type=2 2 2 2 2 2 2 2 2 2 2 2 2 2
left_child=2 -2 3 4 5 -1 7 11 9 -9 -11 -4 13 -8
right_child=1 -3 6 -5 -6 -7 12 8 -10 10 -12 -13 -14 -15
leaf_value=0.0374333954758784 0.045496271508788912 -0.018328268493271318 0.015613772730612411 -0.025736773714229052 -0.048790972018777544 -0.010991368229952312 0.020593639601651496 -0.051890082479770352 0.065778391725373947 0.058070177104273951 -0.010639749761649088 -0.034840024098240045 0.0098830031701328362 -0.011508236425767092
leaf_weight=4.9395741894841212 3.1531372033059588 1.7034737318754194 2.7952465787529936 12.574583299458025 1.9279906190931786 5.3834925815463066 11.509514968842266 2.2646490298211575 2.0182198472321033 2.0536577552556992 3.3653301000595075 11.413280397653581 63.830820843577385 37.63486054725945
leaf_count=39 28 12 21 102 17 39 83 21 14 13 27 90 463 279
internal_value=-1.68369e-06 0.0231096 -0.000695776 -0.0117606 0.00258464 0.0121798 0.00131095 -0.0106775 0.0101725 -0.00443316 0.0153996 -0.0249142 0.00384821 -0.00399004
internal_weight=166.568 4.85661 161.711 24.8256 12.2511 10.3231 136.886 23.9104 9.70186 7.68364 5.41899 14.2085 112.975 49.1444
internal_count=1248 40 1208 197 95 78 1011 186 75 61 40 111 825 362
is_linear=0
shrinkage=0.05


Tree=164
num_leaves=15
num_cat=0
split_feature=4 123 41 23 91 83 117 91 76 66 37 109 63 13
split_gain=1.10879 2.09249 1.62649 1.36466 1.31181 1.40886 1.96728 2.55764 3.73828 3.56687 2.22764 2.04762 2.28736 2.39169
threshold=-0.095744557802525929 -0.036698964107637767 -0.026301768649968471 -0.065230472855784719 -0.085130574121198829 0.022904228253269109 -0.020935914764251131 -0.021681055011683745 -0.044269220104706825 0.040173303948330581 -0.042149388384201701 -0.056577577016653981 -0.033593717561848362 0.016808641863596135
decision_type=2 2 2 2 2 2 2 2 2 2 2 2 2 2
left_child=1 -1 -3 -4 -2 6 -6 9 -9 10 -8 -10 13 -13
right_child=4 2 3 -5 5 -7 7 8 11 -11 -12 12 -14 -15
leaf_value=-0.026480462121799494 0.034258878159676022 -0.01470654438325002 -0.0048707247879857451 0.048147889669736793 0.0058767347022759299 0.0059991315495123475 0.013260665904008741 0.026885121722378003 0.034838451719885581 0.020414878920863088 -0.040514954207594711 -0.0091094015871232784 -0.016902278241539771 0.043303612086339149
leaf_weight=2.4146842360496512 2.5760491862893096 1.9472638145089138 1.5445113256573666 5.6663891784846783 31.204696100205183 42.50424512848258 2.2107670716941419 8.596806997433303 2.536544654518365 3.7217930629849425 14.941051095724104 5.6819188445806414 36.687795322388418 3.5279926881194115
leaf_count=17 19 14 11 48 232 312 17 61 19 28 119 42 281 28
internal_value=-1.75276e-06 0.0149248 0.0258419 0.0367918 -0.00112208 -0.00172323 -0.00473153 -0.00898066 -0.00349978 -0.0239556 -0.0335836 -0.00889292 -0.0113097 0.0109682
internal_weight=165.763 11.5728 9.15816 7.2109 154.19 151.614 109.109 77.9047 57.0311 20.8736 17.1518 48.4343 45.8977 9.20991
internal_count=1248 90 73 59 1158 1139 827 595 431 164 136 370 351 70
is_linear=0
shrinkage=0.05


Tree=165
num_leaves=15
num_cat=0
split_feature=28 29 12 65 67 98 40 59 37 119 80 123 76 98
split_gain=1.07097 1.29126 1.72507 1.74317 1.56597 2.64625 2.39485 2.72566 2.64758 2.2065 2.64332 3.41183 3.10812 3.0985
threshold=0.081480522211078307 -0.075995530901753414 0.039228770823315724 0.015340153441635836 0.0051597190901628382 0.020274167415866927 0.035856708318167493 -0.03848741196153347 -0.0036682460207209887 -0.048972526103438808 0.017566043304232063 -0.010297191389337419 -0.024253485534191134 -0.044360684522744824
decision_type=2 2 2 2 2 2 2 2 2 2 2 2 2 2
left_child=1 2 3 -1 9 -6 7 -7 -9 -3 13 12 -12 -11
right_child=-2 4 -4 -5 5 6 -8 8 -10 10 11 -13 -14 -15
leaf_value=-0.021920348332807302 -0.018169811572856003 0.028914660174262249 0.066120040597308957 0.035553011896216076 -0.011845249422911543 -0.049894339924767439 0.043057072617266622 0.032808695305854806 -0.011234250972794577 0.025569617341975888 -0.052925370196725455 0.032148760956958781 0.011103615326054845 -0.0097504753561411302
leaf_weight=2.5409755110740653 7.7316951490938655 8.3940473236143571 1.6773286238312719 2.7440723925828934 49.236260481178761 2.2760252356529262 4.2370008751749983 6.3618606626987457 7.3595347832888347 7.2698458582162848 2.6634715311229229 13.378789590671657 6.5718906521797198 42.567012380808592
leaf_count=22 60 62 11 22 380 19 34 44 56 54 21 95 47 321
internal_value=-2.10911e-06 0.000891004 0.0219416 0.00792064 -8.4027e-05 -0.00558938 0.00963297 0.00078042 0.00918605 0.00464676 0.00183512 0.0160129 -0.0073623 -0.00459823
internal_weight=165.01 157.278 6.96238 5.28505 150.316 69.4707 20.2344 15.9974 13.7214 80.8451 72.451 22.6142 9.23536 49.8369
internal_count=1248 1188 55 44 1133 533 153 119 100 600 538 163 68 375
is_linear=0
shrinkage=0.05


Tree=166
num_leaves=15
num_cat=0
split_feature=129 7 113 32 29 113 29 106 83 123 71 30 23 25
split_gain=1.0739 1.57236 1.45545 1.43886 1.36753 2.90292 2.7993 3.16904 3.23002 2.49409 3.32741 2.44121 2.20251 1.93975
threshold=1.0000000180025095e-35 0.03922859086862205 -0.047331854049667013 0.039947738448939486 0.028317063927536145 -0.009812811646557203 0.049129371085538269 0.028251006780904739 -0.0026313491678562144 -0.011174985701449676 0.0037326408646002397 1.0000000180025095e-35 -0.029011606514007051 0.062195208920818666
decision_type=2 2 2 2 2 2 2 2 2 2 2 2 2 2
left_child=4 2 -2 -4 13 9 12 8 -8 -6 -11 -12 -7 -1
right_child=1 -3 3 -5 5 6 7 -9 -10 10 11 -13 -14 -15
leaf_value=-0.0025651867933671156 0.043281009788594574 0.042387560941769396 -0.0064729600994391963 0.037812417935721425 -0.035305185801840132 0.00061746983998751622 -0.019659899223756151 -0.043955634288890266 0.041341166132636345 -0.023927966292636559 -0.0031397564925472626 0.065641218269164733 0.055257755754073927 -0.028800774968397794
leaf_weight=98.581224903464317 2.1509108468890252 3.2683735787868491 13.720579912886022 2.1171915028244248 5.8543612360954294 2.5702630393207073 3.589987359941003 2.7616376653313628 5.48649936169386 4.871242150664326 2.4136486500501633 2.7712301462888718 6.5297261849045771 7.5876595862209788
leaf_count=704 24 49 121 27 43 19 27 24 37 38 18 16 40 61
internal_value=-1.21099e-06 0.0104848 0.00468833 -0.000552896 -0.00155977 0.00673935 0.0189728 0.00294387 0.0172137 -0.00935984 0.00574473 0.0336225 0.0398248 -0.00444019
internal_weight=164.275 21.2571 17.9887 15.8378 143.017 36.8486 20.9381 11.8381 9.07649 15.9105 10.0561 5.18488 9.09999 106.169
internal_count=1248 221 172 148 1027 262 147 88 64 115 72 34 59 765
is_linear=0
shrinkage=0.05


Tree=167
num_leaves=15
num_cat=0
split_feature=23 58 58 117 17 19 0 45 5 105 61 9 91 31
split_gain=1.04605 1.23361 1.2895 2.25931 1.61365 2.03648 2.28212 2.38561 2.47667 2.19792 2.11058 1.87858 2.36686 2.3064
threshold=0.14138460974222397 -0.095832298411489297 -0.074088341845055625 -0.00290038423882566 0.039114790232842055 0.046293150126179766 0.093770267114165334 -0.01897952845299989 -1.0000000180025095e-35 0.002226961337363611 0.014261360921305725 -0.022029225467858207 0.038264489238361156 0.016559328895941031
decision_type=2 2 2 2 2 2 2 2 2 2 2 2 2 2
left_child=1 -1 3 -3 11 6 -6 8 -8 -9 -7 12 -4 -13
right_child=-2 2 4 -5 5 10 7 9 -10 -11 -12 13 -14 -15
leaf_value=-0.033822856525827574 0.036648443970064289 0.056622873134924145 -0.0028378683462783184 -0.0095689111916059128 -0.046241991852594151 -0.0089626104971128571 0.039351352492611832 -0.0033781813064530592 -0.025239806381230325 -0.051092012740609122 0.05127412502207921 0.00028844218695525832 -0.040189662655998257 0.017689173581294401
leaf_weight=2.7200474683195344 1.9242658726871003 2.6742383372038603 30.745619829744101 2.4890526495873919 5.6139418222010198 3.8642662093043318 3.9023824445903301 5.4058047086000389 2.3948862552642884 4.3604444041848183 2.3315941393375397 62.777296913787723 4.9198873899877062 27.33509755320847
leaf_count=24 16 20 226 20 51 30 28 45 19 37 17 470 43 202
internal_value=1.08869e-06 -0.00043547 0.000136363 0.024714 -0.000689543 -0.0115742 -0.0187996 -0.00920895 0.014787 -0.0246815 0.0137054 0.00172258 -0.00799037 0.00556686
internal_weight=163.459 161.535 158.815 5.16329 153.651 27.8733 21.6775 16.0635 6.29727 9.76625 6.19586 125.778 35.6655 90.1124
internal_count=1248 1232 1208 40 1168 227 180 129 47 82 47 941 269 672
is_linear=0
shrinkage=0.05


Tree=168
num_leaves=15
num_cat=0
split_feature=44 44 6 4 29 44 49 32 17 32 70 46 44 54
split_gain=1.04751 1.33115 2.21972 2.08396 1.96449 2.62471 2.05684 1.5514 2.4504 1.88266 1.77615 1.64258 2.54375 2.25345
threshold=-0.074558190713076247 -0.039921580526651845 0.06124630389680704 -0.062438109964255459 -0.0085705195604736419 -0.049237262894775126 -0.010158243613629759 0.066469416100653225 -0.033555207451778556 0.060135829558419264 0.014704622765320039 -0.03566069417530577 -0.025710455768111956 -0.048170035550672743
decision_type=2 2 2 2 2 2 2 2 2 2 2 2 2 2
left_child=-1 2 3 -2 5 6 -5 9 10 11 -9 12 -3 -14
right_child=1 7 -4 4 -6 -7 -8 8 -10 -11 -12 -13 13 -15
leaf_value=0.01713903349563619 0.023474884879181705 0.059552673917467984 0.036317703451702023 -0.020938984257269824 -0.044687486868692061 -0.054508350452043365 0.042262056437102458 0.050521344393395853 -0.032536657492009742 0.045876148537134065 -0.017505967202030175 -0.0011330479012251055 0.055657172559117313 0.0013817575819299959
leaf_weight=8.4518181383609754 2.4517669156193795 2.692733038216832 2.0148780420422545 2.5200677961111104 7.2970862798392719 2.1421688757836819 2.6317081600427628 1.9006819855421784 7.8814484812319261 2.4467477537691584 1.9377533644437788 99.547550223767757 2.1598868668079438 16.691119652241465
leaf_count=65 19 19 15 22 55 19 20 16 68 16 14 752 14 134
internal_value=-3.46469e-07 -0.000939065 -0.0133107 -0.0191779 -0.026345 -0.00799462 0.0113463 0.000804077 -0.0165815 0.00245342 0.0161792 0.00157603 0.0140939 0.00760046
internal_weight=162.767 154.316 19.0577 17.0428 14.591 7.29394 5.15178 135.258 11.7199 123.538 3.83844 121.091 21.5437 18.851
internal_count=1248 1183 150 135 116 61 42 1033 98 935 30 919 167 148
is_linear=0
shrinkage=0.05


Tree=169
num_leaves=15
num_cat=0
split_feature=41 3 125 129 29 25 41 20 52 75 7 4 110 86
split_gain=1.07272 2.15323 2.31442 1.34665 1.83897 2.58809 2.58527 2.34175 2.59027 2.15747 1.9021 2.11397 1.88322 2.32654
threshold=0.070983140019988997 0.0027372846661526478 0.0029815153624669672 1.0000000180025095e-35 0.027284738406828855 -0.02619695617758069 0.0052327210213035666 0.010513841540411331 0.0057857373888718948 -0.0067979226512297373 0.018334687410465716 0.029313999283659357 -0.038580662856152088 0.0044088186882552628
decision_type=2 2 2 2 2 2 2 2 2 2 2 2 2 2
left_child=3 2 -2 4 12 6 -6 8 9 -7 11 -9 -1 -14
right_child=1 -3 -4 -5 5 7 -8 10 -10 -11 -12 -13 13 -15
leaf_value=-0.02087661042751596 -0.033871371458213097 -0.049292679419826624 0.033577243338631484 0.013359923643548247 -0.041309257680014713 -0.024020173831914442 0.011185916140907116 -0.031910256754590312 0.056431176669984297 0.032117785328934882 0.027115301891825816 0.025210515913840149 0.006065833985365093 -0.010539310775314063
leaf_weight=14.575747612863777 2.3423998355865461 3.2462416477501392 2.7828446887433529 19.136349231004715 4.3964863047003728 2.6551672928035241 5.0271055698394775 5.1693207733333093 5.9266889542341232 4.8154543302953279 4.4869325682520866 2.3588958159089088 46.745578672736883 38.441202409565449
leaf_count=103 25 25 21 204 38 20 37 39 38 33 30 15 331 289
internal_value=-6.38801e-08 -0.0174301 0.00275108 0.000949073 -0.000815421 0.00907481 -0.0133052 0.0173739 0.0317477 0.0121655 0.00134656 -0.014012 -0.00426899 -0.00142737
internal_weight=162.106 8.37149 5.12524 153.735 134.599 34.8361 9.42359 25.4125 13.3973 7.47062 12.0151 7.52822 99.7625 85.1868
internal_count=1248 71 46 1177 973 250 75 175 91 53 84 54 723 620
is_linear=0
shrinkage=0.05


Tree=170
num_leaves=15
num_cat=0
split_feature=87 22 123 115 98 34 53 85 126 2 28 61 102 0
split_gain=1.0542 1.34491 1.22424 1.20335 1.39454 1.70078 1.38676 2.03115 2.10393 1.65132 1.38327 1.77894 1.56933 2.63583
threshold=-0.087453032147601764 0.011551069699393629 0.076660784782377686 0.079477096506323522 0.070507209276364072 -1.0000000180025095e-35 -0.064849414075023953 0.015104890502714676 -0.0099654578456689156 0.01079285882670865 0.081480522211078307 0.014261360921305725 0.019225199143588157 0.095558127862236594
decision_type=2 2 2 2 2 2 2 2 2 2 2 2 2 2
left_child=1 -1 3 4 6 -6 7 9 -9 -2 12 -12 -8 -14
right_child=2 -3 -4 -5 5 -7 10 8 -10 -11 11 -13 13 -15
leaf_value=-0.0032590248830670064 -0.062235659291763515 0.060201877905953972 -0.033344122535781333 0.034841780682823731 0.0028765459097982544 0.058659177143126573 0.0046298230889447603 0.038821061419695997 -0.03145178214397034 -0.009403918671041598 -0.041175029690562193 0.013669430832458222 -0.029283457567190519 0.00018144167353042017
leaf_weight=1.7062065079808229 3.241292290389536 1.6348102651536462 2.8019257821142665 2.4396493919193736 3.7304404675960541 2.1562741808593264 89.827029500156641 2.3494816198945045 1.9483976960182188 2.7204016745090485 4.3488176576793185 2.2401870153844357 10.151162356138228 30.08458611741662
leaf_count=15 23 15 27 21 25 18 682 19 16 19 33 19 88 228
internal_value=-5.53963e-07 0.0277934 -0.000588128 3.09383e-06 -0.000553158 0.0233094 -0.00150933 -0.0192384 0.00696362 -0.0381278 -0.000178263 -0.0225285 0.000954006 -0.00725232
internal_weight=161.381 3.34102 158.04 155.238 152.798 5.88671 146.911 10.2596 4.29788 5.96169 136.652 6.589 130.063 40.2357
internal_count=1248 30 1218 1191 1170 43 1127 77 35 42 1050 52 998 316
is_linear=0
shrinkage=0.05


Tree=171
num_leaves=15
num_cat=0
split_feature=76 122 96 28 61 58 6 94 2 86 62 40 113 99
split_gain=1.00259 1.53611 1.39202 1.35646 1.60046 1.43601 2.15753 2.41059 3.2374 2.40802 2.40161 2.24049 3.22821 2.65349
threshold=0.078866153388520169 0.0039278104455975097 -0.091627689819100189 0.081480522211078307 0.018265820398464014 0.033064867257370879 -0.037318716107933893 0.02440429699509037 0.043094182446130218 -0.0031819229364231975 -0.0426763656174741 0.01783646506129297 0.02714104187842489 -0.04764043801971405
decision_type=2 2 2 2 2 2 2 2 2 2 2 2 2 2
left_child=2 -2 -1 5 -5 6 7 8 -4 -8 -11 13 -13 -12
right_child=1 -3 3 4 -6 -7 9 -9 -10 10 11 12 -14 -15
leaf_value=0.043314691951195111 0.052478376526204212 -0.0048525531502379435 0.018688302565981609 -0.036411659575620189 0.019924240510851995 -0.010178901862222813 0.0070844727823444822 0.038608281476726139 -0.024195672581475501 -0.035070689858230412 0.02513734150949606 0.028150315757085282 -0.034207971304244106 -0.018366420847442461
leaf_weight=1.7771088331937779 2.2572623118758193 2.4220712780952454 14.340406674891716 5.2404376156628123 1.6600764729082582 28.864800211042166 42.855852089822292 7.5043978206813327 6.3495837002992621 7.5757985338568679 4.1029550284147218 9.1029387041926366 2.6884050443768492 24.056078162044294
leaf_count=14 21 19 112 40 15 243 315 55 46 62 30 70 20 186
internal_value=-1.56152e-06 0.0228033 -0.000685089 -0.00119171 -0.0228588 -0.00017765 0.00225693 0.0143325 0.00552757 -0.00151002 -0.00925994 -0.00436544 0.0139327 -0.0120276
internal_weight=160.798 4.67933 156.119 154.342 6.90051 147.441 118.576 28.1944 20.69 90.382 47.5262 39.9504 11.7913 28.159
internal_count=1248 40 1208 1194 55 1139 896 213 158 683 368 306 90 216
is_linear=0
shrinkage=0.05


Tree=172
num_leaves=15
num_cat=0
split_feature=87 96 54 86 86 45 37 11 84 72 51 99 2 20
split_gain=0.98007 1.92172 1.92523 1.82434 1.71926 1.98682 1.54573 2.22346 2.02088 2.58658 1.92169 2.42683 1.86557 1.85473
threshold=-0.060309170950299959 0.0048279888533781946 -0.0031318727915391606 -0.084356568243161914 -0.060237171163248046 -0.030398293356514554 -0.049666997618518838 -0.05766176453019687 -0.0074303932317347004 -0.041224039147220858 -0.074879091367015496 -0.076703307389032596 -0.018930872539855415 -0.040740969361345337
decision_type=2 2 2 2 2 2 2 2 2 2 2 2 2 2
left_child=1 -1 -3 -2 5 -5 7 -6 12 -10 -8 -12 -9 -11
right_child=3 2 -4 4 6 -7 10 8 9 13 11 -13 -14 -15
leaf_value=0.042558058890909259 -0.04882332918252108 -0.03486894929374218 0.02657704668857987 -0.021690843028591707 0.0594732268645662 0.031679435246214485 0.028719088210140631 -0.055475927647468698 -0.024645721012639409 -0.015212649544387148 0.037142119741467125 -0.0063246055063582666 0.0013649408903429047 0.047407264269829087
leaf_weight=3.8811789080500585 1.9645699709653843 2.5484617650508881 2.5506501235067844 2.2491175383329391 2.1427001543343094 7.7617049217224103 4.3627643436193457 2.0314611792564392 2.4319741539657151 1.4797972664237056 3.3055195286869994 112.52863273210824 4.9879504796117606 5.8855064995586748
leaf_count=40 15 19 21 16 16 53 35 15 19 11 22 883 38 45
internal_value=-1.4586e-06 0.0160465 -0.00413277 -0.000955032 -0.000324594 0.0196888 -0.00176435 0.0115041 0.00539211 0.0200634 -0.00385726 -0.00508421 -0.0150852 0.034826
internal_weight=160.112 8.98029 5.09911 151.132 149.167 10.0108 139.156 18.9594 16.8167 9.79728 120.197 115.834 7.01941 7.3653
internal_count=1248 80 40 1168 1153 69 1084 144 128 75 940 905 53 56
is_linear=0
shrinkage=0.05


Tree=173
num_leaves=15
num_cat=0
split_feature=4 119 94 36 46 6 111 107 57 9 105 45 118 113
split_gain=0.972014 2.01172 1.9873 1.91402 1.18827 1.18897 2.28008 2.18352 2.20064 2.53871 2.59704 2.53084 1.80233 2.66661
threshold=-0.095744557802525929 -0.019457720789024271 0.016917019473215295 0.014845670547169265 -0.094620488553761831 0.029125302450398485 -0.032933319762764861 -0.061599477657255396 -0.043129011573380178 -0.0020402926544214463 -0.014275611754400971 0.025342215314569434 0.037238272053320469 0.022516917983784062
decision_type=2 2 2 2 2 2 2 2 2 2 2 2 2 2
left_child=1 -1 3 -3 -2 12 -7 -8 -9 10 -10 -11 -6 -14
right_child=4 2 -4 -5 5 6 7 8 9 11 -12 -13 13 -15
leaf_value=0.051385712728140791 0.02776478980171217 0.01629158628772823 0.037654356892302766 -0.042212610742888478 -0.0071294800591161613 -0.022829520271754222 -0.036690851798034635 -0.026960954693661394 -0.028177923976192832 0.047226423598395587 0.023560386019196411 -0.00067740806503701571 0.019024409159562172 -0.030377715226223179
leaf_weight=2.7487091124057761 3.490449544042348 2.627048730850218 2.6552338451147079 2.9882539585232735 92.233315173536539 5.5992446243762961 2.1284710839390781 2.6883284263312843 4.2498305179178715 10.298494599759573 5.6500389836728626 3.7652288228273383 15.00463652610779 3.3394830860197535
leaf_count=24 29 21 24 21 727 43 15 23 35 74 45 28 111 28
internal_value=-2.70811e-09 0.0143279 0.00201171 -0.0148422 -0.00106356 -0.00175772 0.00636344 0.012043 0.0159349 0.0207471 0.00135009 0.0344013 -0.00428267 0.0100309
internal_weight=159.467 11.0192 8.27054 5.6153 148.448 144.957 34.3796 28.7804 26.6519 23.9636 9.89987 14.0637 110.577 18.3441
internal_count=1248 90 66 42 1158 1129 263 220 205 182 80 102 866 139
is_linear=0
shrinkage=0.05


Tree=174
num_leaves=15
num_cat=0
split_feature=50 114 82 113 66 25 113 16 71 72 24 53 74 92
split_gain=0.973639 2.04973 1.90728 2.3317 2.67432 2.7226 2.47729 2.37532 2.22627 2.0716 2.26816 1.82528 2.10123 2.18269
threshold=-0.017775374410099246 -0.07092468207094009 0.035361603035908663 -0.0078302426503729337 -0.030128001679637351 -0.025256013766562221 0.0079961507371974824 -0.026468839414185572 -0.011647809427456263 -0.044805206013124509 0.006375037869573716 0.056012264174238442 0.010766107461333996 0.0028707075173959695
decision_type=2 2 2 2 2 2 2 2 2 2 2 2 2 2
left_child=2 -2 3 4 -1 -6 -5 -8 -7 -9 -11 -3 13 -13
right_child=1 11 -4 6 5 8 7 9 -10 10 -12 12 -14 -15
leaf_value=-0.023942921102253507 -0.045389104364783571 0.00025842176243941645 0.024209183332673613 -0.029014112768914298 -0.015091062245150702 0.0062210805072410846 -0.03037388463410956 0.047232239642582038 0.054829124126463125 0.019555420818430903 -0.025244310463579795 0.025224634862120173 -0.056800521840751898 -0.043014606582772424
leaf_weight=3.4273077398538616 2.7627659328281871 91.66112688742578 10.761607244610785 9.3435478340834397 3.1653288602828988 3.6161463297903538 4.3182834014296558 3.2226842530071744 6.7575591020286048 7.2203224655240739 4.6414873711764812 2.7356737963855258 3.1090738028287888 2.0499141402542591
leaf_count=28 23 716 84 73 27 30 35 23 51 51 38 20 30 19
internal_value=1.33595e-06 -0.00290738 0.00527127 0.000812938 0.0155119 0.0254995 -0.0078625 0.00232322 0.037885 0.0116835 0.00202543 -0.00172847 -0.0247974 -0.00400575
internal_weight=158.793 102.319 56.4743 45.7127 16.9663 13.539 28.7463 19.4028 10.3737 15.0845 11.8618 99.5558 7.89466 4.78559
internal_count=1248 808 440 356 136 108 220 147 81 112 89 785 69 39
is_linear=0
shrinkage=0.05


Tree=175
num_leaves=15
num_cat=0
split_feature=129 94 60 67 0 17 105 33 35 8 63 98 47 103
split_gain=0.969898 1.46206 1.56211 1.28913 2.23074 1.894 1.63875 1.23826 2.2128 2.21114 3.00189 2.6175 2.54045 2.82652
threshold=1.0000000180025095e-35 0.073322106567734621 0.055268437681720579 0.0047820187059390484 0.14239759415189254 -0.059515505198614614 -0.017480885423265018 -0.035990990741752237 0.068459928575725956 -0.024756043970481142 0.0099107391241955185 0.025490837164815705 0.015562165881418335 0.02160586782134458
decision_type=2 2 2 2 2 2 2 2 2 2 2 2 2 2
left_child=7 2 3 5 6 -2 -5 9 -9 11 12 -1 13 -11
right_child=1 -3 -4 4 -6 -7 -8 8 -10 10 -12 -13 -14 -15
leaf_value=-0.042906702108122287 -0.019819582849889501 -0.035962406910778531 -0.016641821346082702 0.03144952129131718 0.048486363470209071 0.048171773466126798 -0.026098865818260805 0.0026188352145530593 -0.027027701728292605 -0.030834333609309084 -0.028661598642265917 0.018454455629753768 0.046720289936231563 0.035120566334290504
leaf_weight=7.9559178315103072 1.2392301037907625 1.5839439332485188 3.3964628018438807 1.7602852471172807 2.360943702980876 5.9046704880893266 4.1616757698357087 104.12108246795833 6.6990529149770728 3.8873262219131011 5.8802630379796019 2.2237253151834011 4.1020263023674488 2.7904982902109623
leaf_count=68 11 14 27 18 37 79 35 755 53 34 48 20 29 20
internal_value=9.65604e-07 0.0101734 0.0140556 0.0208142 0.00739097 0.0363775 -0.00899278 -0.00150703 0.000826709 -0.0111429 7.50827e-05 -0.0295025 0.0157506 -0.00327341
internal_weight=158.067 20.4072 18.8233 15.4268 8.2829 7.1439 5.92196 137.66 110.82 26.8398 16.6601 10.1796 10.7799 6.67782
internal_count=1248 221 207 180 90 90 53 1027 808 219 131 88 83 54
is_linear=0
shrinkage=0.05


Tree=176
num_leaves=15
num_cat=0
split_feature=111 100 89 2 28 60 119 125 20 75 3 3 122 34
split_gain=0.972916 2.29616 3.7233 2.46467 2.26114 2.58962 2.25086 2.5827 2.2902 2.51102 2.50546 2.83036 2.25089 2.34619
threshold=0.00060502078619746797 -0.022838417277269717 0.030825663775397062 0.008055468667703956 0.017579360974512879 -0.0032788257204812541 -0.063244542472770157 0.057108943543250225 0.060855558117272369 0.0068920592273309395 -0.0095934622888169587 0.021722434346674795 0.0041841901523262445 -0.0012716000318796646
decision_type=2 2 2 2 2 2 2 2 2 2 2 2 2 2
left_child=-1 2 4 -4 -2 -6 -3 8 10 -10 -8 -12 13 -13
right_child=1 6 3 -5 5 -7 7 -9 9 -11 11 12 -14 -15
leaf_value=-0.0039488797281287185 0.043421468013082685 0.040090906393454105 -0.047929887281957261 0.023033478670726387 0.042603246942123973 -0.023608626966695186 0.0009346488470235965 0.049926416465940163 0.055392929580406564 -0.0088601658569081813 -0.047514708225181113 0.037795978529176093 -0.029890608991623158 -0.020314150311016521
leaf_weight=78.281308403238654 10.461000330746179 3.105579860508441 3.0568818077445021 2.0402041897177696 2.5974104776978493 3.422690585255622 25.152123736217614 2.1579472012817851 3.010717596858739 3.0721311867237091 7.3343727551400724 3.7415393851697454 6.6088574379682541 3.2421552985906574
leaf_count=623 81 25 24 15 19 25 201 17 22 24 63 29 54 26
internal_value=1.67932e-06 0.00391612 0.0178218 -0.0195255 0.0293721 0.0049589 -0.00130908 -0.003676 -0.00589355 0.022942 -0.0097001 -0.022482 -0.00897471 0.0108186
internal_weight=157.285 79.0036 21.5782 5.09709 16.4811 6.0201 57.4254 54.3198 52.1619 6.08285 46.079 20.9269 13.5926 6.98369
internal_count=1248 625 164 39 125 44 461 436 419 46 373 172 109 55
is_linear=0
shrinkage=0.05


Tree=177
num_leaves=15
num_cat=0
split_feature=36 0 1 25 70 76 119 8 63 114 79 36 0 20
split_gain=0.970142 2.02668 2.3296 2.55516 2.03914 2.02874 2.02712 1.83699 1.80382 1.79304 1.77331 1.48961 2.28709 1.9685
threshold=0.037480895238563385 0.12876332624910439 0.025713120197607912 -0.011853824267400479 0.017022346510213216 -0.012686482227296037 -0.00024101823670953992 -0.019125545259680365 -0.0063430811585155301 1.0000000180025095e-35 0.0016492978132785132 0.029688179063905123 0.13646432577852849 -0.016774665199287778
decision_type=2 2 2 2 2 2 2 2 2 2 2 2 2 2
left_child=11 2 3 5 -5 -2 9 -8 -7 -3 -9 13 -13 -1
right_child=1 6 -4 4 -6 8 7 10 -10 -11 -12 12 -14 -15
leaf_value=0.0076637293840597477 -0.059300714553144944 -0.0093930927758864979 0.059871138465648482 0.045833636083030649 -0.0052561535063728529 0.038021280810362823 -0.057380759064233761 -0.037802500533700795 -0.029247933868871673 0.050725825628276017 0.027469077397139292 -0.040194180730752621 0.021281514313854302 -0.005548209002319387
leaf_weight=45.506787335500121 1.7780658565461633 2.8945487625896931 2.9191965013742438 5.6311618275940436 2.9901651665568352 2.0253099910914898 2.7079498767852783 2.038122430443762 1.9619183503091364 2.1700593382120132 2.1260738372802734 5.5198117718100539 2.0841656979173422 74.101862791925669
leaf_count=359 16 27 18 38 23 15 20 15 17 21 22 45 20 592
internal_value=1.96171e-06 0.00821398 0.019146 0.0108825 0.028114 -0.0148852 -0.00763522 -0.0253238 0.00492142 0.0163664 -0.00447742 -0.00188575 -0.0233444 -0.000521542
internal_weight=156.455 29.2426 17.3058 14.3866 8.62133 5.76529 11.9368 6.87215 3.98723 5.06461 4.1642 127.213 7.60398 119.609
internal_count=1248 232 127 109 61 48 105 57 32 48 37 1016 65 951
is_linear=0
shrinkage=0.05


Tree=178
num_leaves=15
num_cat=0
split_feature=126 104 104 125 112 28 75 23 78 114 106 70 35 99
split_gain=0.941969 1.0553 2.40643 2.97072 1.86601 1.82679 2.37893 2.34345 2.32013 2.67804 1.89375 1.69782 2.85082 2.66183
threshold=-0.083290778588269235 -0.016563091709840588 -0.024445371229880015 -0.0028017172057917838 0.064713627829547121 -0.026380032462079723 -0.0045309499917701272 0.006490818975863487 -0.0067516126505385715 -0.016027285568967212 -0.042498907096385638 -0.02034439143907479 0.02075996524161796 0.054807991391220161
decision_type=2 2 2 2 2 2 2 2 2 2 2 2 2 2
left_child=-1 2 5 -4 11 6 7 -2 10 -10 -7 12 -3 -13
right_child=1 4 3 -5 -6 8 -8 -9 9 -11 -12 13 -14 -15
leaf_value=-0.038078871462088548 -0.032312840228397061 -0.0050396761613714994 -0.0020449403344024821 0.047260623639717642 0.026077545324992776 0.016780327989588156 0.038779147298485167 0.037178994500146716 -0.023653366824332177 0.01943431721442997 -0.03354925140714124 -0.011565543577896565 0.026938505137330274 0.02775931768454238
leaf_weight=1.6071874983608712 3.3702047150582075 21.498993979766968 5.4805341046303511 6.9027555435895902 5.3932764306664458 2.3310133479535571 5.9854770302772504 1.8955324590206144 5.3303751125931731 11.148763583973055 9.4303697422146779 60.462019169703126 10.312649963423608 4.6328627225011578
leaf_count=15 29 175 45 49 43 19 48 18 45 90 77 482 77 36
internal_value=1.65938e-06 0.000398628 0.00620774 0.0254392 -0.0025471 0.000177389 0.0172146 -0.00729753 -0.00661034 0.00549709 -0.0235743 -0.00414019 0.00532696 -0.00876676
internal_weight=155.782 154.175 51.875 12.3833 102.3 39.4917 11.2512 5.26574 28.2405 16.4791 11.7614 96.9065 31.8116 65.0949
internal_count=1248 1233 420 94 813 326 95 47 231 135 96 770 252 518
is_linear=0
shrinkage=0.05


Tree=179
num_leaves=15
num_cat=0
split_feature=83 36 47 105 116 122 15 85 72 125 30 96 101 10
split_gain=0.93346 2.14148 2.56456 2.27537 2.04399 2.00005 2.15971 2.01474 1.98524 2.24538 1.96241 1.86699 2.96705 2.13315
threshold=0.022733517816952098 -0.031988468702498059 -0.016413312637905773 -0.011142151125709125 -0.050443826045234529 -0.048869457953162838 0.02571597519874223 0.059578715557146771 -0.044805206013124509 -0.016374734817823977 -0.0031139840315608197 -0.011298602249267976 -0.037996205008725838 0.01803059660231272
decision_type=2 2 2 2 2 2 2 2 2 2 2 2 2 2
left_child=1 2 -1 10 -3 6 -6 8 9 -7 -4 -10 13 -13
right_child=-2 4 3 -5 5 7 -8 -9 11 -11 -12 12 -14 -15
leaf_value=-0.039622143553913552 0.0062741950044256012 -0.025981702781854688 0.048625395190130566 -0.017791785692660409 0.043077505480688921 -0.010863638153374849 -0.015357275980771074 -0.031258773102739904 0.011203818830902799 0.041433227186355816 -0.0076387024878757665 0.053356080953229967 -0.013041501935844755 -0.012770666714122811
leaf_weight=7.5330237820744541 42.909610651433468 6.3398257009685031 3.00739511474967 11.759565845131869 5.8305444754660112 3.0409357734024525 2.1696104388684034 4.5674053914844981 21.810511654242866 6.3143269214779121 3.1975179091095987 3.1678090263158003 31.4359088484198 1.9830053411424158
leaf_count=67 341 54 22 98 42 24 16 36 176 53 28 25 249 17
internal_value=2.35655e-06 -0.00239715 -0.0151343 -0.00486587 0.00135045 0.00350783 0.0272302 0.000883615 0.00305043 0.0244341 0.0196314 -0.000375238 -0.00727788 0.027898
internal_weight=155.067 112.157 25.4975 17.9645 86.6599 80.3201 8.00015 72.3199 67.7525 9.35526 6.20491 58.3972 36.5867 5.15081
internal_count=1248 907 215 148 692 638 58 580 544 77 50 467 291 42
is_linear=0
shrinkage=0.05


Tree=180
num_leaves=15
num_cat=0
split_feature=0 109 112 102 121 31 47 25 57 28 101 64 41 88
split_gain=0.954379 2.45944 2.83167 2.93432 3.38096 2.0985 2.87271 3.12663 2.78629 2.40379 2.35146 1.94785 1.90802 1.72917
threshold=0.10383377908431225 -0.038759044324332907 -0.016447369855259224 -0.012397436663749822 0.026653066427378122 0.022761984792310806 0.0006498273448939069 -0.0071116834590854551 0.040212548387821595 -0.016062414625264951 -0.0027168072875609754 -0.012657421485405751 -0.01275066124734087 0.0056620564356171113
decision_type=2 2 2 2 2 2 2 2 2 2 2 2 2 2
left_child=1 -1 3 4 -3 6 7 10 12 -8 -4 -9 -7 -11
right_child=-2 2 5 -5 -6 8 9 11 -10 13 -12 -13 -14 -15
leaf_value=-0.032300067901997666 0.003030470095163156 -0.0170623483351349 0.057057722806068981 -0.037129939808587281 0.059505488257131915 0.0061781517054893152 -0.032232839201871741 0.0028961016695564007 -0.026590224730262832 0.043927105552010515 -0.016197705322105561 -0.055788807098727827 0.054073321635900833 -0.00046041290016308285
leaf_weight=7.2618529945611945 96.890395775437355 4.7349933460354796 1.8316085077822206 9.1194401979446393 2.0729179792106152 3.2451315224170676 2.0939736552536479 1.9443223141133739 2.1394161507487288 5.7727919928729516 2.725646503269668 5.1838766708970176 5.7886159531772128 3.5392923466861248
leaf_count=67 778 40 12 83 13 26 21 15 15 41 24 45 41 27
internal_value=2.82758e-06 -0.005103 -0.00116809 -0.0185872 0.00625153 0.00692888 -0.00167834 -0.0191018 0.0247174 0.0161719 0.0132444 -0.0397816 0.0368683 0.0270565
internal_weight=154.344 57.4539 50.192 15.9274 6.80791 34.2647 23.0915 11.6855 11.1732 11.4061 4.55726 7.1282 9.03375 9.31208
internal_count=1248 470 403 136 53 267 185 96 82 89 36 60 67 68
is_linear=0
shrinkage=0.05


Tree=181
num_leaves=15
num_cat=0
split_feature=129 7 32 64 75 19 17 60 74 78 99 97 58 104
split_gain=0.948059 1.34885 1.29224 1.42092 1.78195 1.95427 1.83042 1.17936 1.13582 2.41906 2.16967 2.24292 2.44112 2.08891
threshold=1.0000000180025095e-35 0.03922859086862205 0.039947738448939486 0.029836853232228251 0.014967499396647641 0.016004687533960598 -0.00055247471108409423 0.011175005536828408 0.038688764561798927 0.018090913776275704 -0.032926153068390827 -0.017928288861942979 0.0047124017398721364 -0.016563091709840588
decision_type=2 2 2 2 2 2 2 2 2 2 2 2 2 2
left_child=8 2 3 4 5 -2 -6 -5 13 10 -10 -12 -13 -1
right_child=1 -3 -4 7 6 -7 -8 -9 9 -11 11 12 -14 -15
leaf_value=0.0098842449863213791 0.051037346360591422 0.041533787085597879 0.040408907110711455 0.0045667906318197634 0.015136069152762955 -0.0062359086976636925 -0.049985601276608359 -0.049716801323643492 -0.036587643491492364 -0.040430296486698492 -0.021912832757196233 0.043161365340503959 -0.0120370247477975 -0.0044554058847314209
leaf_weight=38.972070854157209 3.4850063975900465 2.9335141573101273 2.2069803401827803 1.7908387295901764 2.3016670234501362 2.6011024974286556 2.0313816890120506 2.2674462907016277 3.5959367230534616 5.5506577827036372 4.3379348069429424 5.2897440530359692 3.2236089743673801 72.911634963005781
leaf_count=299 43 49 31 17 23 26 16 16 27 53 34 36 27 551
internal_value=1.58876e-06 0.0102668 0.00476933 -0.000663667 0.00911241 0.0265597 -0.0153937 -0.0257626 -0.00150259 -0.0118888 -0.00225651 0.00734973 0.0222603 0.000539476
internal_weight=153.5 19.6179 16.6844 14.4774 10.4192 6.08611 4.33305 4.05829 133.882 21.9979 16.4472 12.8513 8.51335 111.884
internal_count=1248 221 172 141 108 69 39 33 1027 177 124 97 63 850
is_linear=0
shrinkage=0.05


Tree=182
num_leaves=15
num_cat=0
split_feature=23 58 58 72 17 123 105 83 58 1 89 17 11 35
split_gain=0.922804 1.04534 1.13484 1.8468 1.3453 1.90597 1.88794 2.52968 2.12926 1.83757 1.62106 1.60821 1.70039 2.28779
threshold=0.14138460974222397 -0.095832298411489297 -0.074088341845055625 -0.018395650648814748 0.039114790232842055 0.00078015688836570137 -0.031610629221192357 0.031221617275828114 -0.0125668003276438 0.066848961427717221 -0.022951259658219422 0.034812923863671637 -0.063901116836373992 0.027427766566337716
decision_type=2 2 2 2 2 2 2 2 2 2 2 2 2 2
left_child=1 -1 3 -3 11 9 -7 8 -8 10 -6 12 13 -4
right_child=-2 2 4 -5 5 6 7 -9 -10 -11 -12 -13 -14 -15
leaf_value=-0.032540679812498023 0.035394038578497392 0.059208029817182539 -0.035064919457201749 -0.0032716489579326952 -0.0034649630333679795 0.041817939340064128 0.010143134458316515 0.031083821234759876 -0.046780544043970161 0.028124560900576787 -0.04324314042725888 0.032114903665262144 0.0023599948104526488 0.016690223660168632
leaf_weight=2.4918615315109482 1.8198468014597882 2.099383695051074 6.9606899581849557 2.7087240405380717 3.7390407621860495 2.5096266940236083 2.7635676227509967 3.0512836687266827 4.0507482886314383 1.4940471984446038 8.1307909954339284 4.1586487591266623 103.75570659805089 3.0801060386002064
leaf_count=24 16 15 58 25 33 20 25 24 39 13 73 29 831 23
internal_value=1.98441e-06 -0.000424576 0.000114331 0.0240091 -0.000685205 -0.0110419 0.00309716 -0.0067527 -0.023695 -0.024135 -0.0307129 0.00157474 0.000458666 -0.0191886
internal_weight=152.814 150.994 148.502 4.80811 143.694 25.7391 12.3752 9.8656 6.81432 13.3639 11.8698 117.955 113.797 10.0408
internal_count=1248 1232 1208 40 1168 227 108 88 64 119 106 941 912 81
is_linear=0
shrinkage=0.05


Tree=183
num_leaves=15
num_cat=0
split_feature=33 75 33 78 97 78 99 33 51 126 13 11 14 101
split_gain=0.914078 1.81671 1.51521 1.21436 1.40152 1.47021 2.90782 2.96188 2.26385 2.46063 2.37311 2.13288 2.17982 2.36565
threshold=0.087704711652834375 0.0040025656339167659 0.073745033681167499 -0.092328339058423678 -0.084982950614542294 -0.032023009785667522 -0.040103181408242476 0.045422323662259671 -0.017640247138962669 0.016790711423687082 0.033647676161107622 -0.068363146333498964 -0.028822063382505193 -0.026593841092584138
decision_type=2 2 2 2 2 2 2 2 2 2 2 2 2 2
left_child=2 -2 3 -1 -5 6 -6 8 9 -8 -10 -7 -13 -14
right_child=1 -3 -4 4 5 11 7 -9 10 -11 -12 12 13 -15
leaf_value=0.030790774880429913 -0.014717263878058526 0.05001583566631268 -0.030086553759344072 -0.039956707775196387 -0.058473257263192351 -0.023481719953247326 0.024456152108115751 0.049863066062647093 -0.036661007310508503 -0.034115203291680829 0.0064636799911655914 0.017192857018627036 0.016792247311605318 -0.0043368468494465731
leaf_weight=3.1726507991552344 1.891320640221237 2.5387367382645607 4.2517532035708419 2.2140480857342473 2.7845132797956493 7.2162339426577082 6.9085589721798968 2.2691529095172873 9.6232277192175335 2.421718742698431 4.7720657102763662 25.850950442254543 17.06707475986331 59.19089472480119
leaf_count=21 18 22 37 23 22 59 55 15 83 21 36 211 138 487
internal_value=3.48737e-07 0.0223794 -0.000670685 0.00020093 -0.000490717 0.00014199 -0.00991289 -0.00471118 -0.00993075 0.00925367 -0.0223651 0.00278888 0.00464547 0.000391994
internal_weight=152.173 4.43006 147.743 143.491 140.318 138.104 28.7792 25.9947 23.7256 9.33028 14.3953 109.325 102.109 76.258
internal_count=1248 40 1208 1171 1150 1127 232 210 195 76 119 895 836 625
is_linear=0
shrinkage=0.05


Tree=184
num_leaves=15
num_cat=0
split_feature=92 28 36 6 36 6 79 14 47 77 116 130 73 98
split_gain=0.92119 0.995677 1.14008 2.60448 2.09325 1.76323 2.0317 1.94736 1.96424 1.82122 1.70843 2.0384 2.1998 2.09792
threshold=-0.095519485526608203 0.081480522211078307 -0.028225185719973331 0.04473553282330197 -0.024000708028469177 -0.034549763468740953 0.0075794109669412866 -0.024159057803003776 0.025671139934608418 0.015145677762764497 -0.050148475104871852 -1.2546337333109134 -0.010506813160283759 -0.0081678823497539702
decision_type=2 2 2 2 2 2 2 2 2 2 2 2 2 2
left_child=-1 2 3 5 -4 6 9 8 -7 -2 -6 12 -12 -13
right_child=1 -3 4 -5 10 7 -8 -9 -10 -11 11 13 -14 -15
leaf_value=0.040204406835692701 0.0017286165608243504 -0.019265967098686838 0.032278471923339637 0.023489651501447408 -0.020212264950699822 -0.019228914829511293 0.029692233149232201 -0.030489966496946509 0.042545635664379272 -0.053614944319788388 -0.011793960313529975 -0.0088862473546557526 0.042760309416709136 0.0074982879857851932
leaf_weight=1.4114067889749993 5.6589677706360799 6.6681626848876467 5.8474181778728953 5.9868268240243188 8.3057967871427518 3.3709966354072085 4.437634039670229 15.162600040435793 2.0813186131417751 2.0161116868257523 2.6419989205896854 32.309132868424051 6.147393102757631 49.422844126820571
leaf_count=10 47 58 45 52 72 30 37 126 16 17 21 266 44 407
internal_value=-1.11601e-06 -0.000379281 0.000499026 -0.00683198 0.00321044 -0.0123787 0.0027617 -0.0212747 0.00435236 -0.0128092 0.00149054 0.00348188 0.0263619 0.00102138
internal_weight=151.469 150.057 143.389 38.7145 104.675 32.7276 12.1127 20.6149 5.45232 7.67508 98.8272 90.5214 8.78939 81.732
internal_count=1248 1238 1180 325 855 273 101 172 46 64 810 738 65 673
is_linear=0
shrinkage=0.05


Tree=185
num_leaves=15
num_cat=0
split_feature=76 60 96 0 120 74 114 58 85 38 96 37 0 112
split_gain=0.898234 1.42032 1.15301 1.104 2.37559 1.98828 1.80778 1.37438 2.64468 2.22511 1.51486 1.97825 2.31957 2.4389
threshold=0.078866153388520169 0.023234364191110753 -0.091627689819100189 0.177688121562044 0.017831676642827705 -0.025640205417997816 -0.00010420073647307938 0.040962442618424112 -0.049586516151680908 -0.022974326041773234 -0.0092663958089838679 0.00016461530089064764 0.061620892215186795 -1.0000000180025095e-35
decision_type=2 2 2 2 2 2 2 2 2 2 2 2 2 2
left_child=2 -2 -1 7 5 -5 -7 10 -9 -10 11 12 -4 -14
right_child=1 -3 3 4 -6 6 -8 8 9 -11 -12 -13 13 -15
leaf_value=0.041025892533845219 0.043551044819539669 -0.016580511149007406 -0.022680508581710314 -0.03699610929787215 0.045937541359484933 -0.015901590512301046 0.038831065900921058 0.023524062849254998 0.0015950036119683304 -0.039660403687112496 -0.0052703218354682863 -0.005346863124729772 0.0057551980844562358 0.038239745309975412
leaf_weight=1.6399705670773972 2.8029462266713372 1.5116280056536195 3.4817021191120174 2.7022486738860598 3.8171528205275527 2.7151132114231578 3.3952303575351834 3.4994225874543217 5.0731225311756143 9.187222003936764 67.566452452912927 20.280593357980251 12.241692874580627 10.943155111744995
leaf_count=14 28 12 28 22 36 24 32 27 49 92 528 171 99 86
internal_value=-1.38174e-06 0.0224837 -0.000663396 -0.00113522 0.0129887 -0.00128304 0.0145108 -0.0024838 -0.0154257 -0.0249838 -0.000476663 0.00642238 0.0153732 0.0210878
internal_weight=150.858 4.31457 146.543 144.903 12.6297 8.81259 6.11034 132.273 17.7598 14.2603 114.514 46.9471 26.6666 23.1848
internal_count=1248 40 1208 1194 114 78 56 1080 168 141 912 384 213 185
is_linear=0
shrinkage=0.05


Tree=186
num_leaves=15
num_cat=0
split_feature=7 67 74 110 80 35 35 110 87 45 113 114 39 22
split_gain=0.897516 1.68923 2.01828 1.72965 1.89323 1.181 2.46665 2.61242 2.3213 2.50478 2.46118 2.07112 2.05155 2.63852
threshold=0.081881162777384831 -0.002292466685806043 -0.006839754251799955 -0.0064812877714512948 0.019508780256253203 -0.0094153061535408953 0.01493985739118796 0.01172459443183786 0.050515094791003558 0.027155930809457208 -0.0035316526391250074 -0.033066428333873056 -0.029322253235180184 0.030661505778593768
decision_type=2 2 2 2 2 2 2 2 2 2 2 2 2 2
left_child=5 2 -2 -3 -5 -1 8 12 9 -7 -11 -9 -8 -14
right_child=1 3 -4 4 -6 6 7 11 -10 10 -12 -13 13 -15
leaf_value=0.004441105359454597 0.05694102143107737 -0.038230630629091843 0.0026743889929725403 0.03737251160819547 -0.030399987053405478 -0.03046524927749622 0.02953109019827789 -0.055923707450396112 0.020215040237488414 0.036016860289287599 -0.023304903017888262 -0.0068774339212093324 0.013747920725289698 -0.021731711993762205
leaf_weight=54.794667745009065 3.4226862769573927 2.5256296265870333 3.4308715090155602 2.9189017750322801 1.5927718989551065 19.89961386658252 9.5339041501283628 2.5153380073606995 3.826769743114709 3.2656752951443195 3.7634156234562388 14.919449858367441 15.921364244073631 7.8108905851840964
leaf_count=452 26 27 27 25 16 178 73 25 26 22 31 124 131 65
internal_value=-2.38047e-07 0.012107 0.0297753 -0.00509996 0.0134465 -0.00123458 -0.00505253 0.0017241 -0.0162239 -0.0214022 0.00425565 -0.0139534 0.00994068 0.00207067
internal_weight=150.142 13.8909 6.85356 7.0373 4.51167 136.251 81.4564 50.7009 30.7555 26.9287 7.02909 17.4348 33.2662 23.7323
internal_count=1248 121 53 68 41 1127 675 418 257 231 53 149 269 196
is_linear=0
shrinkage=0.05


Tree=187
num_leaves=15
num_cat=0
split_feature=129 122 94 7 64 95 67 60 50 116 19 103 25 75
split_gain=0.884772 1.28975 1.40017 1.4511 1.27222 1.68925 2.14069 1.43074 1.11287 1.91222 2.66178 2.78518 2.68517 2.51419
threshold=1.0000000180025095e-35 0.04621014077357443 0.073322106567734621 0.03922859086862205 0.027735374736073997 -0.015525128715965902 0.0078737284395891793 0.015058686355088089 -0.017775374410099246 -0.0012252896431023607 -0.051480685114797697 0.0049351726533700341 -1.0000000180025095e-35 -0.019452421541048929
decision_type=2 2 2 2 2 2 2 2 2 2 2 2 2 2
left_child=8 2 3 4 5 -2 -7 -6 9 10 -1 12 -12 -13
right_child=1 -3 -4 -5 7 6 -8 -9 -10 -11 11 13 -14 -15
leaf_value=-0.051776435001716352 0.050601675422342923 0.055627408871007859 -0.042466735803351516 0.047653726899806299 0.0087379827503866261 0.029760993166583719 -0.024547321917701929 -0.049941585710899308 -0.0049065752950777988 0.014500075445912123 -0.01087430015402335 0.028324930565497976 0.038597936049706426 -0.035786656645034519
leaf_weight=2.7578551992774036 2.4136513024568602 1.4379371814429749 1.3542516008019436 2.2560323085635892 2.2244999520480624 3.5906304623931691 3.6682632565498352 1.9488451015204189 83.899134751409292 24.139954678714275 4.8482887931168106 1.9950471594929693 6.3156226612627497 6.5490048341453058
leaf_count=22 29 19 12 43 23 44 36 15 668 189 38 14 44 52
internal_value=-1.2195e-06 0.0101114 0.00636201 0.0104688 0.00440988 0.0143653 0.00231643 -0.0186639 -0.00146529 0.00472967 -0.00576881 0.000669315 0.017113 -0.0208165
internal_weight=149.399 18.8941 17.4562 16.1019 13.8459 9.67255 7.25889 4.17335 130.505 46.6058 22.4658 19.708 11.1639 8.54405
internal_count=1248 221 202 190 147 109 80 38 1027 359 170 148 82 66
is_linear=0
shrinkage=0.05


Tree=188
num_leaves=15
num_cat=0
split_feature=116 97 107 2 107 65 26 101 76 37 124 27 29 55
split_gain=0.867334 1.07224 1.04501 1.71436 1.27989 2.14401 2.42963 2.30015 2.37166 2.65572 2.04957 2.76264 2.58926 2.28349
threshold=0.086317864830978308 -0.084982950614542294 -0.079609134205129023 0.023257965711835034 -0.013061013700577492 0.0056185747755639736 -0.054260694649769216 -0.0066885916867267317 0.0094002711023778735 -0.0053668256369613044 -0.020643122082418839 0.031879475825992716 0.01319930693151798 -0.018476749165844599
decision_type=2 2 2 2 2 2 2 2 2 2 2 2 2 2
left_child=1 -1 3 -3 5 6 -4 -7 -9 -10 -8 12 13 -12
right_child=-2 2 4 -5 -6 7 10 8 9 -11 11 -13 -14 -15
leaf_value=-0.034865657373380723 0.035074571903207459 -0.052660164710740011 -0.027066245994401768 0.012286759290140434 -0.0026918894253329718 0.012275226049522659 0.042084088799065396 -0.041203283147337635 0.033187194233949564 -0.037898157434945179 0.028288463245580476 0.047094848586129917 0.03008594303236661 -0.033711086763879801
leaf_weight=2.2245121244341126 1.7418900709599245 2.3549853637814513 2.8446493111550835 1.787144813686609 90.7458720728755 10.916154857724907 8.2320558521896654 6.0835751555860025 3.2252612002193928 2.2170915752649307 1.9980640262365392 4.0804694779217234 4.4311143886297941 5.7849754225462604
leaf_count=24 16 18 23 16 762 90 64 55 25 18 17 29 40 51
internal_value=-1.0498e-07 -0.000415935 0.000113665 -0.0246385 0.000843083 0.0072828 0.0166756 -0.00417302 -0.0197511 0.00422863 0.0217488 0.0114754 -0.000424212 -0.0177945
internal_weight=148.668 146.926 144.701 4.14213 140.559 49.8134 27.3713 22.4421 11.5259 5.44235 24.5267 16.2946 12.2142 7.78304
internal_count=1248 1232 1208 34 1174 412 224 188 98 43 201 137 108 68
is_linear=0
shrinkage=0.05


Tree=189
num_leaves=15
num_cat=0
split_feature=83 36 47 105 43 93 113 85 22 46 109 45 109 54
split_gain=0.870502 1.74752 2.22417 2.02409 1.72267 1.67045 1.87783 1.85059 2.00828 1.83661 1.64288 1.74771 2.32677 1.64072
threshold=0.022904228253269109 -0.031988468702498059 -0.016413312637905773 -0.011142151125709125 0.0014424851478522678 -0.015833304318406297 0.02831237926036809 -0.033789419027964736 0.003228807912518832 0.011824969910901172 -0.020254437256097279 0.016803370120962217 0.013180689598263687 -0.04484359088018109
decision_type=2 2 2 2 2 2 2 2 2 2 2 2 2 2
left_child=1 2 -1 4 -4 7 13 -2 -9 -8 -5 12 -12 -7
right_child=5 -3 3 10 -6 6 9 8 -10 -11 11 -13 -14 -15
leaf_value=-0.037888990927439477 -0.046811446108135556 0.0010909550415162601 -0.007782315784029787 -0.05256688407692639 0.045628127534256435 0.050590221323842083 -0.044313521027092899 0.0218262627340534 -0.018777545915551929 0.020420724256837431 0.036422435574375772 -0.044273852665938009 -0.023736448289016946 0.013729275791787522
leaf_weight=7.0192311927676228 2.4620107486844054 83.009286323562264 3.0293951109051767 2.5252089686691788 3.0094633512198925 3.6294279806315926 2.4841465167701235 5.8558555580675584 6.3449596241116524 1.9603558331727979 3.2413475811481387 2.290317140519619 3.1882448680698872 17.945020690560344
leaf_count=67 18 696 27 25 24 27 23 48 57 18 25 23 25 145
internal_value=-4.08045e-07 -0.00236147 -0.0141535 -0.00451418 0.0188348 0.00622772 0.0138336 -0.00726883 0.000710499 -0.0157609 -0.017053 -0.00676853 0.00659142 0.0199303
internal_weight=147.994 107.312 24.3032 17.284 6.03886 40.6818 26.019 14.6628 12.2008 4.4445 11.2451 8.71991 6.42959 21.5744
internal_count=1248 912 216 149 51 336 213 123 105 41 98 73 50 172
is_linear=0
shrinkage=0.05


Tree=190
num_leaves=15
num_cat=0
split_feature=44 19 104 44 127 91 71 32 17 96 43 114 84 56
split_gain=0.877974 1.23644 1.13677 1.09141 2.14388 2.505 2.04837 1.41206 1.92782 1.54857 1.45899 3.05787 2.2814 2.08939
threshold=-0.074558190713076247 -0.026552286252802242 0.012054571872887918 -0.039921580526651845 -0.0055015194255430954 0.010191692823179171 0.0092022486027165656 0.066469416100653225 -0.042102181608741067 0.066442099329477339 -0.011099480992162068 0.058762498143806539 -0.021386382364687609 0.014516079174827459
decision_type=2 2 2 2 2 2 2 2 2 2 2 2 2 2
left_child=1 -1 -3 4 5 6 -2 9 -9 10 11 12 13 -5
right_child=3 2 -4 7 -6 -7 -8 8 -10 -11 -12 -13 -14 -15
leaf_value=-0.012332899944576828 -0.051867958295017835 0.05712111480479716 0.0099467548387576418 -0.0067412901768317164 -0.028372134956292407 0.040267118056003602 0.018078576922674654 0.016004171355572559 -0.030911079474050182 -0.026423319094882543 0.008034313642264538 0.04465576677262531 -0.016096342900105042 0.037716040022228968
leaf_weight=2.5211789663881063 2.1735849566757706 2.2485258243978015 2.9557026289403439 6.5869502760469896 9.6054205521941167 3.2567586116492748 2.0188721865415573 3.1264550946652889 7.3078012112528068 4.4809578824788323 67.839948382228613 2.9840242452919474 25.812450914643705 4.4137499257922173
leaf_count=21 21 19 25 61 87 26 16 26 72 40 550 24 227 33
internal_value=-1.76595e-06 0.0164062 0.0303288 -0.00090973 -0.0127606 0.0073698 -0.0181853 0.000739459 -0.0168537 0.00237676 0.00357572 -0.0040246 -0.00797056 0.0110961
internal_weight=147.332 7.72541 5.20423 139.607 17.0546 7.44922 4.19246 122.552 10.4343 112.118 107.637 39.7972 36.8132 11.0007
internal_count=1248 65 44 1183 150 63 37 1033 98 935 895 345 321 94
is_linear=0
shrinkage=0.05


Tree=191
num_leaves=15
num_cat=0
split_feature=87 123 22 90 62 40 62 2 15 79 53 103 95 22
split_gain=0.857423 1.06172 1.05821 0.957201 2.5435 1.20095 1.17419 2.34537 2.24661 1.78339 1.93616 2.28903 1.96084 1.94354
threshold=-0.087453032147601764 0.076660784782377686 0.011551069699393629 -0.06760988194085589 0.016603895944400645 -0.023444785129325209 0.014937228991777763 0.035017596137401248 -0.045571818180846248 0.032181476217390918 0.0086468119334122077 0.0078607258370394558 0.036652836508721816 -0.03081542656669323
decision_type=2 2 2 2 2 2 2 2 2 2 2 2 2 2
left_child=2 3 -1 4 5 -2 9 8 -8 -5 12 -12 13 -11
right_child=1 -3 -4 6 -6 -7 7 -9 -10 10 11 -13 -14 -15
leaf_value=-0.0022080517088837338 0.0046433831493868346 -0.032800385903146566 0.058179318726722731 -0.0079871200582317548 -0.026995287627012032 0.057147634336201125 -0.037737663815076372 0.024149186882327544 0.0030717100133684939 0.032463747454436157 0.048766999212339769 -0.013132760808824806 0.047784099738275757 -0.028589039869856295
leaf_weight=1.5056474432349198 1.6864241547882555 2.506753370165824 1.4000687673687933 68.744120312854648 2.1475701499730349 3.075003031641244 3.7504174597561351 12.292628418654202 33.464729718863964 1.6727229896932847 4.9429866485297671 2.1401836350560188 1.4812829010188577 5.9060928355902442
leaf_count=15 14 27 15 576 18 24 38 100 276 16 40 23 14 52
internal_value=-1.85248e-06 -0.000545176 0.0268886 2.70352e-05 0.0181771 0.0385514 -0.000906025 0.0052137 -0.00104092 -0.00447516 0.0104801 0.030064 -0.00483051 -0.0151141
internal_weight=146.717 143.811 2.90572 141.304 6.909 4.76143 134.395 49.5078 37.2151 84.8874 16.1433 7.08317 9.0601 7.57882
internal_count=1248 1218 30 1191 56 38 1135 414 314 721 145 63 82 68
is_linear=0
shrinkage=0.05


Tree=192
num_leaves=15
num_cat=0
split_feature=129 32 97 114 5 4 111 13 111 49 19 5 84 49
split_gain=0.868464 1.22529 1.30953 2.03036 1.28021 1.78077 1.52584 1.29561 1.08561 1.08086 2.28805 2.03104 2.35775 2.40771
threshold=1.0000000180025095e-35 0.039947738448939486 -0.013537208915767951 -0.0342365456097194 0.049593725990085817 0.01191180580786663 0.0061732415905519115 -0.0056464101527182401 -0.087315818698868286 -0.0051863394259069511 0.040377053368563641 0.0024681211655630119 0.018128273700732812 0.043713627464620951
decision_type=2 2 2 2 2 2 2 2 2 2 2 2 2 2
left_child=8 2 3 -2 5 7 -7 -4 -1 -10 11 12 13 -11
right_child=1 -3 4 -5 -6 6 -8 -9 9 10 -12 -13 -14 -15
leaf_value=-0.046779318580299233 -0.027152816843656499 0.042802864310448246 -0.001999353748358388 0.043131704451230976 -0.038507627830174272 0.012210814273929387 -0.047837336284411724 0.05545295701316999 0.0041933742903909116 -0.035703641340829678 0.016053716037681059 8.9490775770117699e-05 0.006234659082548318 0.0035457574706270673
leaf_weight=1.3078847117722023 1.3825426064431665 2.487841570749878 1.8689179122447961 4.0014945929870018 2.2683164216578016 2.0649183746427298 2.1693110726773739 2.0661439765244713 56.006810791790485 16.802795633673675 10.807770289480684 30.42624144628644 7.3008538205176583 5.0912344418466082
leaf_count=16 12 41 20 57 21 23 17 30 447 143 87 229 61 44
internal_value=1.43711e-07 0.0101842 0.00505518 0.0250837 -0.00527612 0.00395107 -0.0185535 0.0281666 -0.00145954 -0.000990742 -0.00511328 -0.00895031 -0.0183714 -0.0265766
internal_weight=146.053 18.3095 15.8216 5.38404 10.4376 8.16929 4.23423 3.93506 127.744 126.436 70.4289 59.6211 29.1949 21.894
internal_count=1248 221 180 69 111 90 40 50 1027 1011 564 477 248 187
is_linear=0
shrinkage=0.05


Tree=193
num_leaves=15
num_cat=0
split_feature=4 123 48 103 124 13 74 86 77 107 96 69 45 83
split_gain=0.828633 1.63259 1.31255 1.28996 1.15091 1.89762 1.7945 1.83282 1.7559 1.85453 2.31932 1.74267 1.6993 1.8271
threshold=-0.095744557802525929 -0.036698964107637767 -0.00085940767846891437 -0.0047993149958686599 0.017486045489885079 0.061555993571195788 -0.053373863678521642 -0.082017414629444382 0.068383192871597928 0.0040991406263494188 -0.041734221140690662 0.037664486513922742 -0.03343105939166973 -0.0076263682313804761
decision_type=2 2 2 2 2 2 2 2 2 2 2 2 2 2
left_child=1 -1 -3 -4 6 8 -2 -8 9 10 -6 -11 -12 -14
right_child=4 2 3 -5 5 -7 7 -9 -10 11 12 -13 13 -15
leaf_value=-0.02521981257880436 0.024568032491344548 0.041095267803147248 -0.033877856944688547 0.0298605193272172 0.037247020893813237 0.022263101067810764 -0.053818189751094495 0.00087574145123572281 0.033301916277400388 -0.034158696492059763 0.023383099799785898 0.0076263788914386456 -0.043009590206390731 -0.0027050488960483304
leaf_weight=2.1060993708670139 8.0517635568976385 4.7084191646426916 1.51464294269681 1.667965579777954 2.9479751139879236 4.5717225912958375 1.5597527548670758 85.238849938847125 2.0241978652775279 13.639095969498159 2.8105651810765258 3.0539671145379534 4.9241925068199617 6.5549033544957656
leaf_count=17 67 42 14 17 23 38 13 730 16 122 25 25 45 54
internal_value=-1.13973e-07 0.0138912 0.0243298 -0.000473366 -0.00102594 -0.00807885 0.00198755 -0.000107097 -0.0119369 -0.0146357 -0.00313244 -0.0265142 -0.0114628 -0.0199945
internal_weight=145.374 9.99713 7.89103 3.18261 135.377 40.5266 94.8504 86.7986 35.9549 33.9307 17.2376 16.6931 14.2897 11.4791
internal_count=1248 90 73 31 1158 348 810 743 310 294 147 147 124 99
is_linear=0
shrinkage=0.05


Tree=194
num_leaves=15
num_cat=0
split_feature=84 89 89 18 71 64 64 82 51 0 85 43 46 120
split_gain=0.826616 0.983472 1.45243 2.74181 1.79399 1.65072 2.10012 1.53175 1.8611 1.90569 1.4952 1.4361 1.45559 2.28441
threshold=-0.092173533413138456 -0.075288369508717687 -0.040030542740562357 0.025451595819203383 -0.0084539901914369876 0.027206692358758177 -0.016690615552595826 -0.062939475815388404 -0.012099442184738993 0.12817470155237254 -0.014068329578383304 -0.073850835217964719 -0.03566069417530577 -0.048052864951499449
decision_type=2 2 2 2 2 2 2 2 2 2 2 2 2 2
left_child=-1 -2 3 5 -5 6 10 8 9 -4 -3 -9 13 -13
right_child=1 2 7 4 -6 -7 -8 11 -10 -11 -12 12 -14 -15
leaf_value=0.040314680595115115 -0.026354459974328281 0.042143559035130736 -0.035268390209906929 -0.046998483830789861 0.0096725184366213066 -0.0092175326697799317 0.051988084025113804 0.026424541779570751 -0.046790161807472697 0.036717721157649846 -0.019745518453433211 0.05186664492403037 -0.0041754445235379582 0.0038033223895779472
leaf_weight=1.2603585757315148 3.5474112331867209 1.6736960560083387 1.7573195509612562 2.5555292963981628 3.0790817476809016 2.7093958295881739 6.5475894678384083 4.8333783373236647 4.0231843516230574 1.9281144626438615 2.3408223930746317 2.8924896754324463 88.597429243847728 17.014753039926291
leaf_count=10 28 14 14 26 29 23 55 46 34 18 22 22 757 150
internal_value=-1.17479e-06 -0.000355268 0.000303739 0.0131922 -0.0160301 0.025599 0.0345302 -0.0017093 -0.0232762 0.0023927 0.00605671 -0.000242439 -0.00143033 0.0107868
internal_weight=144.761 143.5 139.953 18.9061 5.63461 13.2715 10.5621 121.047 7.70862 3.68543 4.01452 113.338 108.505 19.9072
internal_count=1248 1238 1210 169 55 114 91 1041 66 32 36 975 929 172
is_linear=0
shrinkage=0.05


Tree=195
num_leaves=15
num_cat=0
split_feature=117 104 106 117 83 0 84 72 39 37 89 65 46 92
split_gain=0.83575 1.84676 2.02927 1.73685 2.93964 1.36216 2.0688 1.80592 1.85226 2.00318 1.64076 2.11368 1.92049 2.05035
threshold=0.063293625324834679 0.031744921460506448 0.0071896504435173267 0.044551554057221422 0.026134525423438758 0.15820797443705117 0.0027982904632843134 -0.0077370371094471679 0.034271266788367026 0.013160034132830187 -0.040030542740562357 -0.074852326107476205 -0.03566069417530577 0.0094373495658442077
decision_type=2 2 2 2 2 2 2 2 2 2 2 2 2 2
left_child=3 2 -2 5 -5 10 7 -7 9 -9 -1 -12 -13 -14
right_child=1 -3 -4 4 -6 6 -8 8 -10 -11 11 12 13 -15
leaf_value=0.012661625334149822 0.024564033967165284 0.053048752224883401 -0.037070101408941555 -0.038982800513258344 0.023634944898590932 0.022393484349738237 0.029499142251451005 -0.023200187788741989 -0.056832684206605755 0.045314590174766349 -0.04430779508674506 0.012379992846723403 -0.00023525105294964078 -0.018256807049630574
leaf_weight=16.743541643023491 3.371612047776579 2.3421708717942238 2.2114036716520786 6.7852717656642181 2.5896328799426556 4.5918590798974037 9.5103581165894848 3.2820703852921742 2.1311444565653801 1.5805804152041671 3.1985391825437537 16.568115245550871 44.893675064668059 24.339536668732762
leaf_count=145 32 16 20 65 20 48 97 29 18 17 30 138 369 204
internal_value=-3.70537e-08 0.0157842 0.000151071 -0.000918391 -0.0216859 0.000616567 0.0122172 -0.00196901 -0.0179645 -0.000929801 -0.00169779 -0.00439923 -0.0029115 -0.00657089
internal_weight=144.14 7.92519 5.58302 136.214 9.3749 126.839 21.096 11.5857 6.9938 4.86265 105.743 88.9999 85.8013 69.2332
internal_count=1248 68 52 1180 85 1095 209 112 64 46 886 741 711 573
is_linear=0
shrinkage=0.05


Tree=196
num_leaves=15
num_cat=0
split_feature=126 37 51 111 11 0 124 81 39 69 41 35 110 107
split_gain=0.836998 1.95838 1.84946 2.27092 2.09383 1.93295 2.57678 1.88221 1.84949 1.78313 1.91763 1.71401 2.13002 2.89425
threshold=-0.016872831544136022 0.02458708597820471 -0.0033794419123850494 -0.0011132929545898185 -0.0034022830321259411 0.13646432577852849 0.017486045489885079 -0.024243876196642318 -0.0011007486752645417 0.068712297888441062 -0.043348843460033641 -0.0025823302996031135 0.023140849814394151 -0.0080535009595387192
decision_type=2 2 2 2 2 2 2 2 2 2 2 2 2 2
left_child=1 2 -1 4 7 6 8 -4 -5 10 -2 -12 -13 -14
right_child=9 -3 3 5 -6 -7 -8 -9 -10 -11 11 12 13 -15
leaf_value=0.023935712443556609 -0.022744543698858324 -0.012201363318627943 -0.032495300075754241 -0.013857421186031976 -0.040246683850272302 0.055597653884183973 -0.035733670309741304 0.028625800305717472 0.041931787579230238 0.028994578854571143 0.0064105944851756864 -0.0019178528547047281 0.0055898465494226123 -0.049765096705623624
leaf_weight=15.76421403326094 12.151848128996788 12.151670798659323 2.0290061198174953 2.2689579054713205 4.7172585465013963 2.481552828103303 2.6502605117857456 3.3215589467436075 4.3026590682566228 4.2159249242395154 36.915429940447211 30.440744312480092 3.8310879655182362 6.1552882269024831
leaf_count=129 110 115 17 19 41 21 23 29 31 40 313 270 35 55
internal_value=-1.30057e-06 0.00524476 0.0108927 0.00144853 -0.0159622 0.0164261 0.00588522 0.00544786 0.0226697 -0.00278287 -0.00427985 -0.00137873 -0.00849143 -0.0285292
internal_weight=143.397 49.6871 37.5355 21.7713 10.0678 11.7034 9.22188 5.35057 6.57162 93.7103 89.4944 77.3426 40.4271 9.98638
internal_count=1248 425 310 181 87 94 73 46 50 823 783 673 360 90
is_linear=0
shrinkage=0.05


Tree=197
num_leaves=15
num_cat=0
split_feature=81 61 81 121 67 29 25 37 52 12 109 36 121 58
split_gain=0.815566 2.09512 1.00587 2.16562 1.53526 1.14373 1.61081 2.23043 2.15085 1.49354 1.35706 3.11147 1.53016 2.986
threshold=-0.082297719516186599 0.015377026357147086 -0.060628098263543345 -0.025770266755725236 -0.021910070009210993 -0.075995530901753414 -0.067699578101676552 -0.028464774362854963 -0.012352015047130243 0.029504297315799517 -0.031595957346226541 0.024056343771283666 -0.01654606106690951 0.040962442618424112
decision_type=2 2 2 2 2 2 2 2 2 2 2 2 2 2
left_child=1 -1 3 -2 -5 9 7 8 -7 -4 11 -8 -12 -14
right_child=2 -3 5 4 -6 6 10 -9 -10 -11 12 -13 13 -15
leaf_value=-0.013371732906286547 0.030657580755392311 0.063945959321931478 0.005238524769193207 0.0050739484290834753 -0.051007281708663477 0.047965895164141549 -0.022147442459204036 -0.038547500667520426 -0.028632107761040484 0.061536609930413891 -0.005610806471167731 0.022232569051753664 0.01198788221636491 -0.020197660518881114
leaf_weight=1.8223996199667447 1.7163348626345394 1.6874895580112932 3.7944741845130912 1.7768999636173246 3.89624935761094 1.8870483562350275 15.18206460028887 6.1146921003237349 1.7818300761282442 1.7085083797574041 30.839945573359728 5.3379995394498101 56.864141536876559 8.2519688419997674
leaf_count=18 14 12 38 15 31 15 141 64 17 14 268 46 474 81
internal_value=-2.47228e-06 0.0238012 -0.000602881 -0.0185537 -0.033442 0.000403835 -0.000568693 -0.020055 0.0107653 0.0227174 0.00106809 -0.0106026 0.00356385 0.00790911
internal_weight=142.662 3.50989 139.152 7.38948 5.67315 131.763 126.26 9.78357 3.66888 5.50298 116.476 20.5201 95.9561 65.1161
internal_count=1248 30 1218 60 46 1158 1106 96 32 52 1010 187 823 555
is_linear=0
shrinkage=0.05


Tree=198
num_leaves=15
num_cat=0
split_feature=129 122 97 4 0 10 82 35 91 9 109 88 119 71
split_gain=0.825407 1.1487 1.21548 1.68973 1.79583 1.295 1.25663 1.17844 1.06015 2.5939 1.84178 2.34829 2.25891 1.70863
threshold=1.0000000180025095e-35 0.04621014077357443 0.014228967369637717 0.067694500590581894 0.10156188691708513 -0.031679333612458956 0.013166233034428711 -0.0082921232105267369 0.038264489238361156 -0.023610373556298674 -0.010285971264410006 -0.00096866487036034851 0.0016423152683231752 0.012170855041948271
decision_type=2 2 2 2 2 2 2 2 2 2 2 2 2 2
left_child=8 2 3 4 7 -4 -7 -2 -1 -10 13 12 -12 -11
right_child=1 -3 5 -5 -6 6 -8 -9 9 10 11 -13 -14 -15
leaf_value=0.00047124547735972018 0.03141690115290495 0.055090382180775423 0.032461742857364938 -0.037496360468414626 0.040314299659909292 -0.046020723465042358 0.0085899629731752015 -0.029271573048841461 -0.048429239824204745 -0.04728562662959742 -0.049615715191563721 0.037802987437945697 0.019860580804346318 0.012586359738574849
leaf_weight=106.21658154018223 1.3183654658496382 1.3143628574907769 1.2675246410071848 1.2742145340889681 5.9780078716576099 2.7163895200937977 1.7206516880542038 2.0339912921190315 3.9523834232240942 3.3891128040850171 2.2427424974739552 4.2951481696218217 2.4458325877785683 1.8378141857683656
leaf_count=864 15 19 19 12 94 22 21 19 44 32 20 33 18 16
internal_value=-2.71401e-06 0.0101243 0.00650051 0.0165119 0.0238876 -0.0121103 -0.0248431 -0.0054049 -0.00143763 -0.0126007 -0.00263571 0.0110945 -0.0133729 -0.0262343
internal_weight=142.003 17.6235 16.3091 10.6046 9.33036 5.70457 4.43704 3.35236 124.38 18.163 14.2107 8.98372 4.68858 5.22693
internal_count=1248 221 202 140 128 62 43 34 1027 163 119 71 38 48
is_linear=0
shrinkage=0.05


Tree=199
num_leaves=15
num_cat=0
split_feature=41 3 125 115 7 101 121 59 62 104 104 37 52 11
split_gain=0.788125 1.68959 1.7789 1.06303 1.94941 2.43109 1.40222 1.36863 1.16124 1.2154 2.25826 2.34207 1.69339 1.72621
threshold=0.070983140019988997 0.0027372846661526478 0.0029815153624669672 0.048080756278563966 -0.0061718437077979546 0.01621843727348803 0.022430994577003083 -0.10103948205481741 -0.10243792623975556 -0.016563091709840588 -0.024445371229880015 0.02316290503938577 0.040094153591831279 -0.030492431613337465
decision_type=2 2 2 2 2 2 2 2 2 2 2 2 2 2
left_child=3 2 -2 7 -5 6 -6 -1 -9 10 -10 -12 -11 -14
right_child=1 -3 -4 4 5 -7 -8 8 9 12 11 -13 13 -15
leaf_value=0.049851846524753517 -0.032947792038896653 -0.04656209407879526 0.031426802248266592 0.033621163149380136 -0.0053966396458604501 -0.04588693563240321 0.052359917542553175 0.048032474617556539 -0.0013690575728028456 -0.0022108859819589934 0.04380246288669562 -0.007896387721835393 0.0053018490634685481 -0.03600437389976259
leaf_weight=1.3284289836883534 1.9078131467103947 2.7900561802089214 2.4529542755335569 6.5811599269509315 2.6851763166487199 2.3346473649144173 1.7266256734728811 1.1867899447679509 29.821186808869243 67.066688559949398 6.4751818366348726 3.3107664976269007 3.7101662829518318 7.9469821993261558
leaf_count=11 25 25 21 57 29 20 15 10 271 575 51 29 31 78
internal_value=-3.34889e-06 -0.0161772 0.00326325 0.000858642 0.01426 -0.00462684 0.0172073 -0.000619334 -0.00118032 -0.00167389 0.0054702 0.0263118 -0.00526819 -0.0228577
internal_weight=141.325 7.15082 4.36077 134.174 13.3276 6.74645 4.4118 120.846 119.518 118.331 39.6071 9.78595 78.7238 11.6571
internal_count=1248 71 46 1177 121 64 44 1056 1045 1035 351 80 684 109
is_linear=0
shrinkage=0.05


end of trees

feature_importances:
Column_0=64
Column_129=62
Column_123=46
Column_76=40
Column_83=39
Column_4=38
Column_96=37
Column_114=36
Column_91=35
Column_74=34
Column_36=33
Column_77=33
Column_87=33
Column_98=33
Column_105=33
Column_25=32
Column_37=32
Column_50=32
Column_58=32
Column_63=32
Column_109=32
Column_113=31
Column_35=30
Column_31=29
Column_41=29
Column_79=29
Column_22=28
Column_45=28
Column_117=28
Column_119=28
Column_126=27
Column_128=27
Column_32=26
Column_46=26
Column_47=26
Column_67=26
Column_17=25
Column_44=25
Column_7=24
Column_19=24
Column_97=24
Column_106=24
Column_111=24
Column_3=23
Column_9=23
Column_10=23
Column_33=23
Column_60=23
Column_66=23
Column_94=23
Column_104=23
Column_108=23
Column_118=23
Column_13=22
Column_54=22
Column_99=22
Column_27=21
Column_28=21
Column_52=21
Column_100=21
Column_110=21
Column_11=20
Column_48=20
Column_59=20
Column_61=20
Column_65=20
Column_78=20
Column_86=20
Column_88=20
Column_112=20
Column_115=20
Column_14=19
Column_26=19
Column_29=19
Column_40=19
Column_64=19
Column_89=19
Column_102=19
Column_39=18
Column_42=18
Column_103=18
Column_121=18
Column_43=17
Column_69=17
Column_70=17
Column_116=17
Column_2=16
Column_8=16
Column_18=16
Column_20=16
Column_56=16
Column_62=16
Column_68=16
Column_82=16
Column_85=16
Column_107=16
Column_127=16
Column_12=15
Column_80=15
Column_125=15
Column_53=14
Column_71=14
Column_84=14
Column_101=14
Column_122=14
Column_15=13
Column_57=13
Column_72=13
Column_75=13
Column_16=12
Column_24=12
Column_55=12
Column_124=12
Column_6=11
Column_23=11
Column_30=11
Column_34=11
Column_49=11
Column_81=11
Column_95=11
Column_51=10
Column_73=10
Column_92=10
Column_1=9
Column_93=9
Column_5=8
Column_38=7
Column_90=7
Column_120=5
Column_130=4
Column_21=3

parameters:
[boosting: gbdt]
[objective: binary]
[metric: auc]
[tree_learner: serial]
[device_type: cpu]
[data_sample_strategy: bagging]
[data: ]
[valid: ]
[num_iterations: 200]
[learning_rate: 0.05]
[num_leaves: 15]
[num_threads: 0]
[seed: 42]
[deterministic: 0]
[force_col_wise: 0]
[force_row_wise: 0]
[histogram_pool_size: -1]
[max_depth: -1]
[min_data_in_leaf: 15]
[min_sum_hessian_in_leaf: 0.001]
[bagging_fraction: 1]
[pos_bagging_fraction: 1]
[neg_bagging_fraction: 1]
[bagging_freq: 0]
[bagging_seed: 400]
[bagging_by_query: 0]
[feature_fraction: 0.8]
[feature_fraction_bynode: 1]
[feature_fraction_seed: 30056]
[extra_trees: 0]
[extra_seed: 12879]
[early_stopping_round: 0]
[early_stopping_min_delta: 0]
[first_metric_only: 0]
[max_delta_step: 0]
[lambda_l1: 0]
[lambda_l2: 0]
[linear_lambda: 0]
[min_gain_to_split: 0]
[drop_rate: 0.1]
[max_drop: 50]
[skip_drop: 0.5]
[xgboost_dart_mode: 0]
[uniform_drop: 0]
[drop_seed: 17869]
[top_rate: 0.2]
[other_rate: 0.1]
[min_data_per_group: 100]
[max_cat_threshold: 32]
[cat_l2: 10]
[cat_smooth: 10]
[max_cat_to_onehot: 4]
[top_k: 20]
[monotone_constraints: ]
[monotone_constraints_method: basic]
[monotone_penalty: 0]
[feature_contri: ]
[forcedsplits_filename: ]
[refit_decay_rate: 0.9]
[cegb_tradeoff: 1]
[cegb_penalty_split: 0]
[cegb_penalty_feature_lazy: ]
[cegb_penalty_feature_coupled: ]
[path_smooth: 0]
[interaction_constraints: ]
[verbosity: -1]
[saved_feature_importance_type: 0]
[use_quantized_grad: 0]
[num_grad_quant_bins: 4]
[quant_train_renew_leaf: 0]
[stochastic_rounding: 1]
[linear_tree: 0]
[max_bin: 255]
[max_bin_by_feature: ]
[min_data_in_bin: 3]
[bin_construct_sample_cnt: 200000]
[data_random_seed: 175]
[is_enable_sparse: 1]
[enable_bundle: 1]
[use_missing: 1]
[zero_as_missing: 0]
[feature_pre_filter: 1]
[pre_partition: 0]
[two_round: 0]
[header: 0]
[label_column: ]
[weight_column: ]
[group_column: ]
[ignore_column: ]
[categorical_feature: ]
[forcedbins_filename: ]
[precise_float_parser: 0]
[parser_config_file: ]
[objective_seed: 16083]
[num_class: 1]
[is_unbalance: 0]
[scale_pos_weight: 1]
[sigmoid: 1]
[boost_from_average: 1]
[reg_sqrt: 0]
[alpha: 0.9]
[fair_c: 1]
[poisson_max_delta_step: 0.7]
[tweedie_variance_power: 1.5]
[lambdarank_truncation_level: 30]
[lambdarank_norm: 1]
[label_gain: ]
[lambdarank_position_bias_regularization: 0]
[eval_at: ]
[multi_error_top_k: 1]
[auc_mu_weights: ]
[num_machines: 1]
[local_listen_port: 12400]
[time_out: 120]
[machine_list_filename: ]
[machines: ]
[gpu_platform_id: -1]
[gpu_device_id: -1]
[gpu_device_id_list: ]
[gpu_use_dp: 0]
[num_gpu: 1]

end of parameters

pandas_categorical:null
